facility_id,ghgrp_id,facility_name,npri_id,province,naics_code,naics_description
1,G10001,Division Alma,983,Quebec,322111,Mechanical Pulp Mills
2,G10003,"Foothills Pipeline, Alberta",,Alberta,486210,Pipeline Transportation of Natural Gas
3,G10004,Kingston CoGen,5765,Ontario,221112,Fossil-Fuel Electric Power Generation
4,G10006,Redwater Fertilizer Operations,2134,Alberta,325313,Chemical Fertilizer (except Potash) Manufacturing
5,G10007,Alberta Envirofuels,3974,Alberta,325110,Petrochemical Manufacturing
6,G10008,Alliance Pipeline Ltd. - AB Pipeline System,,Alberta,486210,Pipeline Transportation of Natural Gas
7,G10009,Alberta-Pacific Forest Industries Inc.,1,Alberta,322112,Chemical Pulp Mills
8,G10010,Rio Tinto Alcan Inc.,2788,British Columbia,331313,Primary Production of Alumina and Aluminum
9,G10011,Algoma Steel Inc,1070,Ontario,331110,Iron and Steel Mills and Ferro-Alloy Manufacturing
10,G10012,Aluminerie Alouette inc.,4778,Quebec,331313,Primary Production of Alumina and Aluminum
11,G10013,Aluminerie de Baie-Comeau,2038,Quebec,331313,Primary Production of Alumina and Aluminum
12,G10014,Aluminerie de Bécancour inc.,1071,Quebec,331313,Primary Production of Alumina and Aluminum
13,G10015,ATCO Pipelines - Transmission System,,Alberta,486210,Pipeline Transportation of Natural Gas
14,G10016,Atikokan Generating Station,3238,Ontario,221119,Other Electric Power Generation
15,G10018,Battle River Generating Station,1033,Alberta,221112,Fossil-Fuel Electric Power Generation
16,G10020,Bayside Power,5084,New Brunswick,221112,Fossil-Fuel Electric Power Generation
17,G10021,Usine de Bedford,5591,Quebec,327410,Lime Manufacturing
18,G10022,Belledune Generating Station,1698,New Brunswick,221112,Fossil-Fuel Electric Power Generation
19,G10024,Boundary Dam Power Station,2081,Saskatchewan,221112,Fossil-Fuel Electric Power Generation
20,G10025,Thunder Bay Operations,930,Ontario,322112,Chemical Pulp Mills
21,G10026,Brady Road Resource Management Facility,6896,Manitoba,562210,Waste Treatment and Disposal
22,G10027,Brampton Assembly Plant,4173,Ontario,336110,Automobile and Light-Duty Motor Vehicle Manufacturing
23,G10028,Brandon Generating Station,821,Manitoba,221112,Fossil-Fuel Electric Power Generation
24,G10029,Brazeau Gas Plant,3749,Alberta,211110,Oil and gas extraction (except oil sands)
25,G10030,Brazeau River Gas Plant,1362,Alberta,211110,Oil and gas extraction (except oil sands)
26,G10031,Brighton Beach Power,11009,Ontario,221112,Fossil-Fuel Electric Power Generation
27,G10032,Brock West Landfill,,Ontario,562210,Waste Treatment and Disposal
28,G10033,Brookfield Cement Plant,4317,Nova Scotia,327310,Cement Manufacturing
29,G10036,Burnaby Refinery,2776,British Columbia,324110,Petroleum Refineries
30,G10038,"TransCanada Pipeline, Saskatchewan",,Saskatchewan,486210,Pipeline Transportation of Natural Gas
31,G10039,Cabot Canada Limited,5808,Ontario,325189,All Other Basic Inorganic Chemical Manufacturing
32,G10040,Calgary Energy Centre,15740,Alberta,221112,Fossil-Fuel Electric Power Generation
33,G10041,Island Generation,6549,British Columbia,221112,Fossil-Fuel Electric Power Generation
34,G10042,Calstock Power Plant,10403,Ontario,221119,Other Electric Power Generation
35,G10043,Northern Lime Limited,10138,Ontario,327410,Lime Manufacturing
36,G10044,Canadian Fertilizers Limited,3821,Alberta,325313,Chemical Fertilizer (except Potash) Manufacturing
37,G10045,Cancarb Ltd.,5357,Alberta,325189,All Other Basic Inorganic Chemical Manufacturing
38,G10046,"TransCanada Pipeline, Alberta System",,Alberta,486210,Pipeline Transportation of Natural Gas
39,G10047,Cardinal Power,4480,Ontario,221112,Fossil-Fuel Electric Power Generation
40,G10048,West Fraser Mills Ltd d/b/a Cariboo Pulp & Paper Company,479,British Columbia,322112,Chemical Pulp Mills
41,G10049,Caribou North Comp Stn 11-08,16687,Alberta,211110,Oil and gas extraction (except oil sands)
42,G10050,Dundas Operations,10139,Ontario,327410,Lime Manufacturing
43,G10051,Beachville Operation,10140,Ontario,327410,Lime Manufacturing
44,G10052,Carol Project,5013,Newfoundland and Labrador,212210,Iron Ore Mining
45,G10053,Carseland Nitrogen Operations,3269,Alberta,325313,Chemical Fertilizer (except Potash) Manufacturing
46,G10054,Carseland Power Plant,6700,Alberta,221112,Fossil-Fuel Electric Power Generation
47,G10055,Orica Carseland,2857,Alberta,325313,Chemical Fertilizer (except Potash) Manufacturing
48,G10057,Ingredion Canada Incorporated - London Plant,485,Ontario,311221,Wet Corn Milling
49,G10058,Cavalier Energy Centre,6633,Alberta,221112,Fossil-Fuel Electric Power Generation
50,G10059,Cavendish Farms,4875,Prince Edward Island,311410,Frozen Food Manufacturing
51,G10060,Co-op Refinery Complex,4048,Saskatchewan,324110,Petroleum Refineries
52,G10061,Centrale de Cap-aux-Meules,6130,Quebec,221112,Fossil-Fuel Electric Power Generation
53,G10064,Chimie Parachem s.e.c,4569,Quebec,325110,Petrochemical Manufacturing
54,G10065,Christina Lake SAGD Bitumen Battery,6625,Alberta,211141,In-situ oil sands extraction
55,G10066,Cimenterie de Saint-Basile,5548,Quebec,327310,Cement Manufacturing
56,G10067,Cimenterie de Saint-Constant,5474,Quebec,327310,Cement Manufacturing
57,G10068,Electric Utility - Generation,6576,Alberta,221112,Fossil-Fuel Electric Power Generation
58,G10069,Clover Bar Energy Centre,23368,Alberta,221112,Fossil-Fuel Electric Power Generation
59,G10071,Cochrane Extraction Plant,5248,Alberta,211110,Oil and gas extraction (except oil sands)
60,G10072,Cochrane Generating Station,1773,Ontario,221112,Fossil-Fuel Electric Power Generation
61,G10073,Cold Lake,442,Alberta,211141,In-situ oil sands extraction
62,G10074,Coleson Cove Generating Station,1696,New Brunswick,221112,Fossil-Fuel Electric Power Generation
63,G10075,Chatham,5739,Ontario,325190,Other Basic Organic Chemical Manufacturing
64,G10076,Rio Tinto Fer et Titane inc.- Complexe  de Sorel-Tracy,4806,Quebec,331110,Iron and Steel Mills and Ferro-Alloy Manufacturing
65,G10079,Corner Brook Pulp and Paper,4929,Newfoundland and Labrador,322122,Newsprint Mills
66,G10080,Cory Cogeneration Station,16289,Saskatchewan,221112,Fossil-Fuel Electric Power Generation
67,G10082,Crofton Division,1266,British Columbia,322112,Chemical Pulp Mills
68,G10085,Delta Plant,5190,British Columbia,327310,Cement Manufacturing
69,G10086,ATCO Gas - Distribution System,,Alberta,221210,Natural Gas Distribution
70,G10088,Kruger Trois-Rivières S.E.C.,5515,Quebec,322130,Paperboard Mills
71,G10089,Usine Kénogami,979,Quebec,322122,Newsprint Mills
72,G10091,ArcelorMittal Dofasco,3713,Ontario,331110,Iron and Steel Mills and Ferro-Alloy Manufacturing
73,G10093,Espanola Mill,3185,Ontario,322121,Paper (except Newsprint) Mills
74,G10095,East Calgary Landfill,24315,Alberta,562210,Waste Treatment and Disposal
75,G10096,East Crossfield Gas Plant 9-14-28-1W5,4140,Alberta,211110,Oil and gas extraction (except oil sands)
76,G10097,Edmonton Site,126,Alberta,325210,Resin and Synthetic Rubber Manufacturing
77,G10098,Edmonton Refinery,3903,Alberta,324110,Petroleum Refineries
78,G10099,Twin Rivers Pulp Ltd.,1221,New Brunswick,322112,Chemical Pulp Mills
79,G10100,Edson Gas Plant,5284,Alberta,211110,Oil and gas extraction (except oil sands)
80,G10101,Ekati Diamond Mine,5236,Northwest Territories,212392,Diamond Mining
81,G10103,Elkem Métal Chicoutimi,6344,Quebec,331110,Iron and Steel Mills and Ferro-Alloy Manufacturing
82,G10104,"Foothills Pipeline, British Columbia System",,British Columbia,486210,Pipeline Transportation of Natural Gas
83,G10105,Elkview Operations,7838,British Columbia,212114,Bituminous Coal Mining
84,G10106,Elmworth Gas Plant,23956,Alberta,211110,Oil and gas extraction (except oil sands)
85,G10107,Empress Gas Plant,1091,Alberta,211110,Oil and gas extraction (except oil sands)
86,G10108,Empress 6,3752,Alberta,211110,Oil and gas extraction (except oil sands)
87,G10111,Exshaw Plant,6826,Alberta,327410,Lime Manufacturing
88,G10112,Exshaw Cement Plant,5291,Alberta,327310,Cement Manufacturing
89,G10113,Faulkner Plant,6825,Manitoba,327410,Lime Manufacturing
90,G10114,Woodstock Plant,5946,Ontario,327310,Cement Manufacturing
91,G10115,Fording River Operations,6669,British Columbia,212114,Bituminous Coal Mining
92,G10117,Fort Nelson Gas Plant,4304,British Columbia,211110,Oil and gas extraction (except oil sands)
93,G10118,Fort Nelson Generating Station,7866,British Columbia,221112,Fossil-Fuel Electric Power Generation
94,G10119,Fort Saskatchewan,2132,Alberta,331410,Non-Ferrous Metal (except Aluminum) Smelting and Refining
95,G10120,Fort Saskatchewan Thermal Electric(Cogeneration) Power Plant,5352,Alberta,221112,Fossil-Fuel Electric Power Generation
96,G10121,Fort Saskatchewan Nitrogen Operations,4874,Alberta,325313,Chemical Fertilizer (except Potash) Manufacturing
97,G10122,Fort Saskatchewan Storage and Fractionation,4142,Alberta,211110,Oil and gas extraction (except oil sands)
98,G10125,Fort Saskatchewan EOEG,18996,Alberta,325190,Other Basic Organic Chemical Manufacturing
99,G10126,Gathering,,British Columbia,211110,Oil and gas extraction (except oil sands)
100,G10127,Genesee Thermal Generating Station,267,Alberta,221112,Fossil-Fuel Electric Power Generation
101,G10128,"Gerdau Ameristeel Corporation, Whitby Mill",3824,Ontario,331110,Iron and Steel Mills and Ferro-Alloy Manufacturing
102,G10130,International Paper Canadian Pulp Holdings ULC,2875,Alberta,322112,Chemical Pulp Mills
103,G10131,Greenhills Operations,6671,British Columbia,212114,Bituminous Coal Mining
104,G10133,Birla Carbon Canada Ltd.,2660,Ontario,325189,All Other Basic Inorganic Chemical Manufacturing
105,G10134,Hangingstone SAGD Demonstration Facility,17122,Alberta,211141,In-situ oil sands extraction
106,G10135,Hanlan Robb Gas Plant,3758,Alberta,211110,Oil and gas extraction (except oil sands)
107,G10136,Harmac Pacific Operations,1383,British Columbia,322112,Chemical Pulp Mills
108,G10137,Harmattan Gas Processing Plant,3941,Alberta,211110,Oil and gas extraction (except oil sands)
109,G10138,Havelock Plant,6188,New Brunswick,327410,Lime Manufacturing
110,G10139,Hays Gas Plant 11-31-013-14 W4M,15241,Alberta,211110,Oil and gas extraction (except oil sands)
111,G10141,Hendrickson Springs,3778,Ontario,332611,Spring (Heavy Gauge) Manufacturing
112,G10142,Hibernia Platform,6096,Newfoundland and Labrador,211110,Oil and gas extraction (except oil sands)
113,G10144,Mondi Hinton Inc.,2991,Alberta,322112,Chemical Pulp Mills
114,G10145,Holyrood Thermal Generating Station,4882,Newfoundland and Labrador,221112,Fossil-Fuel Electric Power Generation
115,G10146,Howe Sound Pulp and Paper Mill,1419,British Columbia,322112,Chemical Pulp Mills
116,G10147,Lloydminster Upgrader,409,Saskatchewan,211110,Oil and gas extraction (except oil sands)
117,G10148,Entreprise Indorama PTA Montréal s.e.c.,6427,Quebec,325190,Other Basic Organic Chemical Manufacturing
118,G10149,INVISTA (Canada) Company-Maitland Site,1207,Ontario,325190,Other Basic Organic Chemical Manufacturing
119,G10150,EVRAZ Inc NA Canada - Regina Facilities,2740,Saskatchewan,331110,Iron and Steel Mills and Ferro-Alloy Manufacturing
120,G10151,Iroquois Falls Generating Station,4904,Ontario,221112,Fossil-Fuel Electric Power Generation
121,G10152,Joffre LAO Plant,6556,Alberta,325110,Petrochemical Manufacturing
122,G10154,Usine de Joliette,5544,Quebec,327310,Cement Manufacturing
123,G10155,Judy Creek Gas Conservation Plant,440,Alberta,211110,Oil and gas extraction (except oil sands)
124,G10157,Kamloops Mill (SFO),2924,British Columbia,322112,Chemical Pulp Mills
125,G10158,Karr 10-10-065-02 W6M,,Alberta,211110,Oil and gas extraction (except oil sands)
126,G10159,Kaybob Amalgamated Sour Gas Plant,4150,Alberta,211110,Oil and gas extraction (except oil sands)
127,G10160,Kaybob South #3 Gas Plant,683,Alberta,211110,Oil and gas extraction (except oil sands)
128,G10161,Keele Valley Landfill,7371,Ontario,562210,Waste Treatment and Disposal
129,G10162,Keephills Thermal Electric Power Generating Plant,2286,Alberta,221112,Fossil-Fuel Electric Power Generation
130,G10163,"TransCanada Pipeline, Ontario",,Ontario,486210,Pipeline Transportation of Natural Gas
131,G10164,Kidd Metallurgical Site,2815,Ontario,212233,Copper-Zinc Ore Mining
132,G10165,Kirkland Lake Generating Station,1770,Ontario,221112,Fossil-Fuel Electric Power Generation
133,G10168,"KRONOS Canada, Inc.",1561,Quebec,325189,All Other Basic Inorganic Chemical Manufacturing
134,G10169,Kruger Wayagamack,2502,Quebec,322121,Paper (except Newsprint) Mills
135,G10170,Richmond Cement Plant,702,British Columbia,327310,Cement Manufacturing
136,G10171,Bath Cement Plant,5850,Ontario,327310,Cement Manufacturing
137,G10176,Edmonton Plant,5243,Alberta,327310,Cement Manufacturing
138,G10177,Lennox Generating Station,1812,Ontario,221112,Fossil-Fuel Electric Power Generation
139,G10178,Lingan Generating Station,3992,Nova Scotia,221112,Fossil-Fuel Electric Power Generation
140,G10179,MacKay River Power Plant,19219,Alberta,221112,Fossil-Fuel Electric Power Generation
141,G10180,"MacKay River, In-Situ Oil Sands Plant",17630,Alberta,211141,In-situ oil sands extraction
142,G10182,Canadian Kraft Paper Industries Ltd.,2051,Manitoba,322121,Paper (except Newsprint) Mills
143,G10183,Usine de Marbleton,6187,Quebec,327410,Lime Manufacturing
144,G10184,McMahon Cogen Plant,7959,British Columbia,221112,Fossil-Fuel Electric Power Generation
145,G10185,McMahon Gas Plant,4305,British Columbia,211110,Oil and gas extraction (except oil sands)
146,G10186,Meridian Cogeneration Plant,6595,Saskatchewan,221112,Fossil-Fuel Electric Power Generation
147,G10187,Mildred Lake and Aurora Plant Sites,,Alberta,211142,Mined oil sands extraction
148,G10188,Mine de Mont-Wright,6217,Quebec,212210,Iron Ore Mining
149,G10191,Mississauga Lubricants Centre,3899,Ontario,324190,Other Petroleum and Coal Products Manufacturing
150,G10192,Mississauga Cement Plant,2182,Ontario,327310,Cement Manufacturing
151,G10193,Mohawk Street Landfill,10433,Ontario,562210,Waste Treatment and Disposal
152,G10195,Mosaic Potash Belle Plaine,4099,Saskatchewan,212396,Potash Mining
153,G10196,Muskeg River Cogeneration Plant,,Alberta,221112,Fossil-Fuel Electric Power Generation
154,G10199,Imperial Oil Nanticoke Refinery,3701,Ontario,324110,Petroleum Refineries
155,G10203,Nipigon Power Plant,10405,Ontario,221112,Fossil-Fuel Electric Power Generation
156,G10204,Norman Wells Central Processing Facility,428,Northwest Territories,211110,Oil and gas extraction (except oil sands)
157,G10206,Braya Renewable Fuels (Newfoundland) LP,4316,Newfoundland and Labrador,325190,Other Basic Organic Chemical Manufacturing
158,G10207,Northwood Pulp Mill,1797,British Columbia,322112,Chemical Pulp Mills
159,G10208,Corunna Site,1776,Ontario,325110,Petrochemical Manufacturing
160,G10209,INEOS Styrolution,,Ontario,325110,Petrochemical Manufacturing
161,G10210,St. Clair River Site,4700,Ontario,325210,Resin and Synthetic Rubber Manufacturing
162,G10211,NOVA Chemicals Corporation (Joffre),1779,Alberta,325110,Petrochemical Manufacturing
163,G10213,Oshawa Assembly Plant,3893,Ontario,336110,Automobile and Light-Duty Motor Vehicle Manufacturing
164,G10215,Ottawa Health Sciences Centre (OHSC) Cogeneration Facility,4872,Ontario,221112,Fossil-Fuel Electric Power Generation
165,G10217,Usine de Thurso,1528,Quebec,322112,Chemical Pulp Mills
166,G10219,CNUL Peace River Complex,2128,Alberta,211141,In-situ oil sands extraction
167,G10220,Mercer Peace River,223,Alberta,322112,Chemical Pulp Mills
168,G10221,CEPSA Chimie Bécancour,4805,Quebec,325110,Petrochemical Manufacturing
169,G10223,Picton  Plant,3541,Ontario,327310,Cement Manufacturing
170,G10225,Pine River Sour Gas Plant C-085-D,4306,British Columbia,211110,Oil and gas extraction (except oil sands)
171,G10226,Transmission Mainline - BC,,British Columbia,486210,Pipeline Transportation of Natural Gas
172,G10227,Point Aconi Generating Station,4000,Nova Scotia,221112,Fossil-Fuel Electric Power Generation
173,G10228,Point Tupper Generating Station,3994,Nova Scotia,221112,Fossil-Fuel Electric Power Generation
174,G10229,Poplar River Power Station,2079,Saskatchewan,221112,Fossil-Fuel Electric Power Generation
175,G10230,Port Alberni Division,,British Columbia,322121,Paper (except Newsprint) Mills
176,G10232,Prentiss Chemical Manufacturing Facility,18997,Alberta,325190,Other Basic Organic Chemical Manufacturing
177,G10234,Prince George Refinery,405,British Columbia,324110,Petroleum Refineries
178,G10235,Progress Gas Plant 01-01-078-10 W6M,1755,Alberta,211110,Oil and gas extraction (except oil sands)
179,G10236,Queen Elizabeth Power Station,2085,Saskatchewan,221112,Fossil-Fuel Electric Power Generation
180,G10237,Quirk Creek Gas Plant,426,Alberta,211110,Oil and gas extraction (except oil sands)
181,G10238,Raffinerie de Montreal,3897,Quebec,324110,Petroleum Refineries
182,G10239,Raffinerie Jean-Gaulin,3928,Quebec,324110,Petroleum Refineries
183,G10240,Mine Raglan,5448,Quebec,212232,Nickel-Copper Ore Mining
184,G10241,Rainbow Lake Cogeneration Power Plant (Units 4-5),6609,Alberta,221112,Fossil-Fuel Electric Power Generation
185,G10243,Ram River Sour Gas Plant,407,Alberta,211110,Oil and gas extraction (except oil sands)
186,G10244,"TransCanada Pipeline, Manitoba",,Manitoba,486210,Pipeline Transportation of Natural Gas
187,G10246,Redwater Cogeneration Plant,6701,Alberta,221112,Fossil-Fuel Electric Power Generation
188,G10247,Irving Oil Refinery,4101,New Brunswick,324110,Petroleum Refineries
189,G10248,"Foothills Pipeline, Saskatchewan",,Saskatchewan,486210,Pipeline Transportation of Natural Gas
190,G10249,Rimbey Gas Plant,1372,Alberta,211110,Oil and gas extraction (except oil sands)
191,G10250,Sarnia Chemical Plant,1464,Ontario,325110,Petrochemical Manufacturing
192,G10251,Sarnia Cogen Plant,11174,Ontario,221112,Fossil-Fuel Electric Power Generation
193,G10252,Sarnia Fractionation Plant,4155,Ontario,211110,Oil and gas extraction (except oil sands)
194,G10253,Sarnia Manufacturing Centre,3962,Ontario,324110,Petroleum Refineries
195,G10254,Sarnia Refinery,3071,Ontario,324110,Petroleum Refineries
196,G10255,Sarnia Refinery Plant,3704,Ontario,324110,Petroleum Refineries
197,G10256,Sarnia Regional Cogeneration Facility,6597,Ontario,221112,Fossil-Fuel Electric Power Generation
198,G10257,Alliance Pipeline Ltd. - SK Pipeline System,,Saskatchewan,486210,Pipeline Transportation of Natural Gas
199,G10258,SaskEnergy Incorporated,,Saskatchewan,221210,Natural Gas Distribution
200,G10259,Yara Belle Plaine Inc.,2077,Saskatchewan,325313,Chemical Fertilizer (except Potash) Manufacturing
201,G10260,Scotford Chemical Plant,2963,Alberta,325110,Petrochemical Manufacturing
202,G10261,Scotford Complex,6219,Alberta,221112,Fossil-Fuel Electric Power Generation
203,G10262,Scotford Upgrader and Upgrader Cogeneration,6546,Alberta,211142,Mined oil sands extraction
204,G10263,Fibrek SENC,3242,Quebec,322112,Chemical Pulp Mills
205,G10264,Shand Power Station,2083,Saskatchewan,221112,Fossil-Fuel Electric Power Generation
206,G10265,Sheerness Generating Station,1036,Alberta,221112,Fossil-Fuel Electric Power Generation
207,G10267,Caroline Complex,2120,Alberta,211110,Oil and gas extraction (except oil sands)
208,G10268,Jumping Pound Complex,2119,Alberta,211110,Oil and gas extraction (except oil sands)
209,G10269,Shell Scotford Refinery,2960,Alberta,324110,Petroleum Refineries
210,G10271,"Koch Fertilizer Canada, ULC",2515,Manitoba,325313,Chemical Fertilizer (except Potash) Manufacturing
211,G10272,Site de Témiscaming,2948,Quebec,322112,Chemical Pulp Mills
212,G10273,Bowmanville Cement Plant,5841,Ontario,327310,Cement Manufacturing
213,G10274,St. Marys Cement Plant,5871,Ontario,327310,Cement Manufacturing
214,G10275,Hamilton,2984,Ontario,331110,Iron and Steel Mills and Ferro-Alloy Manufacturing
215,G10276,Lake Erie,3855,Ontario,331110,Iron and Steel Mills and Ferro-Alloy Manufacturing
216,G10277,Strachan Gas Plant,1374,Alberta,211110,Oil and gas extraction (except oil sands)
217,G10278,"Imperial Oil, Strathcona Refinery",3707,Alberta,324110,Petroleum Refineries
218,G10279,Summit Road Landfill,,Manitoba,562210,Waste Treatment and Disposal
219,G10280,Suncor Energy Inc. Oil Sands,2230,Alberta,211142,Mined oil sands extraction
220,G10281,Sundance Thermal Electric Power Generating Plant,2284,Alberta,221112,Fossil-Fuel Electric Power Generation
221,G10283,CF Industries Courtright Nitrogen Complex,2233,Ontario,325313,Chemical Fertilizer (except Potash) Manufacturing
222,G10284,Terra Nova,17631,Newfoundland and Labrador,211110,Oil and gas extraction (except oil sands)
223,G10285,AV Terrace Bay,2607,Ontario,322112,Chemical Pulp Mills
224,G10289,"Teck Metals Ltd, Trail Operations",,British Columbia,331410,Non-Ferrous Metal (except Aluminum) Smelting and Refining
225,G10290,TransGas Limited,28763,Saskatchewan,486210,Pipeline Transportation of Natural Gas
226,G10291,Trenton Generating Station,3996,Nova Scotia,221112,Fossil-Fuel Electric Power Generation
227,G10292,Tufts Cove Generating Station,3998,Nova Scotia,221112,Fossil-Fuel Electric Power Generation
228,G10293,Tunis Power Plant,10407,Ontario,221112,Fossil-Fuel Electric Power Generation
229,G10295,Usine Alma,5510,Quebec,331313,Primary Production of Alumina and Aluminum
230,G10296,Usine Arvida,3406,Quebec,331313,Primary Production of Alumina and Aluminum
231,G10298,Usine de Bécancour,2855,Quebec,325181,Alkali and Chlorine Manufacturing
232,G10299,Usine de Bouletage de Port-Cartier,2000,Quebec,212210,Iron Ore Mining
233,G10300,Aluminerie de Deschambault,4782,Quebec,331313,Primary Production of Alumina and Aluminum
234,G10302,Usine de La Tuque,3140,Quebec,322130,Paperboard Mills
235,G10304,Usine de Québec,4068,Quebec,322122,Newsprint Mills
236,G10306,Usine Grande-Baie,3062,Quebec,331313,Primary Production of Alumina and Aluminum
237,G10307,Usine Laterrière,3060,Quebec,331313,Primary Production of Alumina and Aluminum
238,G10310,W12A Landfill,5790,Ontario,562210,Waste Treatment and Disposal
239,G10312,Wapiti Deep Cut Plant 04-08-069-08 W6M,432,Alberta,211110,Oil and gas extraction (except oil sands)
240,G10313,Waterton Complex,2108,Alberta,211110,Oil and gas extraction (except oil sands)
241,G10315,West Windsor Power,5901,Ontario,221112,Fossil-Fuel Electric Power Generation
242,G10316,Western Canada Operations,280,Alberta,325110,Petrochemical Manufacturing
243,G10318,Dryden Mill,,Ontario,322112,Chemical Pulp Mills
244,G10321,Wildcat Hills Gas Plant,3751,Alberta,211110,Oil and gas extraction (except oil sands)
245,G10323,Windsor Essex Cogeneration Plant,5267,Ontario,221112,Fossil-Fuel Electric Power Generation
246,G10324,PAW In-Situ Oilsands Facilities,,Alberta,211141,In-situ oil sands extraction
247,G10327,Strathcona Works,19289,Alberta,324190,Other Petroleum and Coal Products Manufacturing
248,G10328,BIENFAIT MINE - CHAR PLANT,6933,Saskatchewan,324190,Other Petroleum and Coal Products Manufacturing
249,G10329,Bolney Thermal,18935,Saskatchewan,211110,Oil and gas extraction (except oil sands)
250,G10330,Usine de Joliette,5453,Quebec,326210,Tire Manufacturing
251,G10332,Glanbrook Landfill Site,10976,Ontario,562210,Waste Treatment and Disposal
252,G10334,Irving Paper,3394,New Brunswick,322121,Paper (except Newsprint) Mills
253,G10337,Walker Environmental Group Inc. Landfill Sites,10132,Ontario,562210,Waste Treatment and Disposal
254,G10338,North Tangleflags Facility,15778,Saskatchewan,211141,In-situ oil sands extraction
255,G10341,Poplar Hill Generating Station,6611,Alberta,221112,Fossil-Fuel Electric Power Generation
256,G10342,Prince George Pulp and Paper and Intercontinental Pulp Mills,4063,British Columbia,322112,Chemical Pulp Mills
257,G10343,Ridge Landfill,7396,Ontario,562210,Waste Treatment and Disposal
258,G10344,Sainte Sophie Landfill,6173,Quebec,562210,Waste Treatment and Disposal
259,G10346,FortisBC Energy Inc.,,British Columbia,221210,Natural Gas Distribution
260,G10348,Trail Road Waste Facility,7238,Ontario,562210,Waste Treatment and Disposal
261,G10349,Valleyview Generating Station,6615,Alberta,221112,Fossil-Fuel Electric Power Generation
262,G10350,Wabush Mines - Scully,5460,Newfoundland and Labrador,212210,Iron Ore Mining
263,G10351,Walkerville,7353,Ontario,312140,Distilleries
264,G10352,West Edmonton Landfill,6869,Alberta,562210,Waste Treatment and Disposal
265,G10353,Weyburn 05-16-006-13W2 BTY,6631,Saskatchewan,211110,Oil and gas extraction (except oil sands)
266,G10354,Sea Rose FPSO,8060,Newfoundland and Labrador,211110,Oil and gas extraction (except oil sands)
267,G10355,Nackawic Mill,2181,New Brunswick,322112,Chemical Pulp Mills
268,G10356,Balzac Power Station,6560,Alberta,221112,Fossil-Fuel Electric Power Generation
269,G10357,Bécancour Power Plant,8606,Quebec,221112,Fossil-Fuel Electric Power Generation
270,G10358,Eastview Landfill,10636,Ontario,562210,Waste Treatment and Disposal
271,G10359,Coal Valley Mine,1585,Alberta,212114,Bituminous Coal Mining
272,G10360,Corunna Hydrogen Facility,11489,Ontario,325120,Industrial Gas Manufacturing
273,G10361,Edmonton Hydrogen Facility,19995,Alberta,325120,Industrial Gas Manufacturing
274,G10364,Essex County Landfill No. 3,11455,Ontario,562210,Waste Treatment and Disposal
275,G10365,Essex-Windsor Regional Landfill,11456,Ontario,562210,Waste Treatment and Disposal
276,G10366,Toronto Pearson International Airport,4451,Ontario,488190,Other Support Activities for Air Transportation
277,G10368,Marten Hills Gas Plant,15596,Alberta,211110,Oil and gas extraction (except oil sands)
278,G10369,ArcelorMittal Contrecoeur Ouest,2986,Quebec,331110,Iron and Steel Mills and Ferro-Alloy Manufacturing
279,G10370,OC Celfortec LPValleyfield,5482,Quebec,326140,Polystyrene Foam Product Manufacturing
280,G10371,Olds 06-18-032-01W5 GP,1074,Alberta,211110,Oil and gas extraction (except oil sands)
281,G10373,Plant #31 Brampton,517,Ontario,327214,Glass Manufacturing
282,G10375,Prentiss Manufacturing Facility,2316,Alberta,325210,Resin and Synthetic Rubber Manufacturing
283,G10376,Britannia Sanitary Landfill Site,5989,Ontario,562210,Waste Treatment and Disposal
284,G10379,Transfer Station No. 2,500303,Ontario,562110,Waste Collection
285,G10380,Bear Creek Power Plant,18142,Alberta,221112,Fossil-Fuel Electric Power Generation
286,G10381,Diavik Diamond Mines (2012) Inc.,18241,Northwest Territories,212392,Diamond Mining
287,G10385,Teck Highland Valley Copper Partnership,3356,British Columbia,212233,Copper-Zinc Ore Mining
288,G10386,"Irving Pulp & Paper, Limited",2604,New Brunswick,322112,Chemical Pulp Mills
289,G10388,Line Creek Operations,7839,British Columbia,212114,Bituminous Coal Mining
290,G10389,Lloydminster Ethanol Plant,21547,Saskatchewan,325190,Other Basic Organic Chemical Manufacturing
291,G10390,Long Lake,22378,Alberta,211141,In-situ oil sands extraction
292,G10394,Tucker Thermal,21548,Alberta,211141,In-situ oil sands extraction
293,G10396,Varennes Plant,,Quebec,325190,Other Basic Organic Chemical Manufacturing
294,G10398,Sudbury Integrated Nickel Operations Smelter,1236,Ontario,331410,Non-Ferrous Metal (except Aluminum) Smelting and Refining
295,G10399,Dillon / Brule Mine,20078,British Columbia,212114,Bituminous Coal Mining
296,G10400,Wolverine Mine,20116,British Columbia,212114,Bituminous Coal Mining
297,G10401,Usine de triage Lachenaie,6370,Quebec,562990,All Other Waste Management Services
298,G10404,Duffin Creek WPCP,4908,Ontario,221320,Sewage Treatment Facilities
299,G10406,Pod One,22750,Alberta,211141,In-situ oil sands extraction
300,G10407,Greenfield Energy Centre LP,11581,Ontario,221112,Fossil-Fuel Electric Power Generation
301,G10408,Horizon Oil Sands Processing Plant and Mine,23275,Alberta,211142,Mined oil sands extraction
302,G10410,Kapuskasing Power Plant,10404,Ontario,221112,Fossil-Fuel Electric Power Generation
303,G10411,Minnedosa Ethanol Plant,6853,Manitoba,325190,Other Basic Organic Chemical Manufacturing
304,G10412,Orion Facilities,22493,Alberta,211141,In-situ oil sands extraction
305,G10413,Portlands Energy Centre,11803,Ontario,221112,Fossil-Fuel Electric Power Generation
306,G10414,Surmont SAGD Commercial Battery,22141,Alberta,211141,In-situ oil sands extraction
307,G10415,Tiverton,209,Ontario,325190,Other Basic Organic Chemical Manufacturing
308,G10416,ADM AGRI-INDUSTRIES - ADM Windsor,5694,Ontario,311224,Oilseed Processing
309,G10417,Suffield Gas Storage Facility,6619,Alberta,211110,Oil and gas extraction (except oil sands)
310,G10419,Vanscoy Potash Operations,1177,Saskatchewan,212396,Potash Mining
311,G10420,AltaSteel Inc.,1106,Alberta,331110,Iron and Steel Mills and Ferro-Alloy Manufacturing
312,G10421,Baymag Exshaw Operations,6972,Alberta,327990,All Other Non-Metallic Mineral Product Manufacturing
313,G10423,BUNGE CANADA - HAMILTON,161,Ontario,311224,Oilseed Processing
314,G10427,CGC Hagersville Plant,7195,Ontario,327420,Gypsum Product Manufacturing
315,G10428,Galloway Plant 14-14-053-20 W5M,16009,Alberta,211110,Oil and gas extraction (except oil sands)
316,G10429,Gold Creek 13-26-067-05 W6M,26220,Alberta,211110,Oil and gas extraction (except oil sands)
317,G10430,Stoddart 02-34 Sour Gas Plant,5286,British Columbia,211110,Oil and gas extraction (except oil sands)
318,G10431,Wild River 04-03-57-23W5M,,Alberta,211110,Oil and gas extraction (except oil sands)
319,G10432,North Bay Power Plant,10406,Ontario,221112,Fossil-Fuel Electric Power Generation
320,G10433,Hartland Landfill,18993,British Columbia,562210,Waste Treatment and Disposal
321,G10434,"Cascades Containerboard Packaging, A Division of Cascades Canada ULC.",239,Ontario,322130,Paperboard Mills
322,G10435,Brintnell Oil Battery and Comp Stn 1107 11-07-082-22W4,,Alberta,211110,Oil and gas extraction (except oil sands)
323,G10436,Suffield C Comp Stn 01-04,16738,Alberta,211110,Oil and gas extraction (except oil sands)
324,G10437,Suffield K (Koomati) Gas Battery 04-04,16739,Alberta,211110,Oil and gas extraction (except oil sands)
325,G10438,Suffield Oil Battery 01-27,16766,Alberta,211110,Oil and gas extraction (except oil sands)
326,G10439,Vancouver Wallboard Plant,7983,British Columbia,327420,Gypsum Product Manufacturing
327,G10440,Langley Plant,7821,British Columbia,327410,Lime Manufacturing
328,G10441,Lethbridge Waste and Recycling Centre Disposal Site,,Alberta,562210,Waste Treatment and Disposal
329,G10442,Landfill,29001,Saskatchewan,562210,Waste Treatment and Disposal
330,G10443,Vancouver Landfill,25010,British Columbia,562210,Waste Treatment and Disposal
331,G10444,Kilcona Landfill,,Manitoba,562210,Waste Treatment and Disposal
332,G10446,Berland Gas Plant (14-15-059-24W5) - TOU,18373,Alberta,211110,Oil and gas extraction (except oil sands)
333,G10447,Noel Sweet Gas Plant,15714,British Columbia,211110,Oil and gas extraction (except oil sands)
334,G10451,Narraway Sweet Gas Plant 10-08,,Alberta,211110,Oil and gas extraction (except oil sands)
335,G10452,Domtar Usine de Windsor,1195,Quebec,322121,Paper (except Newsprint) Mills
336,G10453,East Windsor Cogeneration Centre,11791,Ontario,221112,Fossil-Fuel Electric Power Generation
337,G10454,Gunnell Comp Stn b-023-F,16667,British Columbia,211110,Oil and gas extraction (except oil sands)
338,G10455,Resthaven Sweet Gas Plant 08-11,27963,Alberta,211110,Oil and gas extraction (except oil sands)
339,G10456,Sexsmith Sour Gas Plant,4823,Alberta,211110,Oil and gas extraction (except oil sands)
340,G10457,Sierra Sour Gas Plant,16765,British Columbia,211110,Oil and gas extraction (except oil sands)
341,G10458,Steeprock Sour Gas Plant,21451,British Columbia,211110,Oil and gas extraction (except oil sands)
342,G10459,Pearl Street Steam Plant,7656,Ontario,221330,Steam and Air-Conditioning Supply
343,G10460,Walton Street Steam Plant,7657,Ontario,221330,Steam and Air-Conditioning Supply
344,G10461,Gold Bar Wastewater Treatment Plant,5390,Alberta,221320,Sewage Treatment Facilities
345,G10465,Foster Creek SAGD Bitumen Battery (with Cogen),6627,Alberta,211141,In-situ oil sands extraction
346,G10466,Flakeboard Company Limited,5885,Ontario,321216,Particle Board and Fibreboard Mills
347,G10467,Ford Oakville Assembly Complex,3419,Ontario,336110,Automobile and Light-Duty Motor Vehicle Manufacturing
348,G10468,Musselwhite Mine,5656,Ontario,212220,Gold and Silver Ore Mining
349,G10469,Goreway Power Station,11659,Ontario,221112,Fossil-Fuel Electric Power Generation
350,G10470,Metro Vancouver Waste-to-Energy Facility,362,British Columbia,562210,Waste Treatment and Disposal
351,G10471,Green Lane Landfill,11685,Ontario,562210,Waste Treatment and Disposal
352,G10472,Johnstown,,Ontario,325190,Other Basic Organic Chemical Manufacturing
353,G10475,Lloydminster Refinery,403,Alberta,324121,Asphalt Paving Mixture and Block Manufacturing
354,G10476,Rainbow Lake Gas plant,1439,Alberta,211110,Oil and gas extraction (except oil sands)
355,G10478,IGPC Ethanol Inc.,11696,Ontario,325190,Other Basic Organic Chemical Manufacturing
356,G10479,Kingston Site,3422,Ontario,325220,Artificial and Synthetic Fibres and Filaments Manufacturing
357,G10481,Irving Consumer Products Limited,327,Ontario,322121,Paper (except Newsprint) Mills
358,G10482,Jungbunzlauer Canada Inc.,10303,Ontario,325190,Other Basic Organic Chemical Manufacturing
359,G10485,Nordegg River Gas Plant,1370,Alberta,211110,Oil and gas extraction (except oil sands)
360,G10487,Kruger Products Inc,5150,British Columbia,322121,Paper (except Newsprint) Mills
361,G10488,"Produits Kruger inc., usine de Gatineau",5535,Quebec,322121,Paper (except Newsprint) Mills
362,G10489,"Lake Utopia Paper A Division of J.D. Irving, Limited",1572,New Brunswick,322130,Paperboard Mills
363,G10490,Lantic Inc. - Raffinerie Montréal,3043,Quebec,311310,Sugar Manufacturing
364,G10491,Lantic Inc. Taber Beet Sugar Factory,947,Alberta,311310,Sugar Manufacturing
365,G10492,"Lidya Énergie, s.e.c.",8760,Quebec,221119,Other Electric Power Generation
366,G10493,"Magellan Aerospace, Haley",7080,Ontario,331529,Non-Ferrous Foundries (except Die-Casting)
367,G10495,Meadow Lake Mechanical Pulp,875,Saskatchewan,322111,Mechanical Pulp Mills
368,G10496,MEG Christina Lake Regional Project,22346,Alberta,211141,In-situ oil sands extraction
369,G10497,Whitecourt Pulp Division,878,Alberta,322111,Mechanical Pulp Mills
370,G10499,BTG Sylvan Lake GP 14-32-037-03W5,6559,Alberta,211110,Oil and gas extraction (except oil sands)
371,G10501,Moore Site,1788,Ontario,325210,Resin and Synthetic Rubber Manufacturing
372,G10510,Fort Smith Plant,6808,Northwest Territories,221112,Fossil-Fuel Electric Power Generation
373,G10513,Inuvik Plant,6810,Northwest Territories,221112,Fossil-Fuel Electric Power Generation
374,G10514,Jackfish Plant,6822,Northwest Territories,221112,Fossil-Fuel Electric Power Generation
375,G10527,Plant #34 Montreal,4449,Quebec,327214,Glass Manufacturing
376,G10531,Peyto Oldman 11-17-055-21W5,17698,Alberta,211110,Oil and gas extraction (except oil sands)
377,G10533,Potash Corp - Allan Division,2406,Saskatchewan,212396,Potash Mining
378,G10534,Boundary Dam Mine,21774,Saskatchewan,212116,Lignite Coal Mining
379,G10535,Produits Kruger Inc.,1875,Quebec,322121,Paper (except Newsprint) Mills
380,G10536,Empress NGL Extraction Plant,6623,Alberta,211110,Oil and gas extraction (except oil sands)
381,G10537,Toronto Refinery,2016,Ontario,311310,Sugar Manufacturing
382,G10538,Régie Intermunicipale Argenteuil Deux-Montagnes (RIADM),27915,Quebec,562210,Waste Treatment and Disposal
383,G10539,Cambridge Landfill Site,10398,Ontario,562210,Waste Treatment and Disposal
384,G10540,Waterloo Landfill Site,10399,Ontario,562210,Waste Treatment and Disposal
385,G10544,Lieu d'enfouissement,29779,Quebec,562210,Waste Treatment and Disposal
386,G10545,Université McGill - Campus Centre-Ville,8510,Quebec,611310,Universities
387,G10548,"Énergir, s.e.c.",6369,Quebec,221210,Natural Gas Distribution
388,G10549,Senlac Thermal Oil Battery,6629,Saskatchewan,211110,Oil and gas extraction (except oil sands)
389,G10550,Gordondale East Gas Plant,5247,Alberta,211110,Oil and gas extraction (except oil sands)
390,G10551,Highway Gas Plant,5124,British Columbia,211110,Oil and gas extraction (except oil sands)
391,G10552,Jedney I Gas Plant,5125,British Columbia,211110,Oil and gas extraction (except oil sands)
392,G10554,St. Clair Energy Center,11778,Ontario,221112,Fossil-Fuel Electric Power Generation
393,G10555,Simonette Gas Plant,2227,Alberta,211110,Oil and gas extraction (except oil sands)
394,G10556,Ferrier Gas Plant,1077,Alberta,211110,Oil and gas extraction (except oil sands)
395,G10557,Firebag,19181,Alberta,211141,In-situ oil sands extraction
396,G10559,St. Clair Ethanol Plant,11444,Ontario,325190,Other Basic Organic Chemical Manufacturing
397,G10560,PETROMET BIGSTONE WEST FIR 14-28-59-22,,Alberta,211110,Oil and gas extraction (except oil sands)
398,G10561,PETROMET WILD RIVER 10-20 PLANT,17996,Alberta,324110,Petroleum Refineries
399,G10562,102078290 Saskatchewan Ltd.,23235,Saskatchewan,325190,Other Basic Organic Chemical Manufacturing
400,G10563,Tolko High Level Lumber Division,6504,Alberta,321111,Sawmills (except Shingle and Shake Mills)
401,G10564,Toyota Motor Manufacturing Canada Inc. (Cambridge),3790,Ontario,336110,Automobile and Light-Duty Motor Vehicle Manufacturing
402,G10566,Heating Plant,6678,Alberta,611310,Universities
403,G10567,University of Windsor,7698,Ontario,611310,Universities
404,G10568,Aitken Creek Gas Storage_LFO,7744,British Columbia,211110,Oil and gas extraction (except oil sands)
405,G10569,Thompson Operations,1473,Manitoba,212232,Nickel-Copper Ore Mining
406,G10570,Voisey's Bay Mine Site,6093,Newfoundland and Labrador,212232,Nickel-Copper Ore Mining
407,G10571,Station d'épuration des eaux usées Jean-R.-Marcotte,,Quebec,221320,Sewage Treatment Facilities
408,G10572,St. Nicephore Landfill,6171,Quebec,562210,Waste Treatment and Disposal
409,G10573,Cache Creek Landfill,27914,British Columbia,221119,Other Electric Power Generation
410,G10575,Quesnel River Pulp,2553,British Columbia,322111,Mechanical Pulp Mills
411,G10576,"Ranger Board, a division of West Fraser Mills Ltd.",4830,Alberta,321216,Particle Board and Fibreboard Mills
412,G10577,Whitecourt Electric Power Generating Facility,18225,Alberta,221119,Other Electric Power Generation
413,G10578,"Glencore Canada Corporation, CCR refinery",3916,Quebec,331410,Non-Ferrous Metal (except Aluminum) Smelting and Refining
414,G10579,Glencore Canada Corporation - Fonderie Horne,3623,Quebec,331410,Non-Ferrous Metal (except Aluminum) Smelting and Refining
415,G10580,Sudbury Operations Mines Mill - Onaping Area,1233,Ontario,212232,Nickel-Copper Ore Mining
416,G10581,Global Contract Inc.,10187,Ontario,337214,Office Furniture (except Wood) Manufacturing
417,G10582,Complexe de valorisation énergétique,211,Quebec,562210,Waste Treatment and Disposal
418,G10583,Site d'enfouissement Saint-Tite-des-Caps,,Quebec,562210,Waste Treatment and Disposal
419,G10585,Varennes Facility,281,Quebec,326140,Polystyrene Foam Product Manufacturing
420,G10586,ADM AGRI-INDUSTRIES - ADM Lloydminster,4591,Alberta,311224,Oilseed Processing
421,G10587,Division Meadowbank,24216,Nunavut,212220,Gold and Silver Ore Mining
422,G10589,Mine de Fire Lake,8778,Quebec,212210,Iron Ore Mining
423,G10591,Beaver Regional Landfill,35420,Alberta,562210,Waste Treatment and Disposal
424,G10594,Saint John LNG Marine Terminal & Multi-Purpose Pier,8125,New Brunswick,221210,Natural Gas Distribution
425,G10595,Chemtrade Electrochem - North Vancouver Chlor-alkali Facility,3529,British Columbia,325181,Alkali and Chlorine Manufacturing
426,G10599,CEVPC 720 Beatty Street,7819,British Columbia,221330,Steam and Air-Conditioning Supply
427,G10601,City of Thunder Bay Solid Waste and Recycling Facility,11819,Ontario,562210,Waste Treatment and Disposal
428,G10602,Clean Harbors Canada Inc. [Corunna],2537,Ontario,562210,Waste Treatment and Disposal
429,G10604,Algar,24188,Alberta,211141,In-situ oil sands extraction
430,G10606,Hythe Brainard Sour Gas Plant,5239,Alberta,211110,Oil and gas extraction (except oil sands)
431,G10607,Crossfield Energy Centre,23543,Alberta,221112,Fossil-Fuel Electric Power Generation
432,G10608,London District Energy,11687,Ontario,221330,Steam and Air-Conditioning Supply
433,G10609,Global Upholstery,5610,Ontario,337214,Office Furniture (except Wood) Manufacturing
434,G10610,Englehart Oriented Strand Board Plant,4559,Ontario,321217,Waferboard Mills
435,G10611,CST Coal,23560,Alberta,212114,Bituminous Coal Mining
436,G10612,Highbury Canco Corporation,10089,Ontario,311420,"Fruit and Vegetable Canning, Pickling and Drying"
437,G10613,Mount Polley Mine,5102,British Columbia,212299,All Other Metal Ore Mining
438,G10614,Ivaco Rolling Mills,1520,Ontario,331110,Iron and Steel Mills and Ferro-Alloy Manufacturing
439,G10617,Macassa Mine,1568,Ontario,212220,Gold and Silver Ore Mining
440,G10618,Montreal Facility,,Quebec,331529,Non-Ferrous Foundries (except Die-Casting)
441,G10619,MEG Christina Lake Cogeneration Facility,24100,Alberta,211141,In-situ oil sands extraction
442,G10620,MOSAIC POTASH ESTERHAZY - K2 SITE,1513,Saskatchewan,212396,Potash Mining
443,G10621,New Forest Paper Mills LP,11601,Ontario,322130,Paperboard Mills
444,G10622,Thorold Cogen Generating Station,11841,Ontario,221112,Fossil-Fuel Electric Power Generation
445,G10626,PotashCorp Rocanville,4562,Saskatchewan,212396,Potash Mining
446,G10627,Genesee Mine,21778,Alberta,212115,Subbituminous Coal Mining
447,G10631,Cliff Central Heating and Cooling Plant,11845,Ontario,911910,Other Federal Government Public Administration
448,G10632,HUMBERSTONE LANDFILL,11575,Ontario,562210,Waste Treatment and Disposal
449,G10633,GFL Environmental inc.,31585,Quebec,562210,Waste Treatment and Disposal
450,G10634,Sanofi Pasteur Limited,5828,Ontario,325410,Pharmaceutical and Medicine Manufacturing
451,G10635,Ermine Power Station,24241,Saskatchewan,221112,Fossil-Fuel Electric Power Generation
452,G10638,West Doe Gas Plant,23196,British Columbia,211110,Oil and gas extraction (except oil sands)
453,G10639,Leismer SAGD Bitumen Battery,24145,Alberta,211141,In-situ oil sands extraction
454,G10640,Felix Schoeller inc,5552,Quebec,322121,Paper (except Newsprint) Mills
455,G10641,Skookumchuck Operation,1185,British Columbia,322112,Chemical Pulp Mills
456,G10643,Tenaris Algoma Tubes,11215,Ontario,331210,Iron and Steel Pipes and Tubes Manufacturing from Purchased Steel
457,G10644,Main Campus,27020,Ontario,611310,Universities
458,G10645,Canfor Green Energy Combined Heat and Power Plant,19958,Alberta,221119,Other Electric Power Generation
459,G10646,Halton Hills Generating Station,11860,Ontario,221112,Fossil-Fuel Electric Power Generation
460,G10647,Tree Island Industries Ltd.,5183,British Columbia,331222,Steel Wire Drawing
461,G10648,St George Campus,11865,Ontario,611310,Universities
462,G10649,Magog Landfill Bestan Inc.,6172,Quebec,562210,Waste Treatment and Disposal
463,G10650,Willow Creek Mine,20175,British Columbia,212114,Bituminous Coal Mining
464,G10651,Edson O.S.B.,2762,Alberta,321217,Waferboard Mills
465,G10652,Keele Campus,7299,Ontario,611310,Universities
466,G10653,Mercer Celgar Limited Partnership,672,British Columbia,322112,Chemical Pulp Mills
467,G10656,Carson Creek GP 4-23,21706,Alberta,211110,Oil and gas extraction (except oil sands)
468,G10657,Quebec Silicon LP,8807,Quebec,331110,Iron and Steel Mills and Ferro-Alloy Manufacturing
469,G10658,POTASH CORP - LANIGAN DIVISION,1885,Saskatchewan,212396,Potash Mining
470,G10660,Montney Gas Processing and Production IF-a,20202,British Columbia,211110,Oil and gas extraction (except oil sands)
471,G10661,Glacier Sour Gas Plant 05-02,23281,Alberta,211110,Oil and gas extraction (except oil sands)
472,G10662,Emerald Energy from Waste Inc.,4768,Ontario,562210,Waste Treatment and Disposal
473,G10663,111 Progress,5688,Ontario,322130,Paperboard Mills
474,G10664,Brampton Brick Limited,7302,Ontario,327120,Clay Building Material and Refractory Manufacturing
475,G10667,Collingwood Distillery,7685,Ontario,312140,Distilleries
476,G10668,Northern Prairie Thermal Electric Power Plant,23432,Alberta,221112,Fossil-Fuel Electric Power Generation
477,G10669,Mine Canadian Malartic,25188,Quebec,212220,Gold and Silver Ore Mining
478,G10670,DAPP Power LP Plant,25231,Alberta,221119,Other Electric Power Generation
479,G10673,Usine de Valleyfield,447,Quebec,312140,Distilleries
480,G10675,Horn River Comp Stn c-067-K,23528,British Columbia,211110,Oil and gas extraction (except oil sands)
481,G10676,Hythe Comp Stn A-005-G,22887,British Columbia,211110,Oil and gas extraction (except oil sands)
482,G10678,"Gerdau Ameristeel Corporation, Manitoba Mill",1651,Manitoba,331110,Iron and Steel Mills and Ferro-Alloy Manufacturing
483,G10679,Gibraltar Mine (SFO),1303,British Columbia,212233,Copper-Zinc Ore Mining
484,G10681,Hope Bay Project,25155,Nunavut,212220,Gold and Silver Ore Mining
485,G10683,Kawartha Ethanol Inc.,,Ontario,325190,Other Basic Organic Chemical Manufacturing
486,G10684,Emballages Krupack Place Turcot,5472,Quebec,322130,Paperboard Mills
487,G10686,Methanex Medicine Hat Methanol Plant,1782,Alberta,325190,Other Basic Organic Chemical Manufacturing
488,G10687,Bridgewater Plant,3468,Nova Scotia,326210,Tire Manufacturing
489,G10688,Waterville Plant,3470,Nova Scotia,326210,Tire Manufacturing
490,G10689,Pictou County Plant,3466,Nova Scotia,326210,Tire Manufacturing
491,G10690,Spy Hill Generating Station,25077,Saskatchewan,221112,Fossil-Fuel Electric Power Generation
492,G10692,Waskada 11-30-001-25 W1M,,Manitoba,211110,Oil and gas extraction (except oil sands)
493,G10693,Peyto Nosehill 11-21-055-20W5,21754,Alberta,211110,Oil and gas extraction (except oil sands)
494,G10696,Tattoo d-068-B/094-O-15 Compressor Station,20219,British Columbia,211110,Oil and gas extraction (except oil sands)
495,G10697,ROXUL Inc.,5687,Ontario,327990,All Other Non-Metallic Mineral Product Manufacturing
496,G10707,Wolf Lake Sweet Gas Plant,,Alberta,211110,Oil and gas extraction (except oil sands)
497,G10709,Shepard Landfill,19876,Alberta,562210,Waste Treatment and Disposal
498,G10710,Honda of Canada Mfg.,397,Ontario,336110,Automobile and Light-Duty Motor Vehicle Manufacturing
499,G10711,Pikes Peak South Thermal 05-07-049-23W3,27099,Saskatchewan,211110,Oil and gas extraction (except oil sands)
500,G10712,Tupper West 5-1 Gas Plant,25008,British Columbia,211110,Oil and gas extraction (except oil sands)
501,G10713,Tupper Main Gas Plant A-21-B/093-P-09,20195,British Columbia,211110,Oil and gas extraction (except oil sands)
502,G10714,Musreau Gas Plant,25284,Alberta,211110,Oil and gas extraction (except oil sands)
503,G10715,CORY,6507,Saskatchewan,212396,Potash Mining
504,G10716,Patience Lake Division,6884,Saskatchewan,212396,Potash Mining
505,G10718,PROFILE INDUSTRIES INC.,7088,Ontario,337214,Office Furniture (except Wood) Manufacturing
506,G10719,Lieu d'enfouissement technique,6301,Quebec,562990,All Other Waste Management Services
507,G10720,Lieu enfouissement technique de Champlain,33006,Quebec,562990,All Other Waste Management Services
508,G10721,Yellowhead Power Station,25271,Saskatchewan,221112,Fossil-Fuel Electric Power Generation
509,G10722,Mine du Lac Bloom,8783,Quebec,212210,Iron Ore Mining
510,G10724,Spec Furniture,,Ontario,337127,Institutional Furniture Manufacturing
511,G10725,Farrell Creek B-88-I,24059,British Columbia,211110,Oil and gas extraction (except oil sands)
512,G10726,Kaybob Gas Plant,3754,Alberta,211110,Oil and gas extraction (except oil sands)
513,G10727,Central Heating and Cooling Plant,23257,Alberta,611310,Universities
514,G10728,University of Saskatchewan,6937,Saskatchewan,611310,Universities
515,G10729,York Energy Centre,26407,Ontario,221112,Fossil-Fuel Electric Power Generation
516,G10730,Dépôt Rive-Nord,,Quebec,562210,Waste Treatment and Disposal
517,G10735,Mackay River Commercial Program,27826,Alberta,211141,In-situ oil sands extraction
518,G10736,Apex Utilities Inc.,,Alberta,221210,Natural Gas Distribution
519,G10738,"Gerdau Ameristeel Corporation, Cambridge Mill",4169,Ontario,331110,Iron and Steel Mills and Ferro-Alloy Manufacturing
520,G10742,Meadow Lake Power Station,17871,Saskatchewan,221112,Fossil-Fuel Electric Power Generation
521,G10744,Kirby South 13-21-73-7W4,26109,Alberta,211141,In-situ oil sands extraction
522,G10745,"Cascades Papier Kingsey Falls, une division de Cascades Canada ULC",8754,Quebec,322130,Paperboard Mills
523,G10746,Spyhill Landfill,25229,Alberta,562210,Waste Treatment and Disposal
524,G10749,Paradise Hill Thermal 08-27-053-24W3,27098,Saskatchewan,211110,Oil and gas extraction (except oil sands)
525,G10750,Kearl Oil Sands Processing Plant and Mine,27506,Alberta,211142,Mined oil sands extraction
526,G10751,Centrale de cogénération à la biomasse,8642,Quebec,221119,Other Electric Power Generation
527,G10753,North Battleford G.S.,27848,Saskatchewan,221112,Fossil-Fuel Electric Power Generation
528,G10756,Landis Power Station,6593,Saskatchewan,221112,Fossil-Fuel Electric Power Generation
529,G10757,Centre technologique AES,29092,Quebec,562210,Waste Treatment and Disposal
530,G10758,Dawson Gas Plant,26145,British Columbia,211110,Oil and gas extraction (except oil sands)
531,G10760,"TransCanada Pipeline, Quebec",,Quebec,486210,Pipeline Transportation of Natural Gas
532,G10762,Twin Creeks Landfill (formerly Warwick Landfill),11879,Ontario,562210,Waste Treatment and Disposal
533,G10763,Sunrise Gas Plant (03-18-080-17W6) - TOU,20212,British Columbia,211110,Oil and gas extraction (except oil sands)
534,G10765,Detour Lake Mine,11867,Ontario,212220,Gold and Silver Ore Mining
535,G10767,PARA KAYBOB 12-10-064-19W5,21911,Alberta,211110,Oil and gas extraction (except oil sands)
536,G10768,Meridian Lightweight Technologies Inc,7674,Ontario,331523,Non-Ferrous Die-Casting Foundries
537,G10769,Meridian Lightweight Technologies Inc. Plant E,7675,Ontario,331523,Non-Ferrous Die-Casting Foundries
538,G10770,Parkland Gas Plant 03-09,23752,British Columbia,211110,Oil and gas extraction (except oil sands)
539,G10771,Kaybob East 16-03,26425,Alberta,211110,Oil and gas extraction (except oil sands)
540,G10772,Kaybob West 07-14,26426,Alberta,211110,Oil and gas extraction (except oil sands)
541,G10773,Saxon 10-19,26427,Alberta,211110,Oil and gas extraction (except oil sands)
542,G10774,03-22-78-12-W6M,24125,Alberta,211110,Oil and gas extraction (except oil sands)
543,G10776,Wembley Gas Plant,536,Alberta,211110,Oil and gas extraction (except oil sands)
544,G10777,Viewfield Sour Gas Plant 13-05,21577,Saskatchewan,211110,Oil and gas extraction (except oil sands)
545,G10779,Shepard Energy Centre,28576,Alberta,221112,Fossil-Fuel Electric Power Generation
546,G10780,Sandall Thermal 06-14-051-24W3,28592,Saskatchewan,211110,Oil and gas extraction (except oil sands)
547,G10782,LES FORGES DE SOREL CIE - ST-JOSEPH-DE-SOREL,4797,Quebec,332113,Forging
548,G10783,Mosaic Potash Colonsay,1742,Saskatchewan,212396,Potash Mining
549,G10785,Myra Falls Mine Ltd.,2372,British Columbia,212233,Copper-Zinc Ore Mining
550,G10787,Kakwa River Gas Plant 08-13-063-05W6,26618,Alberta,211110,Oil and gas extraction (except oil sands)
551,G10788,Redwater Fractionation and Storage Facility,5287,Alberta,211110,Oil and gas extraction (except oil sands)
552,G10789,Saturn Deepcut Gas Plant 12-36,27964,Alberta,211110,Oil and gas extraction (except oil sands)
553,G10790,Peyto Swanson 12-31-053-19W5,26264,Alberta,211110,Oil and gas extraction (except oil sands)
554,G10791,Aluminerie Arvida - Centre technologique AP60,27853,Quebec,331313,Primary Production of Alumina and Aluminum
555,G10792,Saturn Gas Processing and Production IF-a,27856,British Columbia,211110,Oil and gas extraction (except oil sands)
556,G10793,Slave Lake Pulp,3959,Alberta,322111,Mechanical Pulp Mills
557,G10795,Banshee Gas Plant (15-12-050-21W5) - TOU,25300,Alberta,211110,Oil and gas extraction (except oil sands)
558,G10796,West Doe Gas Plant (13-25-080-16W6) - TOU,28043,British Columbia,211110,Oil and gas extraction (except oil sands)
559,G10797,Spirit River 06-03-078-07W6 Battery,19543,Alberta,211110,Oil and gas extraction (except oil sands)
560,G10798,Musreau Gas Plant (08-13-062-06W6) - TOU,18010,Alberta,211110,Oil and gas extraction (except oil sands)
561,G10799,Wildriver Gas Plant (14-20-056-23W5) - TOU,18844,Alberta,211110,Oil and gas extraction (except oil sands)
562,G10800,TRT ETGO du Québec inc.,26429,Quebec,311224,Oilseed Processing
563,G10801,Blair Creek Comp Stn d-058-F,19953,British Columbia,211110,Oil and gas extraction (except oil sands)
564,G10802,Gordondale Sour Gas Plant 16-31,27021,Alberta,211110,Oil and gas extraction (except oil sands)
565,G10804,AOC Hangingstone SAGD,28963,Alberta,211141,In-situ oil sands extraction
566,G10805,Durham York Energy Centre,29003,Ontario,562210,Waste Treatment and Disposal
567,G10806,Ferrier Comp Stn 13-05,27638,Alberta,211110,Oil and gas extraction (except oil sands)
568,G10807,Fort Saskatchewan Plant,698,Alberta,211110,Oil and gas extraction (except oil sands)
569,G10808,Guelph Campus,7328,Ontario,611310,Universities
570,G10809,JBS Foods Canada Inc.,5232,Alberta,311616,Beef cattle slaughtering
571,G10810,Long Harbour Operations,28761,Newfoundland and Labrador,331410,Non-Ferrous Metal (except Aluminum) Smelting and Refining
572,G10811,Petyo Oldman North 14-17-055-21W5,28711,Alberta,211110,Oil and gas extraction (except oil sands)
573,G10812,Rush Lake Thermal Pilot & Commercial 12-03-048-21W3,27100,Saskatchewan,211110,Oil and gas extraction (except oil sands)
574,G10813,Canadian Natural Upgrading Limited Muskeg River Mine and Jackpine Mine,6647,Alberta,211142,Mined oil sands extraction
575,G10814,Sundance 15-07-054-21W5 Gas Plant,21390,Alberta,211110,Oil and gas extraction (except oil sands)
576,G10815,Sunrise Thermal,29025,Alberta,211141,In-situ oil sands extraction
577,G10816,West Cadotte Power Plant,29034,Alberta,221112,Fossil-Fuel Electric Power Generation
578,G10817,LINDBERGH SAGD 04-25,29066,Alberta,211141,In-situ oil sands extraction
579,G10821,Glenridge Landfill Site,11891,Ontario,562210,Waste Treatment and Disposal
580,G10822,SAULT STE. MARIE MUNICIPAL LANDFILL,7265,Ontario,562210,Waste Treatment and Disposal
581,G10823,Air Liquide Canada - Bécancour Plan 2,6222,Quebec,325120,Industrial Gas Manufacturing
582,G10826,Fleet Street Landfill Site,30791,Saskatchewan,562990,All Other Waste Management Services
583,G10827,Charlottetown Generating Station,4268,Prince Edward Island,221112,Fossil-Fuel Electric Power Generation
584,G10828,ALBERTA NEWSPRINT,1028,Alberta,322122,Newsprint Mills
585,G10830,MSSC Canada,805,Ontario,336330,Motor Vehicle Steering and Suspension Components (except Spring) Manufacturing
586,G10832,Lator #2 01-21-063-02W6,21100,Alberta,211110,Oil and gas extraction (except oil sands)
587,G10833,Karr 07-11-064-04W6,23190,Alberta,211110,Oil and gas extraction (except oil sands)
588,G10834,Otter Lake Landfill,,Nova Scotia,562210,Waste Treatment and Disposal
589,G10835,Mary River Mine Site,28456,Nunavut,212210,Iron Ore Mining
590,G10836,North Portal Sour Gas Plant 01-09,29095,Saskatchewan,211110,Oil and gas extraction (except oil sands)
591,G10838,Windsor Plant,4863,Ontario,212393,Salt Mining
592,G10839,Holyrood Combustion Turbine,29053,Newfoundland and Labrador,221112,Fossil-Fuel Electric Power Generation
593,G10840,Port Hawkesbury Biomass Cogeneration Power Plant,27956,Nova Scotia,221119,Other Electric Power Generation
594,G10841,Edam East Thermal 05-08-048-19W3,29385,Saskatchewan,211110,Oil and gas extraction (except oil sands)
595,G10842,Vawn Thermal 16-01-048-19W3,29387,Saskatchewan,211110,Oil and gas extraction (except oil sands)
596,G10843,Cargill Limited Clavet - Oilseed Processing,5274,Saskatchewan,311224,Oilseed Processing
597,G10846,Peyto Brazeau 06-12-044-13W5,28710,Alberta,211110,Oil and gas extraction (except oil sands)
598,G10847,Tafisa Canada,5526,Quebec,321216,Particle Board and Fibreboard Mills
599,G10850,Altares Gas Plant b-72-A,28831,British Columbia,211110,Oil and gas extraction (except oil sands)
600,G10857,Williams Mine,3197,Ontario,212220,Gold and Silver Ore Mining
601,G10860,McCain Foods (Canada) GRAND FALLS,3353,New Brunswick,311990,All Other Food Manufacturing
602,G10863,Meliadine Gold Project,29389,Nunavut,212220,Gold and Silver Ore Mining
603,G10864,Coronation Landfill,24237,Alberta,562210,Waste Treatment and Disposal
604,G10865,Lieu d'enfouissement technique,35490,Quebec,562210,Waste Treatment and Disposal
605,G10866,"FLORENCEVILLE, NEW BRUNSWICK",3350,New Brunswick,311410,Frozen Food Manufacturing
606,G10867,Usine de St-Jérôme,28625,Quebec,322121,Paper (except Newsprint) Mills
607,G10868,Edmonton International Airport,21232,Alberta,488190,Other Support Activities for Air Transportation
608,G10870,Kaybob Gas Plant 15-31,28182,Alberta,211110,Oil and gas extraction (except oil sands)
609,G10872,Atlantic Wallboard,8087,New Brunswick,327420,Gypsum Product Manufacturing
610,G10873,Brucejack Gold Mine,29072,British Columbia,212220,Gold and Silver Ore Mining
611,G10876,Dumur Industries,28557,Saskatchewan,336990,Other Transportation Equipment Manufacturing
612,G10877,Watson Lake Power Plant,31006,Yukon,221112,Fossil-Fuel Electric Power Generation
613,G10878,Red Deer Batch Plant,6851,Alberta,237310,"Highway, Street and Bridge Construction"
614,G10879,Camrose Batch Plant,6850,Alberta,237310,"Highway, Street and Bridge Construction"
615,G10881,Flakeboard,4842,New Brunswick,321216,Particle Board and Fibreboard Mills
616,G10882,Hinton Batch Plant,6849,Alberta,237310,"Highway, Street and Bridge Construction"
617,G10883,Border Paving 20010,24232,Alberta,237310,"Highway, Street and Bridge Construction"
618,G10885,Stony Plain Batch Plant,6852,Alberta,237310,"Highway, Street and Bridge Construction"
619,G10887,Red Deer Main Office,,Alberta,551114,Head Offices
620,G10889,Red Deer Truck Shop,,Alberta,484110,"General Freight Trucking, Local"
621,G10890,Seabee,23273,Saskatchewan,212220,Gold and Silver Ore Mining
622,G10896,Atholville Mill,5008,New Brunswick,322112,Chemical Pulp Mills
623,G10897,Scotford Hydrogen Facility,29468,Alberta,325120,Industrial Gas Manufacturing
624,G10899,DEPARTMENT OF Facilities Management,6069,New Brunswick,611310,Universities
625,G10900,Milne Port Site,28455,Nunavut,212210,Iron Ore Mining
626,G10902,Red Lake Operation,2710,Ontario,212220,Gold and Silver Ore Mining
627,G10903,SOCIÉTÉ EN COMMANDITE REVENU NORANDA - VALLEYFIELD,2938,Quebec,331410,Non-Ferrous Metal (except Aluminum) Smelting and Refining
628,G10904,Casa Berardi,8600,Quebec,212220,Gold and Silver Ore Mining
629,G10907,La Mine Niobec,2100,Quebec,212299,All Other Metal Ore Mining
630,G10908,McClean Lake Operations,4866,Saskatchewan,212291,Uranium Ore Mining
631,G10909,MOSAIC POTASH ESTERHAZY - K1 SITE,1510,Saskatchewan,212396,Potash Mining
632,G10911,La mine Doyon,1608,Quebec,212220,Gold and Silver Ore Mining
633,G10912,Timmins Micronizing Plant,10565,Ontario,212398,All Other Non-Metallic Mineral Mining and Quarrying
634,G10913,Key Lake Operation,1148,Saskatchewan,212291,Uranium Ore Mining
635,G10916,Poplar River Mine,21776,Saskatchewan,212116,Lignite Coal Mining
636,G10917,Island Gold Mine,11454,Ontario,212220,Gold and Silver Ore Mining
637,G10919,GODERICH PLANT,10287,Ontario,212393,Salt Mining
638,G10920,Nepheline Syenite Operations,10625,Ontario,212326,"Shale, Clay and Refractory Mineral Mining and Quarrying"
639,G10921,HBMS Chisel Lake Mine,21543,Manitoba,212233,Copper-Zinc Ore Mining
640,G10922,McArthur River Operation,1149,Saskatchewan,212291,Uranium Ore Mining
641,G10923,Cigar Lake Operation,19397,Saskatchewan,212291,Uranium Ore Mining
642,G10924,Porcupine Gold Mines,1941,Ontario,212220,Gold and Silver Ore Mining
643,G10925,ADM AGRI-INDUSTRIES - ADM Candiac,5498,Quebec,311990,All Other Food Manufacturing
644,G10926,Impala Canada Ltd.,7369,Ontario,212299,All Other Metal Ore Mining
645,G10927,Canada Brick - Burlington,635,Ontario,327120,Clay Building Material and Refractory Manufacturing
646,G10928,Canada Brick - Aldershot,7005,Ontario,327120,Clay Building Material and Refractory Manufacturing
647,G10929,Lake Shore Gold Timmins West Mine,11794,Ontario,212220,Gold and Silver Ore Mining
648,G10930,McEwen Ontario Black Fox Mine,3810,Ontario,212220,Gold and Silver Ore Mining
649,G10931,Bell Creek Complex,11796,Ontario,212220,Gold and Silver Ore Mining
650,G10932,Brassey Gas Processing and Production IF-a,20201,British Columbia,211110,Oil and gas extraction (except oil sands)
651,G10933,Sunset Gas Processing and Production IF-a,20210,British Columbia,211110,Oil and gas extraction (except oil sands)
652,G10934,Houweling Nurseries Ltd. - Delta,7948,British Columbia,111419,Other Food Crops Grown Under Cover
653,G10935,Windset Farms (Canada) Ltd. - Ladner,7918,British Columbia,111419,Other Food Crops Grown Under Cover
654,G10936,Dawson Sour Gas Plant 05-35,23865,British Columbia,211110,Oil and gas extraction (except oil sands)
655,G10938,Masset Diesel Generating Station,7801,British Columbia,221112,Fossil-Fuel Electric Power Generation
656,G10939,"Coastland Wood Industries Ltd., Annacis Division",7942,British Columbia,321212,Softwood Veneer and Plywood Mills
657,G10940,South Hiding Creek Comp Station B-053-A,,British Columbia,211110,Oil and gas extraction (except oil sands)
658,G10941,Ring Border Sweet Gas Plant,,British Columbia,211110,Oil and gas extraction (except oil sands)
659,G10944,Dawson Creek Comp Stn 09-15,22878,British Columbia,211110,Oil and gas extraction (except oil sands)
660,G10945,Hythe Comp Stn D-033-I,22313,British Columbia,211110,Oil and gas extraction (except oil sands)
661,G10947,Hythe Comp Stn D-019-H,22312,British Columbia,211110,Oil and gas extraction (except oil sands)
662,G10948,Hay Gas Plant,6638,British Columbia,211110,Oil and gas extraction (except oil sands)
663,G10949,Lantic Inc. - Vancouver Refinery,941,British Columbia,311310,Sugar Manufacturing
664,G10950,Martin Creek Sour Gas Plant (b-002-E/094-H-06) - TOU,17701,British Columbia,211110,Oil and gas extraction (except oil sands)
665,G10952,Heffley Creek Division,7843,British Columbia,321212,Softwood Veneer and Plywood Mills
666,G10953,Lavington Planer Mill,7792,British Columbia,321111,Sawmills (except Shingle and Shake Mills)
667,G10954,Village Farms - Delta I,20003,British Columbia,111419,Other Food Crops Grown Under Cover
668,G10955,West Coast Reduction Ltd.,2364,British Columbia,311614,Rendering and Meat Processing from Carcasses
669,G10957,CIPA Lumber Co. Ltd.,7822,British Columbia,321212,Softwood Veneer and Plywood Mills
670,G10959,BCBT0002871,,British Columbia,211110,Oil and gas extraction (except oil sands)
671,G10963,Wroe 08-12-057-25W5 Compressor,19544,Alberta,211110,Oil and gas extraction (except oil sands)
672,G10964,Laprise Main Battery (D-030-E/094-H-05),,British Columbia,211110,Oil and gas extraction (except oil sands)
673,G10966,Parkland Comp Stn 08-13,,British Columbia,211110,Oil and gas extraction (except oil sands)
674,G10968,Septimus Sweet Gas Plant 12-27,23471,British Columbia,211110,Oil and gas extraction (except oil sands)
675,G10970,Birch Oil Battery c-018-I/94-A-13,,British Columbia,211110,Oil and gas extraction (except oil sands)
676,G10974,Doe 01-32-80-15W6 Compressor,25050,British Columbia,211110,Oil and gas extraction (except oil sands)
677,G10975,Navan Landfill,10967,Ontario,562210,Waste Treatment and Disposal
678,G10976,West Pembina Battery and Compressor,18170,Alberta,211110,Oil and gas extraction (except oil sands)
679,G10977,Granada Gas Plant,18168,Alberta,211110,Oil and gas extraction (except oil sands)
680,G10978,Wapiti Compressor Station 07-22,,Alberta,211110,Oil and gas extraction (except oil sands)
681,G10979,Eta Lake Gas Plant,18169,Alberta,211110,Oil and gas extraction (except oil sands)
682,G10981,Kakwa Gas Plant 10-07-063-05W6,17066,Alberta,211110,Oil and gas extraction (except oil sands)
683,G10982,KUNTZ ELECTROPLATING INC.,3111,Ontario,332810,"Coating, Engraving, Heat Treating and Allied Activities"
684,G10983,CertainTeed Insulation Ottawa,1857,Ontario,325220,Artificial and Synthetic Fibres and Filaments Manufacturing
685,G10985,Gibbons Site,250,Alberta,325189,All Other Basic Inorganic Chemical Manufacturing
686,G10986,DALSA SEMICONDUCTOR - BROMONT,1623,Quebec,334410,Semiconductor and Other Electronic Component Manufacturing
687,G10989,Edmonton Plant,1251,Alberta,327990,All Other Non-Metallic Mineral Product Manufacturing
688,G10990,ALBERTA DISTILLERS,2599,Alberta,312140,Distilleries
689,G10991,BIOX Canada Limited,11700,Ontario,325190,Other Basic Organic Chemical Manufacturing
690,G10993,Ante Creek North Sour Gas Plant 02-26,15131,Alberta,211110,Oil and gas extraction (except oil sands)
691,G10994,Oil Recovery Division,4772,Ontario,324190,Other Petroleum and Coal Products Manufacturing
692,G10998,CARBERRY FACTORY,7183,Manitoba,311990,All Other Food Manufacturing
693,G11000,Mitsue Sour GP 10-30-72-4W5,16149,Alberta,211110,Oil and gas extraction (except oil sands)
694,G11001,Scots Lake 13-7-16-11W4,17543,Alberta,211110,Oil and gas extraction (except oil sands)
695,G11003,Slave Lake Sour Gas Plant 09-15,22557,Alberta,211110,Oil and gas extraction (except oil sands)
696,G11004,Pembalta #7 Sour Gas Plant 04-34,,Alberta,211110,Oil and gas extraction (except oil sands)
697,G11005,Willesden Green Sweet Gas Plant 14-01,,Alberta,211110,Oil and gas extraction (except oil sands)
698,G11006,Kelt Progress Battery 06-19-077-09W6,17498,Alberta,211110,Oil and gas extraction (except oil sands)
699,G11008,CFB/ BFC Halifax - Parc Windsor Park,6015,Nova Scotia,911110,Defence Services
700,G11009,Toronto Plant,1245,Ontario,327990,All Other Non-Metallic Mineral Product Manufacturing
701,G11010,Hussar Gas Plant 13-36-024-21W4,16981,Alberta,211110,Oil and gas extraction (except oil sands)
702,G11011,Obed 01-21-055-23W5 Compressor,21388,Alberta,211110,Oil and gas extraction (except oil sands)
703,G11012,LRE - Edson Gas Plant 01-13,23475,Alberta,211110,Oil and gas extraction (except oil sands)
704,G11013,Apotex Inc. Etobicoke Site,10731,Ontario,325410,Pharmaceutical and Medicine Manufacturing
705,G11014,LA CIE MATÉRIAUX DE CONSTRUCTION  BP CANADA - LASALLE,6241,Quebec,324122,Asphalt Shingle and Coating Material Manufacturing
706,G11015,THE CALGARY AIRPORT AUTHORITY - CALGARY,6794,Alberta,481110,Scheduled Air Transportation
707,G11016,3 CDSG/BS 3 DIV Edmonton,6967,Alberta,911110,Defence Services
708,G11017,Leduc 02/10-22,23004,Alberta,211110,Oil and gas extraction (except oil sands)
709,G11018,Biorigin Specialty Products,7416,Ontario,322121,Paper (except Newsprint) Mills
710,G11019,Belleville,5615,Ontario,322291,Sanitary Paper Product Manufacturing
711,G11020,Matalco Canada Inc.,11431,Ontario,331317,"Aluminum Rolling, Drawing, Extruding and Alloying"
712,G11021,Ste. Agathe (Canola Crush Plant) Viterra,23797,Manitoba,311224,Oilseed Processing
713,G11022,Lator #1 01-21-063-02W6,23191,Alberta,211110,Oil and gas extraction (except oil sands)
714,G11025,Chalk River Laboratories,3147,Ontario,541990,"All Other Professional, Scientific and Technical Services"
715,G11026,Toronto Brewery,3245,Ontario,312120,Breweries
716,G11027,4 CDSB / BS 4 Div C Petawawa - Petawawa,7641,Ontario,911110,Defence Services
717,G11028,Moorefield,2068,Ontario,311614,Rendering and Meat Processing from Carcasses
718,G11029,Bantry Sour Gas Plant & Power Plant,15160,Alberta,211110,Oil and gas extraction (except oil sands)
719,G11030,Edmonton Ethane Extraction Plant,4165,Alberta,211110,Oil and gas extraction (except oil sands)
720,G11031,CFB/ BFC Esquimalt - Dockyard,7987,British Columbia,911110,Defence Services
721,G11032,Usine de production de polystyrène expansible,3250,Quebec,325210,Resin and Synthetic Rubber Manufacturing
722,G11034,Roseburg Forest Products Canada Ltd. (Pembroke MDF),5609,Ontario,321216,Particle Board and Fibreboard Mills
723,G11036,5 CDSB/ BS 5 DIV Gagetown,5099,New Brunswick,911110,Defence Services
724,G11037,Willesden Green Comp Stn 08-04,19903,Alberta,211110,Oil and gas extraction (except oil sands)
725,G11038,Conroy d48 Compressor (d-048-C/094-H-12) - TOU,23316,British Columbia,211110,Oil and gas extraction (except oil sands)
726,G11039,Incinérateur de Lévis,5546,Quebec,562210,Waste Treatment and Disposal
727,G11040,Fort McMurray WWTP,6502,Alberta,221320,Sewage Treatment Facilities
728,G11041,Maple Lodge Farms,10653,Ontario,311615,Poultry Processing
729,G11042,Real Alloy Mississauga,5732,Ontario,331317,"Aluminum Rolling, Drawing, Extruding and Alloying"
730,G11043,"Canada Malting, Thunder Bay",7432,Ontario,311214,Rice Milling and Malt Manufacturing
731,G11046,Great Lakes Copper Ltd.,2396,Ontario,331420,"Copper Rolling, Drawing, Extruding and Alloying"
732,G11047,ARROW Utilities Wastewater Treatment Plant,6648,Alberta,221320,Sewage Treatment Facilities
733,G11048,Compagnie Alpek Polyester Canada inc.,8684,Quebec,325210,Resin and Synthetic Rubber Manufacturing
734,G11049,Moose Jaw Refinery,2712,Saskatchewan,324110,Petroleum Refineries
735,G11050,Peintures MF Inc.,5584,Quebec,325510,Paint and Coating Manufacturing
736,G11051,HCE Energy Centre,10672,Ontario,221330,Steam and Air-Conditioning Supply
737,G11052,Agropur Coopérative - Usine de Beauceville,4792,Quebec,311515,"Butter, Cheese, and Dry and Condensed Dairy Products Manufacturing"
738,G11053,Agropur Coopérative - Usine de Granby,4341,Quebec,311515,"Butter, Cheese, and Dry and Condensed Dairy Products Manufacturing"
739,G11054,Agropur Coopérative - Usine de Notre-Dame-du-Bon-Conseil,4342,Quebec,311515,"Butter, Cheese, and Dry and Condensed Dairy Products Manufacturing"
740,G11055,Agropur Coopérative - Usine de Plessisville,6468,Quebec,311515,"Butter, Cheese, and Dry and Condensed Dairy Products Manufacturing"
741,G11056,Innisfail Plant,2630,Alberta,327214,Glass Manufacturing
742,G11057,Waste Management Facility,17141,Alberta,562210,Waste Treatment and Disposal
743,G11058,Main Campus,6008,Nova Scotia,611310,Universities
744,G11059,FORMET INDUSTRIES,5725,Ontario,336390,Other Motor Vehicle Parts Manufacturing
745,G11060,Canadian General-Tower Ltd.,3475,Ontario,326114,Unsupported Plastic Film and Sheet Manufacturing
746,G11064,CASCADES EMBALLAGE CARTON-CAISSE CABANO,,Quebec,322121,Paper (except Newsprint) Mills
747,G11066,CFB/ BFC Borden,10486,Ontario,911110,Defence Services
748,G11067,Montreal Power House,7868,Quebec,488190,Other Support Activities for Air Transportation
749,G11068,Lethbridge,4829,Alberta,311224,Oilseed Processing
750,G11070,ERCO Worldwide Saskatoon plant,2074,Saskatchewan,325181,Alkali and Chlorine Manufacturing
751,G11072,5 WG/ 5 Esc Goose Bay,746,Newfoundland and Labrador,911110,Defence Services
752,G11073,Panolam Industries Ltd./Daiken North America Ltd.,1199,Ontario,321216,Particle Board and Fibreboard Mills
753,G11074,Hexion Canada Inc.- Edmonton Facility,11,Alberta,325210,Resin and Synthetic Rubber Manufacturing
754,G11075,Olymel s.e.c St-Esprit,,Quebec,311611,Animal (except Poultry) Slaughtering
755,G11076,Maple Leaf Foods - Brandon,5317,Manitoba,311617,Hog slaughtering
756,G11077,Valleyfield,10280,Quebec,325189,All Other Basic Inorganic Chemical Manufacturing
757,G11079,Cargill High River Plant,,Alberta,311616,Beef cattle slaughtering
758,G11080,Powerhouse,6836,Manitoba,611310,Universities
759,G11081,Ingredion Canada Corporation,488,Ontario,311221,Wet Corn Milling
760,G11082,G.E. Booth Water Resource Recovery Facility,3803,Ontario,221320,Sewage Treatment Facilities
761,G11084,Hartmann North America,11039,Ontario,322299,All Other Converted Paper Product Manufacturing
762,G11085,Moose Jaw,17705,Saskatchewan,327215,Glass Product Manufacturing from Purchased Glass
763,G11087,Tunney's Pasture Central Heating and Cooling Plant,10177,Ontario,911910,Other Federal Government Public Administration
764,G11088,Confederation Heights Central Heating and Cooling Plant,11482,Ontario,911910,Other Federal Government Public Administration
765,G11089,Sanimax Lom Inc.,8594,Quebec,311614,Rendering and Meat Processing from Carcasses
766,G11090,Usine Dorval,1139,Quebec,336410,Aerospace Product and Parts Manufacturing
767,G11091,Valhalla 03-27-075-09W6 BTY,16633,Alberta,211110,Oil and gas extraction (except oil sands)
768,G11092,Sonoco Brantford,10193,Ontario,322130,Paperboard Mills
769,G11093,Halton Waste Management Site,11621,Ontario,562210,Waste Treatment and Disposal
770,G11095,INFASCO,449,Quebec,331221,Cold-Rolled Steel Shape Manufacturing
771,G11097,Rain Carbon Canada Inc.,2070,Ontario,325190,Other Basic Organic Chemical Manufacturing
772,G11098,ArcelorMittal Coteau Du Lac Inc,4328,Quebec,339990,All Other Miscellaneous Manufacturing
773,G11100,Trilogy Presley 03-29-059-19,21914,Alberta,211110,Oil and gas extraction (except oil sands)
774,G11102,Goodyear Canada Inc.,1322,Ontario,326210,Tire Manufacturing
775,G11103,Kaiser Aluminum Canada Limited,,Ontario,331317,"Aluminum Rolling, Drawing, Extruding and Alloying"
776,G11104,Victoriaville,5473,Quebec,311515,"Butter, Cheese, and Dry and Condensed Dairy Products Manufacturing"
777,G11105,Winchester,3840,Ontario,311515,"Butter, Cheese, and Dry and Condensed Dairy Products Manufacturing"
778,G11106,Strathcona Paper LP,4831,Ontario,322130,Paperboard Mills
779,G11107,Beiseker Compressor Station 04-15,17192,Alberta,211110,Oil and gas extraction (except oil sands)
780,G11108,Joffre Compressor Station 04-22,17195,Alberta,211110,Oil and gas extraction (except oil sands)
781,G11109,LA CIE MATÉRIAUX DE CONSTRUCTION BP CANADA - Pont-Rouge,4982,Quebec,321216,Particle Board and Fibreboard Mills
782,G11111,McCain Foods Coaldale FF plant,5020,Alberta,311410,Frozen Food Manufacturing
783,G11112,Ferrier Comp Stn 09-03,26520,Alberta,211110,Oil and gas extraction (except oil sands)
784,G11113,Montreal Sulphur Plant,2229,Quebec,325189,All Other Basic Inorganic Chemical Manufacturing
785,G11114,Portable Plant 020008,21076,Alberta,237310,"Highway, Street and Bridge Construction"
786,G11115,Cargill Guelph Dunlop Facility,11105,Ontario,311616,Beef cattle slaughtering
787,G11116,USINE MONTREAL,705,Quebec,311990,All Other Food Manufacturing
788,G11119,MSC Toronto,,Ontario,332810,"Coating, Engraving, Heat Treating and Allied Activities"
789,G11120,8 WG/ 8 Esc Trenton,744,Ontario,911110,Defence Services
790,G11121,Spray Lake Sawmills (1980) Ltd. (Cochrane Sawmill),2517,Alberta,321114,Wood Preservation
791,G11122,CFB/ BFC Kingston,7294,Ontario,911110,Defence Services
792,G11123,"Fabrication région Est, Sherbrooke",1878,Quebec,322121,Paper (except Newsprint) Mills
793,G11124,Baycoat,15,Ontario,332810,"Coating, Engraving, Heat Treating and Allied Activities"
794,G11125,Sanimax ACI,8596,Quebec,311614,Rendering and Meat Processing from Carcasses
795,G11127,4 WG/ 4 Esc Cold Lake,6697,Alberta,911110,Defence Services
796,G11128,Sivaco Québec,3812,Quebec,331222,Steel Wire Drawing
797,G11129,Welland Plant,222,Ontario,325999,All Other Miscellaneous Chemical Product Manufacturing
798,G11130,Swan Hills Treatment Center,1042,Alberta,562210,Waste Treatment and Disposal
799,G11132,CAMI Assembly Plant,3480,Ontario,336110,Automobile and Light-Duty Motor Vehicle Manufacturing
800,G11133,3M BROCKVILLE 501,3210,Ontario,322220,Paper Bag and Coated and Treated Paper Manufacturing
801,G11134,Queen's University - Kingston Main Campus,,Ontario,611310,Universities
802,G11135,Portage la Prairie,21477,Manitoba,311410,Frozen Food Manufacturing
803,G11136,MCCAIN FOODS (CANADA) - PORTAGE LA PRAIRIE,6938,Manitoba,311410,Frozen Food Manufacturing
804,G11139,Galloway Gas Plant 12-05-054-20W5,17070,Alberta,211110,Oil and gas extraction (except oil sands)
805,G11140,CKF - HANTSPORT,6006,Nova Scotia,322299,All Other Converted Paper Product Manufacturing
806,G11142,MCMASTER UNIVERSITY,10600,Ontario,611310,Universities
807,G11150,Glen Ewen Sour Gas Plant 05-14,22243,Saskatchewan,211110,Oil and gas extraction (except oil sands)
808,G11151,Formica Canada Inc,4378,Quebec,326130,"Laminated Plastic Plate, Sheet and Shape Manufacturing"
809,G11153,G/BS 3 DIV Edmonton Garrison Suffield,6578,Alberta,911110,Defence Services
810,G11155,LRE - Donnelly Gas Plant 06-01,22578,Alberta,211110,Oil and gas extraction (except oil sands)
811,G11156,Gimli Plant,2097,Manitoba,312140,Distilleries
812,G11158,"Kimberly Clark, Huntsville Mill",2917,Ontario,322121,Paper (except Newsprint) Mills
813,G11159,Warden Energy Centre,10448,Ontario,221330,Steam and Air-Conditioning Supply
814,G11161,Foothills Medical Centre Power Plant,15739,Alberta,221112,Fossil-Fuel Electric Power Generation
815,G11162,North Sheridan Landfill Site (Closed),10804,Ontario,562110,Waste Collection
816,G11164,Waterton Complex - Compressor Station W,17876,Alberta,211110,Oil and gas extraction (except oil sands)
817,G11165,BLIND RIVER REFINERY,3657,Ontario,325189,All Other Basic Inorganic Chemical Manufacturing
818,G11166,Lindbergh Custom Treating Facility,21098,Alberta,211110,Oil and gas extraction (except oil sands)
819,G11167,LA BRASSERIE LABATT,3107,Quebec,312120,Breweries
820,G11168,Niton Sweet Gas Plant,5345,Alberta,211110,Oil and gas extraction (except oil sands)
821,G11171,WASTEWATER TREATMENT PLANT,5347,Saskatchewan,221320,Sewage Treatment Facilities
822,G11172,Toyota Motor Manufacturing Canada Inc. (Woodstock),11576,Ontario,336110,Automobile and Light-Duty Motor Vehicle Manufacturing
823,G11173,BUNGE CANADA - ALTONA PLANT,159,Manitoba,311224,Oilseed Processing
824,G11174,BUNGE CANADA - FORT SASKATCHEWAN PLANT,4468,Alberta,311224,Oilseed Processing
825,G11175,BUNGE CANADA - HARROWBY PLANT,4896,Manitoba,311224,Oilseed Processing
826,G11176,Papeterie de Dolbeau,1979,Quebec,322121,Paper (except Newsprint) Mills
827,G11177,Sturgeon 13-07-069-24-W5 GP,17247,Alberta,211110,Oil and gas extraction (except oil sands)
828,G11179,JCWP 7-6,23628,Alberta,211110,Oil and gas extraction (except oil sands)
829,G11181,LRE - Cherhill Gas Plant 02-25,15475,Alberta,211110,Oil and gas extraction (except oil sands)
830,G11183,Beartrap Custom Treating Facility,21096,Alberta,211110,Oil and gas extraction (except oil sands)
831,G11186,BUNGE CANADA - NIPAWIN PLANT,163,Saskatchewan,311224,Oilseed Processing
832,G11187,North East Station 7-15,18580,Alberta,211110,Oil and gas extraction (except oil sands)
833,G11196,Wild Hay Gas Battery 13-24,,Alberta,211110,Oil and gas extraction (except oil sands)
834,G11200,Smoky Sweet Gas Plant 07-36,,Alberta,211110,Oil and gas extraction (except oil sands)
835,G11203,LET de La Nouvelle-Beauce,32981,Quebec,562210,Waste Treatment and Disposal
836,G11205,Ferrier 01-34-040-09 W5M,,Alberta,211110,Oil and gas extraction (except oil sands)
837,G11206,Installations Portuaires et Services Ferroviaires,5561,Quebec,482112,Short-Haul Freight Rail Transportation
838,G11207,Hythe Comp Stn A-029-H,22311,British Columbia,211110,Oil and gas extraction (except oil sands)
839,G11208,Usine de Gatineau,929,Quebec,322122,Newsprint Mills
840,G11209,Centrale de Kuujjuaq,6147,Quebec,221112,Fossil-Fuel Electric Power Generation
841,G11210,Centrale d'Obedjiwan,6145,Quebec,221112,Fossil-Fuel Electric Power Generation
842,G11211,Prairie Green IWMF,21058,Manitoba,562210,Waste Treatment and Disposal
843,G11212,Kapuskasing Paper Mill,2173,Ontario,322122,Newsprint Mills
844,G11213,Cactus Lake Battery,6640,Saskatchewan,211110,Oil and gas extraction (except oil sands)
845,G11215,Midale Complex 07-12-06-11W2,5255,Saskatchewan,211110,Oil and gas extraction (except oil sands)
846,G11216,Consort Sweet Gas Plant,15385,Alberta,211110,Oil and gas extraction (except oil sands)
847,G11217,Wildhay Cecilia-Kaybob Plant,19309,Alberta,211110,Oil and gas extraction (except oil sands)
848,G11219,Leafland Facility,15348,Alberta,211110,Oil and gas extraction (except oil sands)
849,G11220,Air Liquide Canada - Hamilton (ASU and H2),3503,Ontario,325120,Industrial Gas Manufacturing
850,G11221,"Cascades Groupe Tissu Candiac, une division de Cascades Canada ULC",2524,Quebec,322121,Paper (except Newsprint) Mills
851,G11225,Graphic Packaging International Canada ULC - East Angus,8743,Quebec,322130,Paperboard Mills
852,G11226,Everdell 14-20-038-07W5 GP,17116,Alberta,211110,Oil and gas extraction (except oil sands)
853,G11227,Armstrong Division,7941,British Columbia,321212,Softwood Veneer and Plywood Mills
854,G11228,Soda Creek,7939,British Columbia,321111,Sawmills (except Shingle and Shake Mills)
855,G11229,"Cascades Groupe Tissu Kingsey Falls, une division de Cascades Canada ULC",5541,Quebec,322291,Sanitary Paper Product Manufacturing
856,G11231,ArcelorMittal Longueuil,6165,Quebec,331110,Iron and Steel Mills and Ferro-Alloy Manufacturing
857,G11232,Moose Mountain Compressor Station,17872,Alberta,211110,Oil and gas extraction (except oil sands)
858,G11233,Bonnybrook Wastewater Treatment Plant,5308,Alberta,221320,Sewage Treatment Facilities
859,G11234,Greenway Pollution Control Centre,4743,Ontario,221320,Sewage Treatment Facilities
860,G11235,Drayton Valley Sawmill,2760,Alberta,321111,Sawmills (except Shingle and Shake Mills)
861,G11236,Joffre Nitrogen Operations,1175,Alberta,325313,Chemical Fertilizer (except Potash) Manufacturing
862,G11238,Dunvegan Plant 15-03-081-04 W6M,,Alberta,211110,Oil and gas extraction (except oil sands)
863,G11239,Alberta Processing Company,2365,Alberta,311614,Rendering and Meat Processing from Carcasses
864,G11240,Northern Alberta Processing Company,4910,Alberta,311614,Rendering and Meat Processing from Carcasses
865,G11241,Guelph Glass Plant,3287,Ontario,327214,Glass Manufacturing
866,G11242,Établissement 01,1961,Quebec,336410,Aerospace Product and Parts Manufacturing
867,G11243,Etobicoke Casting Plant,199,Ontario,331523,Non-Ferrous Die-Casting Foundries
868,G11245,Steelman Gas Plant,4157,Saskatchewan,211110,Oil and gas extraction (except oil sands)
869,G11249,Pembina  North Gas Plant,689,Alberta,211110,Oil and gas extraction (except oil sands)
870,G11251,"Alberta Plywood, a division of West Fraser Mills Ltd.",7787,Alberta,321212,Softwood Veneer and Plywood Mills
871,G11252,Nottingham Gas Plant 07-17-005-32-W1,17261,Saskatchewan,211110,Oil and gas extraction (except oil sands)
872,G11253,Centrica Compressor Station 10-10,17605,Alberta,211110,Oil and gas extraction (except oil sands)
873,G11256,East River,5070,Nova Scotia,321216,Particle Board and Fibreboard Mills
874,G11257,Turin Sour Gas Plant,18125,Alberta,211110,Oil and gas extraction (except oil sands)
875,G11258,01-30 South Swan Hills CS,17445,Alberta,211110,Oil and gas extraction (except oil sands)
876,G11260,PETRO-CAN WHITECOURT,3757,Alberta,211110,Oil and gas extraction (except oil sands)
877,G11262,Teepee Creek Plant 07-02-074-04 W6M,,Alberta,211110,Oil and gas extraction (except oil sands)
878,G11264,Chime 08-13,25287,Alberta,211110,Oil and gas extraction (except oil sands)
879,G11265,Alder Flats Sweet Gas Plant,,Alberta,211110,Oil and gas extraction (except oil sands)
880,G11266,Ferrier Comp Stn 13-17,,Alberta,211110,Oil and gas extraction (except oil sands)
881,G11267,Hoadley Comp Station 08-06,18655,Alberta,211110,Oil and gas extraction (except oil sands)
882,G11269,Medicine River Sour Gas Plant,,Alberta,211110,Oil and gas extraction (except oil sands)
883,G11271,Peco Sweet Gas Plant,,Alberta,211110,Oil and gas extraction (except oil sands)
884,G11275,Viking Sweet Gas Plant,6626,Alberta,211110,Oil and gas extraction (except oil sands)
885,G11276,Wapiti Comp Station 07-23,,Alberta,211110,Oil and gas extraction (except oil sands)
886,G11277,Carrot Creek Gas Plant,18793,Alberta,211110,Oil and gas extraction (except oil sands)
887,G11279,Brazeau Comp Stn 02-10,18804,Alberta,221210,Natural Gas Distribution
888,G11280,Hussar Crowfoot Comp Stn 01-36,16498,Alberta,211110,Oil and gas extraction (except oil sands)
889,G11281,Hussar Crowfoot Sweet Gas Plant 14-01,16512,Alberta,211110,Oil and gas extraction (except oil sands)
890,G11283,Hythe Gas Battery 15-31,19562,Alberta,211110,Oil and gas extraction (except oil sands)
891,G11284,Redland Comp Stn 11-19,16711,Alberta,211110,Oil and gas extraction (except oil sands)
892,G11285,Redland Sweet Gas Plant (01-20),16532,Alberta,211110,Oil and gas extraction (except oil sands)
893,G11288,Countess Makepeace Sweet Gas Plant 12-33-022-18W4,16562,Alberta,211110,Oil and gas extraction (except oil sands)
894,G11290,Bassano Lathom Comp Stn 10-23-020-18W4,16572,Alberta,211110,Oil and gas extraction (except oil sands)
895,G11294,Suffield A2 Sour Gas Plant,16761,Alberta,211110,Oil and gas extraction (except oil sands)
896,G11296,Suffield CD Comp Stn 01-04,16737,Alberta,211110,Oil and gas extraction (except oil sands)
897,G11297,Suffield D Comp Stn 01-04,16736,Alberta,211110,Oil and gas extraction (except oil sands)
898,G11298,Suffield E Comp Stn 04-03,21453,Alberta,211110,Oil and gas extraction (except oil sands)
899,G11302,BLENHEIM LANDFILL,500366,Ontario,562210,Waste Treatment and Disposal
900,G11303,Peyto Wildhay 04-21-055-23W5,21755,Alberta,211110,Oil and gas extraction (except oil sands)
901,G11304,Peyto Kakwa 02-11-060-04W6,19085,Alberta,211110,Oil and gas extraction (except oil sands)
902,G11307,Ferrier 01-20-039-07 W5M,,Alberta,211110,Oil and gas extraction (except oil sands)
903,G11309,GoodFish South Sour Gas Plant 03-32,,Alberta,211110,Oil and gas extraction (except oil sands)
904,G11311,Eaglesham Culp 05-34-078-25 W5M,,Alberta,211110,Oil and gas extraction (except oil sands)
905,G11315,FCA Canada Inc. - Windsor Assembly Plant,3476,Ontario,336110,Automobile and Light-Duty Motor Vehicle Manufacturing
906,G11319,Port Hope Conversion Facility,1145,Ontario,325189,All Other Basic Inorganic Chemical Manufacturing
907,G11320,South Wapiti 16-36,,Alberta,211110,Oil and gas extraction (except oil sands)
908,G11322,Victoria Hospital,,Ontario,622111,General (except Paediatric) Hospitals
909,G11324,Alberta Hub Gas Storage Facility,24195,Alberta,211110,Oil and gas extraction (except oil sands)
910,G11325,NW Pure Alcohol and Spirits,24226,Saskatchewan,325190,Other Basic Organic Chemical Manufacturing
911,G11326,Hinton Gas Plant (06-32-51-25W5) - TOU,24141,Alberta,211110,Oil and gas extraction (except oil sands)
912,G11327,Horse 16-17-058-26W5 Compressor,24251,Alberta,211110,Oil and gas extraction (except oil sands)
913,G11328,Warner Oil Battery 04-20-007-16W4,17040,Alberta,211110,Oil and gas extraction (except oil sands)
914,G11330,Moose Mountain Oil Battery 02-23-023-07W5,18950,Alberta,211110,Oil and gas extraction (except oil sands)
915,G11331,Yorkton,24225,Saskatchewan,311224,Oilseed Processing
916,G11335,Olymel S.E.C. Red Deer,6519,Alberta,311617,Hog slaughtering
917,G11337,Camrose Regional Landfill,,Alberta,562210,Waste Treatment and Disposal
918,G11339,Niagara Road 12 Landfill Site,11893,Ontario,562210,Waste Treatment and Disposal
919,G11340,Bridge Street Landfiil Site,11892,Ontario,562210,Waste Treatment and Disposal
920,G11341,Elm Street Landfill Site,,Ontario,562210,Waste Treatment and Disposal
921,G11344,Wilson Creek 15-13-043-04W5 Compressor,16720,Alberta,211110,Oil and gas extraction (except oil sands)
922,G11345,Brazeau Office 01-01,17782,Alberta,211110,Oil and gas extraction (except oil sands)
923,G11348,GROUNDBIRCH GP 06-19-080-20W6,25026,British Columbia,211110,Oil and gas extraction (except oil sands)
924,G11349,BP CHAUVIN SOUTH 12-19,21865,Alberta,211110,Oil and gas extraction (except oil sands)
925,G11351,BCBT0000720,,British Columbia,211110,Oil and gas extraction (except oil sands)
926,G11355,Esther Sweet Gas Plant 13-19,,Alberta,211110,Oil and gas extraction (except oil sands)
927,G11357,Town North B-070-C/094-G-01,26251,British Columbia,211110,Oil and gas extraction (except oil sands)
928,G11360,Younger NGL Extraction Plant,18126,British Columbia,211110,Oil and gas extraction (except oil sands)
929,G11361,Welded Tube (Q&T Plant),25110,Ontario,331210,Iron and Steel Pipes and Tubes Manufacturing from Purchased Steel
930,G11362,BPCO Edmonton,19546,Alberta,324122,Asphalt Shingle and Coating Material Manufacturing
931,G11363,Chaparral Landfill,5200,Alberta,562210,Waste Treatment and Disposal
932,G11366,Valhalla Oil Battery 06-18,18841,Alberta,211110,Oil and gas extraction (except oil sands)
933,G11368,Valbruna ASW Inc.,3158,Ontario,331110,Iron and Steel Mills and Ferro-Alloy Manufacturing
934,G11372,Kakwa Sour Gas Processing Plant 16-07-063-05W6,29060,Alberta,211110,Oil and gas extraction (except oil sands)
935,G11375,Young-Davidson,,Ontario,212220,Gold and Silver Ore Mining
936,G11377,Caribou D-032-C Super Battery,27982,British Columbia,211110,Oil and gas extraction (except oil sands)
937,G11378,Lily B-038-J/094-G-02,27985,British Columbia,211110,Oil and gas extraction (except oil sands)
938,G11379,Huron 15-34-079-17W6 Compressor,26194,British Columbia,211110,Oil and gas extraction (except oil sands)
939,G11380,Ferrier Compressor Station 04-13-039-09W5,26207,Alberta,211110,Oil and gas extraction (except oil sands)
940,G11382,Projet Nunavik Nickel,27059,Quebec,212232,Nickel-Copper Ore Mining
941,G11385,Aquatera Grande Prairie WWTP (and Landfill),5380,Alberta,221320,Sewage Treatment Facilities
942,G11386,Robin Hood Bay Regional Waste Management Facility,29941,Newfoundland and Labrador,562210,Waste Treatment and Disposal
943,G11387,Anderson Gas Plant (01-09-051-24W5) - TOU,26195,Alberta,211110,Oil and gas extraction (except oil sands)
944,G11388,Eastern Ontario Waste Handling Facility – Landfill,26472,Ontario,562210,Waste Treatment and Disposal
945,G11389,Jansen Project,26259,Saskatchewan,212396,Potash Mining
946,G11390,Fonderie Bibby Sainte-Croix,4330,Quebec,331511,Iron Foundries
947,G11391,Ante Creek North Sweet Gas Plant 10-07,,Alberta,211110,Oil and gas extraction (except oil sands)
948,G11392,Vero Edson Sweet Gas Plant 12-15-053-15W5,22540,Alberta,211110,Oil and gas extraction (except oil sands)
949,G11394,Leitchville Sour Gas Plant,27014,Saskatchewan,211110,Oil and gas extraction (except oil sands)
950,G11397,Fort Hills Oil Sands,26403,Alberta,211142,Mined oil sands extraction
951,G11398,Ferrero Canada Limited,26405,Ontario,311351,Chocolate and chocolate confectionery manufacturing from cacao beans
952,G11402,Altares D-097-G/094-B-08,27981,British Columbia,211110,Oil and gas extraction (except oil sands)
953,G11404,W Gundy B-032-B/094-B-16,27858,British Columbia,211110,Oil and gas extraction (except oil sands)
954,G11405,Lily A-29-J Gas Plant,27984,British Columbia,211110,Oil and gas extraction (except oil sands)
955,G11407,Resthaven 02-10-060-01W6 GGS,25220,Alberta,211110,Oil and gas extraction (except oil sands)
956,G11409,Hangingstone Expansion Project,27866,Alberta,211141,In-situ oil sands extraction
957,G11411,Golden Lake Oil Multi Well Battery 14-13-047-23W3,28035,Saskatchewan,211110,Oil and gas extraction (except oil sands)
958,G11412,Ferguson Oil Bty 1-21-3-17W4,27700,Alberta,211110,Oil and gas extraction (except oil sands)
959,G11413,Ferguson Compressor Station 03-25-003-17W4,27699,Alberta,211110,Oil and gas extraction (except oil sands)
960,G11415,Altares Gas Plant b-24-H,27548,British Columbia,211110,Oil and gas extraction (except oil sands)
961,G11416,Sarnia CO2 & Dry Ice Plant,29865,Ontario,325120,Industrial Gas Manufacturing
962,G11418,Wildhay Gas Plant (11-16-055-24W5) - TOU,28047,Alberta,211110,Oil and gas extraction (except oil sands)
963,G11421,Wapiti Comp stn 15-09,,Alberta,211110,Oil and gas extraction (except oil sands)
964,G11423,Veolia ES Canada Services Industriels inc.,27917,Quebec,562910,Remediation Services
965,G11425,Installations portuaires de Port-Cartier,27752,Quebec,488310,Port and Harbour Operations
966,G11426,Julienne A-005-I/094-G-02,28719,British Columbia,211110,Oil and gas extraction (except oil sands)
967,G11427,Sasquatch B-32-E,28713,British Columbia,211110,Oil and gas extraction (except oil sands)
968,G11428,Gundy D-004-H/094-B-16,28717,British Columbia,211110,Oil and gas extraction (except oil sands)
969,G11430,Jedney A-065-I/094-G-01,28724,British Columbia,211110,Oil and gas extraction (except oil sands)
970,G11431,North Beg D-045-D/094-G-08,28723,British Columbia,211110,Oil and gas extraction (except oil sands)
971,G11432,Sundown B-067-H/093-P-10 Sweet Compressor,28657,British Columbia,211110,Oil and gas extraction (except oil sands)
972,G11433,Jedney C-007-H/094-G-01 Compressor,28516,British Columbia,211110,Oil and gas extraction (except oil sands)
973,G11434,Brazeau CS 06-27-047-14W5,15555,Alberta,211110,Oil and gas extraction (except oil sands)
974,G11437,Kerrobert 01-01-033-24W3,28494,Saskatchewan,211110,Oil and gas extraction (except oil sands)
975,G11439,Maple Leaf Foods - Heritage,28627,Ontario,311614,Rendering and Meat Processing from Carcasses
976,G11440,Kaybob 15-07-060-18W5 GP,22105,Alberta,211110,Oil and gas extraction (except oil sands)
977,G11443,Wapiti Gas Gathering 03-36,28646,Alberta,211110,Oil and gas extraction (except oil sands)
978,G11448,Laglace Oil Battery 14-29-074-08W6,28618,Alberta,211110,Oil and gas extraction (except oil sands)
979,G11449,Mountain Road Landfill,500315,Ontario,562210,Waste Treatment and Disposal
980,G11451,Cynthia GP & Bty,28621,Alberta,211110,Oil and gas extraction (except oil sands)
981,G11452,Kakwa 01-02-064-05W6,28748,Alberta,211110,Oil and gas extraction (except oil sands)
982,G11453,Kakwa 07-04-064-05W6,28749,Alberta,211110,Oil and gas extraction (except oil sands)
983,G11454,Kakwa 13-08-064-04W6,28746,Alberta,211110,Oil and gas extraction (except oil sands)
984,G11455,Kakwa 16-29-064-05 W6M,28747,Alberta,211110,Oil and gas extraction (except oil sands)
985,G11456,Kaybob 15-28,28437,Alberta,211110,Oil and gas extraction (except oil sands)
986,G11457,Karr Sour Gas Processing Plant,24548,Alberta,211110,Oil and gas extraction (except oil sands)
987,G11458,Kakwa 16-21-063-04W6,28703,Alberta,211110,Oil and gas extraction (except oil sands)
988,G11459,Musreau II 09-26-062-6W6,28709,Alberta,211110,Oil and gas extraction (except oil sands)
989,G11460,Plover SAGD 06-22,28642,Saskatchewan,211110,Oil and gas extraction (except oil sands)
990,G11461,Spirit River Gas Plant (03-10-077-07W6) - TOU,28771,Alberta,211110,Oil and gas extraction (except oil sands)
991,G11462,Pipestone Comp Stn 16-34,28184,Alberta,211110,Oil and gas extraction (except oil sands)
992,G11463,Harley 08-10-057-27W5 Compressor,28775,Alberta,211110,Oil and gas extraction (except oil sands)
993,G11464,Saturn Gas Plant 15-27,29018,British Columbia,211110,Oil and gas extraction (except oil sands)
994,G11465,Town B-008-I Super Battery,,British Columbia,211110,Oil and gas extraction (except oil sands)
995,G11469,Wilder Sweet Gas Plant 10-14,28915,British Columbia,211110,Oil and gas extraction (except oil sands)
996,G11470,BS 2 DIV C/ 2 CDSB (Valcartier),6116,Quebec,911110,Defence Services
997,G11471,Kelt Pouce Coupe 103/06-33-077-11W6M,29162,Alberta,211110,Oil and gas extraction (except oil sands)
998,G11472,Gahcho Kue Mine,29004,Northwest Territories,212392,Diamond Mining
999,G11474,Redland South Comp Station 06-04,16531,Alberta,211110,Oil and gas extraction (except oil sands)
1000,G11475,PFI Carrot Creek Comp Stn 08-36-051-14W5,23729,Alberta,211110,Oil and gas extraction (except oil sands)
1001,G11476,Wapiti Gas Battery 08-10,28916,Alberta,211110,Oil and gas extraction (except oil sands)
1002,G11477,Onion Lake Thermal 14-05-056-27W3,28991,Saskatchewan,211110,Oil and gas extraction (except oil sands)
1003,G11478,Carrier et Bégin inc.,6446,Quebec,321111,Sawmills (except Shingle and Shake Mills)
1004,G11479,Stoney Creek Regional Facility,5657,Ontario,562210,Waste Treatment and Disposal
1005,G11480,Ansell Gas Plant (01-34-51-18W5) - TOU,26616,Alberta,211110,Oil and gas extraction (except oil sands)
1006,G11481,Edson Gas Plant (04-17-051-18W5) - TOU,29119,Alberta,211110,Oil and gas extraction (except oil sands)
1007,G11482,Mancal Zeta 11-10-049-12W5 Gas Plant,29037,Alberta,211110,Oil and gas extraction (except oil sands)
1008,G11483,Alder Flats Gas Plant 10-09,27978,Alberta,211110,Oil and gas extraction (except oil sands)
1009,G11484,13-11-062-27 W5M Simonette,25221,Alberta,211110,Oil and gas extraction (except oil sands)
1010,G11486,Tourmaline 12-06-081-07-W6,29120,Alberta,211110,Oil and gas extraction (except oil sands)
1011,G11490,Sunnybrook Health Sciences Centre,,Ontario,622111,General (except Paediatric) Hospitals
1012,G11491,Kildair Sorel-Tracy Terminal,,Quebec,412110,Petroleum Product Wholesaler-Distributors
1013,G11492,W.R. Grace Canada Corp.,2456,Quebec,325999,All Other Miscellaneous Chemical Product Manufacturing
1014,G11493,Aitken Creek Sour Gas Plant (c-038-C/94-H-04) - TOU,29533,British Columbia,211110,Oil and gas extraction (except oil sands)
1015,G11494,Edam CPF 06-11-048-19 W3M,29217,Saskatchewan,211110,Oil and gas extraction (except oil sands)
1016,G11495,Edam West Thermal 11-19-048-20W3,29386,Saskatchewan,211110,Oil and gas extraction (except oil sands)
1017,G11496,Rainy River Mine,29548,Ontario,212220,Gold and Silver Ore Mining
1018,G11497,Birley Umbach a72 Compressor (a-072-F/094-H-03) - TOU,29402,British Columbia,211110,Oil and gas extraction (except oil sands)
1019,G11498,Townsend Gas Plant,29399,British Columbia,211110,Oil and gas extraction (except oil sands)
1020,G11499,BUBBLES A-053-B/094-G-08,,British Columbia,211110,Oil and gas extraction (except oil sands)
1021,G11500,Cascades Lachute,29419,Quebec,322121,Paper (except Newsprint) Mills
1022,G11501,NBRHC,,Ontario,622111,General (except Paediatric) Hospitals
1023,G11502,Alameda Sour Gas Plant 16-08,29509,Saskatchewan,211110,Oil and gas extraction (except oil sands)
1024,G11504,Kakwa 16-23-063-05 W6M,29485,Alberta,211110,Oil and gas extraction (except oil sands)
1025,G11505,Kakwa 08-06-064-04W6,29486,Alberta,211110,Oil and gas extraction (except oil sands)
1026,G11506,Kakwa 02-31-063-04W6,29488,Alberta,211110,Oil and gas extraction (except oil sands)
1027,G11507,Kakwa 04-14-064-05W6,29489,Alberta,211110,Oil and gas extraction (except oil sands)
1028,G11511,Pancan Alderson Monogram 13-14,16521,Alberta,211110,Oil and gas extraction (except oil sands)
1029,G11512,Homestead Hatton 14-2 Battery,17319,Saskatchewan,211110,Oil and gas extraction (except oil sands)
1030,G11513,Bethune Mine,29761,Saskatchewan,212396,Potash Mining
1031,G11514,Wild River 11-22-055-24W5 Compressor,29557,Alberta,211110,Oil and gas extraction (except oil sands)
1032,G11515,Cecilia Gas Plant (15-04-058-23W5) - TOU,29558,Alberta,211110,Oil and gas extraction (except oil sands)
1033,G11516,Columbia Gas Plant (15-36-044-15W5) - TOU,29561,Alberta,211110,Oil and gas extraction (except oil sands)
1034,G11517,Redwater Fractionation Site Facility II (RFS II),29575,Alberta,211110,Oil and gas extraction (except oil sands)
1035,G11518,Ante Creek Multi-Well Gas Battery 05-26-066-24W5,29586,Alberta,211110,Oil and gas extraction (except oil sands)
1036,G11519,Mine Renard,29606,Quebec,212392,Diamond Mining
1037,G11520,Horse Sweet Gas Plant 14-23-058-26W5,,Alberta,211110,Oil and gas extraction (except oil sands)
1038,G11521,Sturgeon Refinery,29814,Alberta,324110,Petroleum Refineries
1039,G11523,Comox Valley Waste Management Centre,,British Columbia,562210,Waste Treatment and Disposal
1040,G11524,Campbell River Waste Management Centre,,British Columbia,562210,Waste Treatment and Disposal
1041,G11525,City of Wetaskiwin Landfill,,Alberta,562210,Waste Treatment and Disposal
1042,G11526,Tooga Gas Plant B-031-I,,British Columbia,211110,Oil and gas extraction (except oil sands)
1043,G11527,Flagstaff Waste Regional Landfill,,Alberta,562210,Waste Treatment and Disposal
1044,G11528,Dawson Sour Gas Plant 13-07,29621,British Columbia,211110,Oil and gas extraction (except oil sands)
1045,G11530,South Health Campus,,Alberta,622111,General (except Paediatric) Hospitals
1046,G11531,Sinclair 03-04-008-29 W1M,,Manitoba,211110,Oil and gas extraction (except oil sands)
1047,G11535,Waskada 15-21-001-25 W1M,,Manitoba,211110,Oil and gas extraction (except oil sands)
1048,G11537,Rockyview General Hospital,,Alberta,622111,General (except Paediatric) Hospitals
1049,G11538,Dee Valley EOR Facility 09-09-049-22W3,31680,Saskatchewan,211110,Oil and gas extraction (except oil sands)
1050,G11539,Tower Gas Plant 03-07-081-17W6,29803,British Columbia,211110,Oil and gas extraction (except oil sands)
1051,G11540,1200 Montreal Road Campus,,Ontario,911910,Other Federal Government Public Administration
1052,G11542,Cliffdale Oil Battery 03-25-084-17W5,,Alberta,211110,Oil and gas extraction (except oil sands)
1053,G11543,Service GMR,32559,Quebec,562210,Waste Treatment and Disposal
1054,G11545,Lieu d'enfouissement de St-Lambert de Lauzon (LET/LES),,Quebec,562210,Waste Treatment and Disposal
1055,G11546,Baptiste Comp Stn 06-21,27820,Alberta,211110,Oil and gas extraction (except oil sands)
1056,G11548,Dumur Industries Assembly Division,29836,Saskatchewan,336990,Other Transportation Equipment Manufacturing
1057,G11549,Sand Creek Sour Gas Plant,,Alberta,211110,Oil and gas extraction (except oil sands)
1058,G11551,Mervin EOR Central Facility 11-36-049-20W3,29917,Saskatchewan,211110,Oil and gas extraction (except oil sands)
1059,G11552,Lashburn EOR Central Facility 12-01-049-24W3,29909,Saskatchewan,211110,Oil and gas extraction (except oil sands)
1060,G11557,EDAM EOR Central Facility 07-24-049-20W3,29891,Saskatchewan,211110,Oil and gas extraction (except oil sands)
1061,G11567,Cantuar Oil MWB 15-15,,Saskatchewan,211110,Oil and gas extraction (except oil sands)
1062,G11568,SEEP Ethane Extraction Plant 13-19,32257,Saskatchewan,211110,Oil and gas extraction (except oil sands)
1063,G11576,Flat Lake Sour Gas Plant 09-16,29297,Saskatchewan,211110,Oil and gas extraction (except oil sands)
1064,G11590,Rapdan Sour Gas Plant 13-01,29636,Saskatchewan,211110,Oil and gas extraction (except oil sands)
1065,G11593,Redcliff Cypress Regional Landfill,,Alberta,562210,Waste Treatment and Disposal
1066,G11594,Doe Gas Plant (02-11-080-16W6) - TOU,29888,British Columbia,211110,Oil and gas extraction (except oil sands)
1067,G11597,Winnipeg,29834,Manitoba,311614,Rendering and Meat Processing from Carcasses
1068,G11598,Drumheller & District Regional Landfill,,Alberta,562210,Waste Treatment and Disposal
1069,G11599,Hebron Platform,29899,Newfoundland and Labrador,211110,Oil and gas extraction (except oil sands)
1070,G11601,Park Road Landfill,,Ontario,562210,Waste Treatment and Disposal
1071,G11602,Quest Carbon Capture and Storage (CCS) Project,,Alberta,211141,In-situ oil sands extraction
1072,G11603,NAIT - Main Campus,29978,Alberta,611510,Technical and Trade Schools
1073,G11619,Kakwa 12-14-063-05W6,29846,Alberta,211110,Oil and gas extraction (except oil sands)
1074,G11620,Kakwa 08-07-063-04W6,29820,Alberta,211110,Oil and gas extraction (except oil sands)
1075,G11624,1972 Landfill (non-operating),,Alberta,562210,Waste Treatment and Disposal
1076,G11632,Cutbank Comp Stn 10-36,,Alberta,211110,Oil and gas extraction (except oil sands)
1077,G11636,Knockholt Sub-Regional Landfill,,British Columbia,562210,Waste Treatment and Disposal
1078,G11637,Ansell Sweet Gas Plant 01-24,,Alberta,211110,Oil and gas extraction (except oil sands)
1079,G11639,Cecilia 14-36-057-23 W5M,,Alberta,211110,Oil and gas extraction (except oil sands)
1080,G11641,Knopcik Gas Plant 09-10-074-11 W6M,,Alberta,211110,Oil and gas extraction (except oil sands)
1081,G11642,Duncan Compressor Station 10-36,,Alberta,211110,Oil and gas extraction (except oil sands)
1082,G11643,Chinchaga 01-24-096-05 W6M,,Alberta,211110,Oil and gas extraction (except oil sands)
1083,G11644,Tilley West Compressor Station 01-03,,Alberta,211110,Oil and gas extraction (except oil sands)
1084,G11651,City of Medicine Hat Landfill,,Alberta,562210,Waste Treatment and Disposal
1085,G11657,Nanaimo Regional Landfill,35486,British Columbia,562210,Waste Treatment and Disposal
1086,G11665,Wembley Oil Battery 14-03-073-08W6,,Alberta,211110,Oil and gas extraction (except oil sands)
1087,G11669,West Wolf Lake Gas Plant (10-03-052-17W5) - TOU,28824,Alberta,211110,Oil and gas extraction (except oil sands)
1088,G11672,Natural Gas Distribution System,,Manitoba,221210,Natural Gas Distribution
1089,G11675,Usine McInnis,29883,Quebec,327310,Cement Manufacturing
1090,G11676,BRAZEAU 14-30-45-11W5 MWOB,27372,Alberta,211110,Oil and gas extraction (except oil sands)
1091,G11677,INNES GAS PLANT 12-22-7-11-W2,24656,Saskatchewan,211110,Oil and gas extraction (except oil sands)
1092,G11678,Newell Regional Landfill,,Alberta,562210,Waste Treatment and Disposal
1093,G11679,PETRO-CAN MED HAT #3,,Alberta,211110,Oil and gas extraction (except oil sands)
1094,G11680,PETRO-CAN ALDERSON,,Alberta,211110,Oil and gas extraction (except oil sands)
1095,G11683,Gilby 2-27 Gas Plant,,Alberta,211110,Oil and gas extraction (except oil sands)
1096,G11687,Turner Valley Battery 6-16,,Alberta,211110,Oil and gas extraction (except oil sands)
1097,G11689,Morningside 11-35-042-01W5 Compressor,,Alberta,211110,Oil and gas extraction (except oil sands)
1098,G11691,Marlboro Gas Plant 05-29-055-19W5 (GHGRP),,Alberta,211110,Oil and gas extraction (except oil sands)
1099,G11692,SOUTH ROSEVEAR 11-36-053-15W5 Compressor,,Alberta,211110,Oil and gas extraction (except oil sands)
1100,G11693,Willesden Green 10-34-040-06W5 Compressor,,Alberta,211110,Oil and gas extraction (except oil sands)
1101,G11694,Pine Creek 12-02-056-19W5 Compressor (GHGRP),,Alberta,211110,Oil and gas extraction (except oil sands)
1102,G11695,Ansell Gas Plant 12-31-050-17W5 (GHGRP),,Alberta,211110,Oil and gas extraction (except oil sands)
1103,G11696,Gilby 03-28-041-04W5 Compressor,,Alberta,211110,Oil and gas extraction (except oil sands)
1104,G11697,BILBO GAS PLANT 4-25-65-7W6,,Alberta,211110,Oil and gas extraction (except oil sands)
1105,G11698,LET de Neuville,31773,Quebec,562210,Waste Treatment and Disposal
1106,G11699,PCR FERRIER 7-16 COMP.,16752,Alberta,211110,Oil and gas extraction (except oil sands)
1107,G11700,04-08 Blue Rapids,33637,Alberta,211110,Oil and gas extraction (except oil sands)
1108,G11701,Valhalla Plant 13-21-76-9W6,23770,Alberta,211110,Oil and gas extraction (except oil sands)
1109,G11702,Fort McMurray Regional Landfill,,Alberta,562210,Waste Treatment and Disposal
1110,G11712,Leduc & District Regional Waste Facility,,Alberta,562210,Waste Treatment and Disposal
1111,G11713,Placid 6-29,29971,Alberta,211110,Oil and gas extraction (except oil sands)
1112,G11714,Usine de production d'eau potable,8611,Quebec,221310,Water Supply and Irrigation Systems
1113,G11715,Usine d'épuration,6128,Quebec,221320,Sewage Treatment Facilities
1114,G11716,Brockville Activated Alumina Plant,11651,Ontario,325999,All Other Miscellaneous Chemical Product Manufacturing
1115,G11717,Jayar 06-08-062-03W6 GP,27828,Alberta,211110,Oil and gas extraction (except oil sands)
1116,G11718,North York Division,,Ontario,331317,"Aluminum Rolling, Drawing, Extruding and Alloying"
1117,G11719,Whitby,125,Ontario,322121,Paper (except Newsprint) Mills
1118,G11721,Armstrong Spallumcheen Recycling and Disposal Facility,,British Columbia,562210,Waste Treatment and Disposal
1119,G11722,Sechelt Landfill,,British Columbia,562210,Waste Treatment and Disposal
1120,G11723,Port Colborne Refinery,1471,Ontario,331410,Non-Ferrous Metal (except Aluminum) Smelting and Refining
1121,G11724,Greater Vernon Recycling and Disposal Facility,,British Columbia,562210,Waste Treatment and Disposal
1122,G11725,Alix Malthouse,,Alberta,311214,Rice Milling and Malt Manufacturing
1123,G11726,LEDCD de Pierrefonds,29986,Quebec,562210,Waste Treatment and Disposal
1124,G11728,Tupper Main Field,,British Columbia,211110,Oil and gas extraction (except oil sands)
1125,G11729,Dundas,5987,Ontario,311614,Rendering and Meat Processing from Carcasses
1126,G11730,Usine Vaudreuil,2978,Quebec,331313,Primary Production of Alumina and Aluminum
1127,G11731,Burlington,,Ontario,311617,Hog slaughtering
1128,G11732,Clearwater Regional Landfill (formerly the Rocky Regional Landfill),,Alberta,562210,Waste Treatment and Disposal
1129,G11733,Carbon,15437,Alberta,221210,Natural Gas Distribution
1130,G11734,DSO Timmins Project,26423,Quebec,212210,Iron Ore Mining
1131,G11736,North American Lithium,28726,Quebec,212299,All Other Metal Ore Mining
1132,G11737,Pouce Coupe Gas Plant,16491,Alberta,211110,Oil and gas extraction (except oil sands)
1133,G11738,Aitken Creek Plant,20089,British Columbia,211110,Oil and gas extraction (except oil sands)
1134,G11739,Fourth Creek Gas Plant,16489,Alberta,211110,Oil and gas extraction (except oil sands)
1135,G11740,11-19 Compressor Station,16487,Alberta,211110,Oil and gas extraction (except oil sands)
1136,G11742,Agincourt Plant,423,Ontario,324190,Other Petroleum and Coal Products Manufacturing
1137,G11743,Green Electron Power Plant,29241,Ontario,221112,Fossil-Fuel Electric Power Generation
1138,G11744,Pickering,3282,Ontario,331317,"Aluminum Rolling, Drawing, Extruding and Alloying"
1139,G11745,Carleton university,,Ontario,611310,Universities
1140,G11747,St. David's Hydroponics,,Ontario,111419,Other Food Crops Grown Under Cover
1141,G11748,Six Nations Natural Gas Company Limited,,Ontario,221210,Natural Gas Distribution
1142,G11749,Worsley (Birchcliff) Sour Gas Plant,16188,Alberta,211110,Oil and gas extraction (except oil sands)
1143,G11750,ARCELORMITTAL WINDSOR A DIVISION OF ARCELORMITTAL DOFASCO G.P.,276,Ontario,331110,Iron and Steel Mills and Ferro-Alloy Manufacturing
1144,G11751,Oakville Trafalgar Memorial Hospital,,Ontario,622111,General (except Paediatric) Hospitals
1145,G11752,Lakeridge Health Oshawa,7272,Ontario,622111,General (except Paediatric) Hospitals
1146,G11754,980 Oliver Road,,Ontario,622111,General (except Paediatric) Hospitals
1147,G11755,Brantford Facility,10933,Ontario,332113,Forging
1148,G11757,TEINE Coleville 3-14,17689,Saskatchewan,211110,Oil and gas extraction (except oil sands)
1149,G11759,Niagara PVC Plant,5762,Ontario,325210,Resin and Synthetic Rubber Manufacturing
1150,G11760,TEINE Dodsland 13-12,26202,Saskatchewan,211110,Oil and gas extraction (except oil sands)
1151,G11761,Dodsland 07-05-032-22W3,,Saskatchewan,211110,Oil and gas extraction (except oil sands)
1152,G11763,TEINE Dodsland 8-34,23653,Saskatchewan,211110,Oil and gas extraction (except oil sands)
1153,G11765,ArcelorMittal long Products Canada - Hamilton East,4045,Ontario,331222,Steel Wire Drawing
1154,G11766,Sil Industrial Minerals Lamont Plant,30003,Alberta,212398,All Other Non-Metallic Mineral Mining and Quarrying
1155,G11767,Rio Tinto Fer et Titane inc. - HAVRE-SAINT-PIERRE,6425,Quebec,212210,Iron Ore Mining
1156,G11768,Énergir CCU,8504,Quebec,221330,Steam and Air-Conditioning Supply
1157,G11769,Plant #1,4483,Ontario,325999,All Other Miscellaneous Chemical Product Manufacturing
1158,G11770,Division Goldex,8757,Quebec,212220,Gold and Silver Ore Mining
1159,G11771,Lieu d'enfouissement Sanitiare de la Ville de Sherbrooke,,Quebec,562210,Waste Treatment and Disposal
1160,G11772,Usine Mont-Royal,4361,Quebec,311940,Seasoning and Dressing Manufacturing
1161,G11773,McMaster University Medical Centre Co-generation Plant,,Ontario,622112,Paediatric Hospitals
1162,G11774,Juravinski Hospital and Cancer Center Cogeneration Plant,,Ontario,622111,General (except Paediatric) Hospitals
1163,G11775,Hamilton General Hospital Cogeneration Plant,,Ontario,622111,General (except Paediatric) Hospitals
1164,G11776,Fallsview Casino Resort,,Ontario,721120,Casino Hotels
1165,G11777,Elleh Sweet Gas Plant,18800,British Columbia,211110,Oil and gas extraction (except oil sands)
1166,G11778,617885 Ontario Limited o/a Jem Farms,,Ontario,111419,Other Food Crops Grown Under Cover
1167,G11779,Orangeline Farms Limited,,Ontario,111419,Other Food Crops Grown Under Cover
1168,G11780,Green Rise Foods Inc.,,Ontario,111419,Other Food Crops Grown Under Cover
1169,G11781,Envirofresh Produce Inc.,,Ontario,111419,Other Food Crops Grown Under Cover
1170,G11782,Cervini Farms (1993) Inc.,,Ontario,111419,Other Food Crops Grown Under Cover
1171,G11783,DiCiocco Farms Eastside Inc.,,Ontario,111419,Other Food Crops Grown Under Cover
1172,G11784,1808278 Ontario Inc.,,Ontario,111419,Other Food Crops Grown Under Cover
1173,G11785,Twin Peaks Hydroponics Inc.,,Ontario,111419,Other Food Crops Grown Under Cover
1174,G11786,Great Northern Hydroponics,,Ontario,111419,Other Food Crops Grown Under Cover
1175,G11787,Truly Green Farms,,Ontario,111419,Other Food Crops Grown Under Cover
1176,G11788,Allegro Acres Inc.,,Ontario,111419,Other Food Crops Grown Under Cover
1177,G11789,Ecotex Healthcare Linen Service LP,7070,Ontario,812320,Dry Cleaning and Laundry Services (except Coin-Operated)
1178,G11790,Sun-Brite Foods Inc.,,Ontario,311420,"Fruit and Vegetable Canning, Pickling and Drying"
1179,G11791,SUPER-PUFFT SNACKS CORPORATION,,Ontario,311919,Other Snack Food Manufacturing
1180,G11792,AMCO Farms Inc.,,Ontario,111419,Other Food Crops Grown Under Cover
1181,G11793,ARLANXEO Butyl,1944,Ontario,325210,Resin and Synthetic Rubber Manufacturing
1182,G11794,Division Laronde,99,Quebec,212220,Gold and Silver Ore Mining
1183,G11795,POLYCON INDUSTRIES,,Ontario,336390,Other Motor Vehicle Parts Manufacturing
1184,G11796,The Ottawa Hospital - Civic campus,,Ontario,622111,General (except Paediatric) Hospitals
1185,G11797,Ingleside,4441,Ontario,311515,"Butter, Cheese, and Dry and Condensed Dairy Products Manufacturing"
1186,G11799,TAQA LAPRISE B-40-E/94-H-5,21786,Alberta,211110,Oil and gas extraction (except oil sands)
1187,G11800,University of Waterloo-GHG,,Ontario,611310,Universities
1188,G11801,Greenhill Produce (2),,Ontario,111419,Other Food Crops Grown Under Cover
1189,G11802,Guelph,4423,Ontario,311515,"Butter, Cheese, and Dry and Condensed Dairy Products Manufacturing"
1190,G11803,Main Greenhouses,,Ontario,111419,Other Food Crops Grown Under Cover
1191,G11804,Mine Éléonore,8803,Quebec,212220,Gold and Silver Ore Mining
1192,G11808,Ashbridges Bay Treatment Plant,2240,Ontario,221320,Sewage Treatment Facilities
1193,G11809,Highland Creek Treatment Plant,4435,Ontario,221320,Sewage Treatment Facilities
1194,G11810,Lieux d'enfouissement technique d'Hébertville Station,29417,Quebec,913910,"Other Local, Municipal and Regional Public Administration"
1195,G11811,Enwave Windsor Limited Parnership,10133,Ontario,221330,Steam and Air-Conditioning Supply
1196,G11812,Johnson Electric Canada Ltd. - Stratford,3986,Ontario,336350,Motor Vehicle Transmission and Power Train Parts Manufacturing
1197,G11813,GENPAK MISSISSAUGA,7270,Ontario,326140,Polystyrene Foam Product Manufacturing
1198,G11816,Countess Makepeace Comp Stn 03-18-022-17W4,,Alberta,211110,Oil and gas extraction (except oil sands)
1199,G11819,LET Saint-Flavien,,Quebec,562210,Waste Treatment and Disposal
1200,G11820,Usine de PCC de Windsor,2461,Quebec,327990,All Other Non-Metallic Mineral Product Manufacturing
1201,G11821,"Innophos Canada, Inc.",1054,Ontario,325189,All Other Basic Inorganic Chemical Manufacturing
1202,G11822,Physical Resources Service,,Ontario,611310,Universities
1203,G11823,Usine St-Laurent,1136,Quebec,336410,Aerospace Product and Parts Manufacturing
1204,G11824,Cambridge Manufacturing,,Ontario,311919,Other Snack Food Manufacturing
1205,G11825,Calgary Plant,6696,Alberta,311214,Rice Milling and Malt Manufacturing
1206,G11826,IKO Hawkesbury,10180,Ontario,324122,Asphalt Shingle and Coating Material Manufacturing
1207,G11827,IKO Madoc,10417,Ontario,212398,All Other Non-Metallic Mineral Mining and Quarrying
1208,G11828,Complexe environnemental St-Michel,8516,Quebec,562210,Waste Treatment and Disposal
1209,G11829,Vaudreuil-Dorion site,8559,Quebec,334410,Semiconductor and Other Electronic Component Manufacturing
1210,G11830,Pepsico Aliments Canada - Usine de Lauzon,6114,Quebec,311919,Other Snack Food Manufacturing
1211,G11831,Montreal Wallboard/Finishing Plant,5437,Quebec,327420,Gypsum Product Manufacturing
1212,G11832,Lieu d'enfouissement technique de Saint-Côme-Linière,,Quebec,562210,Waste Treatment and Disposal
1213,G11833,Usine St-Leonard,5479,Quebec,311515,"Butter, Cheese, and Dry and Condensed Dairy Products Manufacturing"
1214,G11834,1329606 Ontario Limited,,Ontario,111419,Other Food Crops Grown Under Cover
1215,G11835,Klassen Greenhouse Farms,,Ontario,111419,Other Food Crops Grown Under Cover
1216,G11836,Mucci Farms Ltd.,,Ontario,111419,Other Food Crops Grown Under Cover
1217,G11837,Pomas Farms Inc.,,Ontario,111419,Other Food Crops Grown Under Cover
1218,G11839,Agriville Farms Ltd,,Ontario,111419,Other Food Crops Grown Under Cover
1219,G11840,Southshore Greenhouses Inc.,,Ontario,111419,Other Food Crops Grown Under Cover
1220,G11841,Zochem,7095,Ontario,325189,All Other Basic Inorganic Chemical Manufacturing
1221,G11843,Nature Fresh Plant 1,,Ontario,111419,Other Food Crops Grown Under Cover
1222,G11844,Nature Fresh Plant 2,,Ontario,111419,Other Food Crops Grown Under Cover
1223,G11845,Kapital Produce Ltd,,Ontario,111419,Other Food Crops Grown Under Cover
1224,G11846,Platinum Produce,,Ontario,111419,Other Food Crops Grown Under Cover
1225,G11847,J.C. Fresh Farms Ltd.,,Ontario,111419,Other Food Crops Grown Under Cover
1226,G11848,IKO Calgary,6799,Alberta,324122,Asphalt Shingle and Coating Material Manufacturing
1227,G11849,Great Lakes Greenhouses Inc.,,Ontario,111419,Other Food Crops Grown Under Cover
1228,G11850,Arriva 02-25 Gas Plant,21222,Alberta,211110,Oil and gas extraction (except oil sands)
1229,G11851,Sunrite Greenhouses Ltd,,Ontario,111419,Other Food Crops Grown Under Cover
1230,G11852,Lieu d'enfouissement sanitaire Chibougamau,30991,Quebec,562210,Waste Treatment and Disposal
1231,G11854,Toronto Board Plant,10103,Ontario,327420,Gypsum Product Manufacturing
1232,G11855,Levesque Plywood Ltd.,10593,Ontario,321211,Hardwood Veneer and Plywood Mills
1233,G11875,Winnipeg Malt Plant,,Manitoba,311990,All Other Food Manufacturing
1234,G11876,Chaplin,,Saskatchewan,212393,Salt Mining
1235,G11877,Prairie Malt Limited,19257,Saskatchewan,311214,Rice Milling and Malt Manufacturing
1236,G11878,Max Aicher (North America) Limited,31751,Ontario,331221,Cold-Rolled Steel Shape Manufacturing
1237,G11879,City of Moose Jaw (Landfill),,Saskatchewan,562210,Waste Treatment and Disposal
1238,G11880,West Yellowhead Regional Landfill,,Alberta,562210,Waste Treatment and Disposal
1239,G11881,WDMLR Landfill,,Alberta,562210,Waste Treatment and Disposal
1240,G11882,Brock University,11472,Ontario,611310,Universities
1241,G11884,Meota West 06-24-046-18W3M,30688,Saskatchewan,211110,Oil and gas extraction (except oil sands)
1242,G11885,Alliance Pipeline Ltd. - BC Pipeline System,,British Columbia,486210,Pipeline Transportation of Natural Gas
1243,G11886,LONDON,3198,Ontario,322220,Paper Bag and Coated and Treated Paper Manufacturing
1244,G11887,Coleville Compressor Station,6673,Saskatchewan,211110,Oil and gas extraction (except oil sands)
1245,G11888,Cargill Limited - Camrose Oilseed Processing,29203,Alberta,311224,Oilseed Processing
1246,G11893,Wapiti 13-05-067-08W6 BTY,,Alberta,211110,Oil and gas extraction (except oil sands)
1247,G11894,Copper Mountain Mine,30798,British Columbia,212233,Copper-Zinc Ore Mining
1248,G11896,Pioneer 2 Liquids Extraction Plant,29349,Alberta,211141,In-situ oil sands extraction
1249,G11897,Strachan 05-34-037-08W5 Compressor (GHGRP),,Alberta,211110,Oil and gas extraction (except oil sands)
1250,G11898,The Black Velvet Distilling Company,1864,Alberta,312140,Distilleries
1251,G11900,07-29-78-11-W6M,28167,Alberta,211110,Oil and gas extraction (except oil sands)
1252,G11902,Electric Utility - Generation - Remote Site,30561,Alberta,221112,Fossil-Fuel Electric Power Generation
1253,G11905,North Central Liquids Hub (NCLH) 05-27-079-17W6,30594,British Columbia,211110,Oil and gas extraction (except oil sands)
1254,G11906,Sunrise Comp Station 01-34,23872,British Columbia,211110,Oil and gas extraction (except oil sands)
1255,G11907,Saturn Comp Stn 09-27,24083,British Columbia,211110,Oil and gas extraction (except oil sands)
1256,G11908,Sunrise Gas Plant 04-26-078-17W6,29802,British Columbia,211110,Oil and gas extraction (except oil sands)
1257,G11909,Usine St-Hyacinthe,5478,Quebec,311515,"Butter, Cheese, and Dry and Condensed Dairy Products Manufacturing"
1258,G11910,Big Marble Farms,34792,Alberta,111419,Other Food Crops Grown Under Cover
1259,G11912,West Beg c-34-C/94-G-1,23157,British Columbia,211110,Oil and gas extraction (except oil sands)
1260,G11913,BUNGE CANADA - WAINWRIGHT PLANT,169,Alberta,311990,All Other Food Manufacturing
1261,G11914,Kaybob 05-33 Gas Battery,29794,Alberta,211110,Oil and gas extraction (except oil sands)
1262,G11915,Cypress Thorsby 7-14-49-1W5,24106,Alberta,211110,Oil and gas extraction (except oil sands)
1263,G11916,Thorhild,29499,Alberta,562210,Waste Treatment and Disposal
1264,G11919,Barrier Hydro Plant,,Alberta,221111,Hydro-Electric Power Generation
1265,G11921,Bearspaw Hydro Plant,,Alberta,221111,Hydro-Electric Power Generation
1266,G11922,Bighorn Hydro Plant,,Alberta,221111,Hydro-Electric Power Generation
1267,G11924,Brazeau Hydro Plant,,Alberta,221111,Hydro-Electric Power Generation
1268,G11925,Cascade Hydro Plant,,Alberta,221111,Hydro-Electric Power Generation
1269,G11926,Ghost Hydro Plant,,Alberta,221111,Hydro-Electric Power Generation
1270,G11927,Horseshoe Hydro Plant,,Alberta,221111,Hydro-Electric Power Generation
1271,G11928,Interlakes Hydro Plant,,Alberta,221111,Hydro-Electric Power Generation
1272,G11929,Kananaskis Hydro Plant,,Alberta,221111,Hydro-Electric Power Generation
1273,G11930,Pocaterra Hydro Plant,,Alberta,221111,Hydro-Electric Power Generation
1274,G11931,Rundle Hydro Plant,,Alberta,221111,Hydro-Electric Power Generation
1275,G11932,Spray Hydro Plant,,Alberta,221111,Hydro-Electric Power Generation
1276,G11933,Castle Wind Farm,,Alberta,221119,Other Electric Power Generation
1277,G11934,Cowley Wind Farm,,Alberta,221119,Other Electric Power Generation
1278,G11936,Sinnott Wind Farm,,Alberta,221119,Other Electric Power Generation
1279,G11937,Summerview 1 Wind Farm,,Alberta,221119,Other Electric Power Generation
1280,G11938,Taylor Hydro Plant,,Alberta,221111,Hydro-Electric Power Generation
1281,G11939,Centre Hospitalier de l'Université de Montréal,30909,Quebec,622111,General (except Paediatric) Hospitals
1282,G11941,Duvernay Kaybob Complex,29889,Alberta,211110,Oil and gas extraction (except oil sands)
1283,G11942,WASKAHIGAN MGS 10-29-062-23W5,29956,Alberta,211110,Oil and gas extraction (except oil sands)
1284,G11948,Rush Lake 2 Thermal Plant 16-03-048-21W3,31859,Saskatchewan,211110,Oil and gas extraction (except oil sands)
1285,G11949,Brampton Civic Hospital,,Ontario,622111,General (except Paediatric) Hospitals
1286,G11950,TERMINAL DE MONTREAL-EST,6161,Quebec,412110,Petroleum Product Wholesaler-Distributors
1287,G11952,LET RAGUENEAU,32526,Quebec,562210,Waste Treatment and Disposal
1288,G11955,Iqaluit,17367,Nunavut,221112,Fossil-Fuel Electric Power Generation
1289,G11957,Rankin Inlet,17366,Nunavut,221112,Fossil-Fuel Electric Power Generation
1290,G11958,Rmp Waskahigan 12-07-064-23w5,26320,Alberta,211110,Oil and gas extraction (except oil sands)
1291,G11959,02-26 Gas Plant,17343,Alberta,211110,Oil and gas extraction (except oil sands)
1292,G11961,Willesden Green 14-05,27910,Alberta,211110,Oil and gas extraction (except oil sands)
1293,G11963,North Pine Liquid Separation,30148,British Columbia,211110,Oil and gas extraction (except oil sands)
1294,G11970,HUSKY ABERFELDY 8-1-50-27,32646,Saskatchewan,211110,Oil and gas extraction (except oil sands)
1295,G11976,Pointes-Aux-Trembles CO2 Plant,11309,Quebec,325120,Industrial Gas Manufacturing
1296,G11978,Fort Saskatchewan CO2 Plant,30671,Alberta,325120,Industrial Gas Manufacturing
1297,G11979,Highvale Sour Gas Plant 10-04,16869,Alberta,211110,Oil and gas extraction (except oil sands)
1298,G11981,UNITY PLANT,2152,Saskatchewan,212393,Salt Mining
1299,G11982,BlackGold SAGD Sec14-76-07W4,30830,Alberta,211141,In-situ oil sands extraction
1300,G11987,Usine LSR - Train #2,,Quebec,488990,Other Support Activities for Transportation
1301,G11989,ArcelorMittal Contrecoeur Est,3649,Quebec,331110,Iron and Steel Mills and Ferro-Alloy Manufacturing
1302,G11992,BITUMAR,6282,Quebec,339990,All Other Miscellaneous Manufacturing
1303,G11995,Patterson Creek Gas Plant 11-21,30686,Alberta,211110,Oil and gas extraction (except oil sands)
1304,G11998,Usine de Valleyfield,721,Quebec,325189,All Other Basic Inorganic Chemical Manufacturing
1305,G11999,Calgary Composting Facility,30786,Alberta,562920,Material Recovery Facilities
1306,G12000,Kakwa 14-18-064-05W6,30695,Alberta,211110,Oil and gas extraction (except oil sands)
1307,G12001,Kakwa 05-01-064-06W6,30692,Alberta,211110,Oil and gas extraction (except oil sands)
1308,G12009,NATT Tools Group Inc.,7134,Ontario,331221,Cold-Rolled Steel Shape Manufacturing
1309,G12015,Ante Creek Oil Battery 10-07,,Alberta,211110,Oil and gas extraction (except oil sands)
1310,G12016,Pembalta IV Sour Gas Plant 09-16,16906,Alberta,211110,Oil and gas extraction (except oil sands)
1311,G12018,Cessford Sweet Gas Plant 02-08-024-12W4,,Alberta,211110,Oil and gas extraction (except oil sands)
1312,G12022,Rosa Flora Growers Limited,,Ontario,111422,Floriculture Production
1313,G12023,Carson Creek 15MW,30822,Alberta,221112,Fossil-Fuel Electric Power Generation
1314,G12024,Judy Creek 15MW,30821,Alberta,221112,Fossil-Fuel Electric Power Generation
1315,G12030,Aitken A-011-A/094-G-01 Compressor,28517,British Columbia,211110,Oil and gas extraction (except oil sands)
1316,G12031,Consumer Foods - Winnipeg,5269,Manitoba,311614,Rendering and Meat Processing from Carcasses
1317,G12034,Heavysound 1509,29237,Alberta,211110,Oil and gas extraction (except oil sands)
1318,G12036,Kakwa 01-13-063-05W6,18782,Alberta,211110,Oil and gas extraction (except oil sands)
1319,G12037,Usine Mirabel,6216,Quebec,336410,Aerospace Product and Parts Manufacturing
1320,G12039,Centre d'épuration Rive-Sud (CERS),5528,Quebec,221320,Sewage Treatment Facilities
1321,G12042,City of Prince Albert Landfill,,Saskatchewan,562210,Waste Treatment and Disposal
1322,G12045,McLeod River Sweet Gas Plant 16-36-055-15W5,18017,Alberta,211110,Oil and gas extraction (except oil sands)
1323,G12046,Northern Landfill Inc.,33790,Saskatchewan,562210,Waste Treatment and Disposal
1324,G12048,Vista Mine,29955,Alberta,212115,Subbituminous Coal Mining
1325,G12053,District Energy Centre,,Alberta,221330,Steam and Air-Conditioning Supply
1326,G12055,Morrin Ghost Pine Sweet Gas Plant,1368,Alberta,211110,Oil and gas extraction (except oil sands)
1327,G12056,Huxley Sweet Gas Plant,16237,Alberta,211110,Oil and gas extraction (except oil sands)
1328,G12057,Foothills Regional Landfill & Resource Recovery Centre,35459,Alberta,562210,Waste Treatment and Disposal
1329,G12066,Harmon Valley Sour Gas Plant 03-18-084-17W5,30747,Alberta,211110,Oil and gas extraction (except oil sands)
1330,G12084,PAPIERS WHITE BIRCHmc - DIVISION PAPIER MASSON LTÉE,1525,Quebec,322122,Newsprint Mills
1331,G12085,City of Cornwall Landfill Site,10298,Ontario,562210,Waste Treatment and Disposal
1332,G12086,Calgary Wallboard Plant,19383,Alberta,327420,Gypsum Product Manufacturing
1333,G12087,Route Gas Plant 07-09-062-08W6M,29228,Alberta,211110,Oil and gas extraction (except oil sands)
1334,G12090,Gilby Sweet Gas Plant 01-04,17209,Alberta,211110,Oil and gas extraction (except oil sands)
1335,G12091,Garrington 03-03-35-04 W5,23007,Alberta,211110,Oil and gas extraction (except oil sands)
1336,G12092,LOCHEND 03-20-027-03W5,26149,Alberta,211110,Oil and gas extraction (except oil sands)
1337,G12094,Westward Ho 07-08-033-04W5 BTY,15065,Alberta,211110,Oil and gas extraction (except oil sands)
1338,G12096,Olds 16-33-030-01W5 MWB,21722,Alberta,211110,Oil and gas extraction (except oil sands)
1339,G12097,Université de Montréal - Campus de la Montagne,,Quebec,611310,Universities
1340,G12112,Silvertip Mine,29381,British Columbia,212231,Lead-Zinc Ore Mining
1341,G12113,Burnside Combustion Turbines,6056,Nova Scotia,221112,Fossil-Fuel Electric Power Generation
1342,G12116,McBride Lake Wind Farm,,Alberta,221119,Other Electric Power Generation
1343,G12117,Whitehorse Rapids Diesel Generating Station,20185,Yukon,221112,Fossil-Fuel Electric Power Generation
1344,G12119,Elmworth Generating Station,31761,Alberta,221112,Fossil-Fuel Electric Power Generation
1345,G12120,Foothills Boulevard Regional Landfill,,British Columbia,562210,Waste Treatment and Disposal
1346,G12135,Whitecourt Division,6505,Alberta,321111,Sawmills (except Shingle and Shake Mills)
1347,G12141,Borden Generating Station,29819,Prince Edward Island,221112,Fossil-Fuel Electric Power Generation
1348,G12144,Winnipeg Wallboard Plant,19384,Manitoba,327420,Gypsum Product Manufacturing
1349,G12145,Napanee Generating Station,31319,Ontario,221112,Fossil-Fuel Electric Power Generation
1350,G12146,Enbridge Gas Inc.,,Ontario,486210,Pipeline Transportation of Natural Gas
1351,G12147,Enbridge Gas Inc. - Distribution,,Ontario,221210,Natural Gas Distribution
1352,G12148,Jackfish District,,Alberta,211141,In-situ oil sands extraction
1353,G12149,Kirby North 01-06-075-8 W4M,31766,Alberta,211141,In-situ oil sands extraction
1354,G12150,Chinook Power Station,31323,Saskatchewan,221112,Fossil-Fuel Electric Power Generation
1355,G12151,Clover Bar Landfills,,Alberta,562210,Waste Treatment and Disposal
1356,G12152,Wapiti Sour Gas Processing Plant,31595,Alberta,211110,Oil and gas extraction (except oil sands)
1357,G12153,ECO360 Landfill,31214,New Brunswick,562210,Waste Treatment and Disposal
1358,G12154,Gundy Gas Plant (c-060-A/094-B-16) - TOU,31634,British Columbia,211110,Oil and gas extraction (except oil sands)
1359,G12155,Dee Valley Thermal,31681,Saskatchewan,211110,Oil and gas extraction (except oil sands)
1360,G12156,Wapiti Gas Plant 07-35,31627,Alberta,211110,Oil and gas extraction (except oil sands)
1361,G12158,Mount Milligan Mine,29191,British Columbia,212233,Copper-Zinc Ore Mining
1362,G12160,Kakwa 10-23-067-05W6,30691,Alberta,211110,Oil and gas extraction (except oil sands)
1363,G12161,Hydro One Networks,,Ontario,221121,Electric Bulk Power Transmission and Control
1364,G12162,Pipestone 12-35-070-09W6 Gas Plant,31562,Alberta,211110,Oil and gas extraction (except oil sands)
1365,G12163,GFL Environmental Inc. West Hants,29441,Nova Scotia,562210,Waste Treatment and Disposal
1366,G12164,Inga Compressor Station 02-10-088-23W6,31203,British Columbia,211110,Oil and gas extraction (except oil sands)
1367,G12165,Transmission Mainline - AB,,Alberta,486210,Pipeline Transportation of Natural Gas
1368,G12166,Battrum Oil MWB 07-21,22823,Saskatchewan,211110,Oil and gas extraction (except oil sands)
1369,G12168,Highway 48 Landfill,,Ontario,562210,Waste Treatment and Disposal
1370,G12170,Labatt Brewing Company Ltd,2838,Ontario,312120,Breweries
1371,G12173,Nig Creek Gas MWB c-039-D/094-H-03,,British Columbia,211110,Oil and gas extraction (except oil sands)
1372,G12174,"Kraft Nordic, s.e.c. - Usine de pâtes kraft de Lebel-sur-Quévillon",279,Quebec,322112,Chemical Pulp Mills
1373,G12175,Glenrose Energy Centre,,Alberta,622111,General (except Paediatric) Hospitals
1374,G12176,Plant #2,921,Ontario,325999,All Other Miscellaneous Chemical Product Manufacturing
1375,G12179,Kakwa 16-16-064-04W6,31570,Alberta,211110,Oil and gas extraction (except oil sands)
1376,G12180,01-20-060-17 W5M,28793,Alberta,211110,Oil and gas extraction (except oil sands)
1377,G12181,Rmp Kaybob 10-22 Compressor,24161,Alberta,211110,Oil and gas extraction (except oil sands)
1378,G12182,Toronto Facility,2256,Ontario,331490,"Non-Ferrous Metal (except Copper and Aluminum) Rolling, Drawing, Extruding and Alloying"
1379,G12183,"P5 Farms, a division of Pure Flavor Farms LP",,Ontario,111419,Other Food Crops Grown Under Cover
1380,G12184,Groupe minier Windfall,31976,Quebec,213119,Other Support Activities for Mining
1381,G12185,Sappi Matane,4788,Quebec,322111,Mechanical Pulp Mills
1382,G12186,Nig Creek Sour Gas Plant (c-046-C/94-H-04) - TOU,31612,British Columbia,211110,Oil and gas extraction (except oil sands)
1383,G12190,Parkland Power Plant 06-11,22593,Alberta,221121,Electric Bulk Power Transmission and Control
1384,G12191,Gold Creek Compressor Station 12-02-068-06W6,31111,Alberta,211110,Oil and gas extraction (except oil sands)
1385,G12193,Blackrod SAGD Pilot 02-36-076-18W4,25212,Alberta,211110,Oil and gas extraction (except oil sands)
1386,G12197,Bombardier Toronto,35089,Ontario,336410,Aerospace Product and Parts Manufacturing
1387,G12200,Chosen Fresh Farms Ltd.,,Ontario,111419,Other Food Crops Grown Under Cover
1388,G12201,Bonterra 05-35 Sweet Gas Plant,,Alberta,211110,Oil and gas extraction (except oil sands)
1389,G12202,RSI Environnement - Centre de décontamination et de recyclage des sols,5567,Quebec,562910,Remediation Services
1390,G12204,Grantech,31848,Quebec,339990,All Other Miscellaneous Manufacturing
1391,G12206,Leland Comp Stn 14-34-058-26-W5,22884,Alberta,211110,Oil and gas extraction (except oil sands)
1392,G12207,Pipestone Processing Facility and Liquids Hub 04-07-073-08W6,30605,Alberta,211110,Oil and gas extraction (except oil sands)
1393,G12208,Aphria Inc.,,Ontario,111419,Other Food Crops Grown Under Cover
1394,G12211,Mancal Karr 01-07-066-03W6 Oil Battery,29378,Alberta,211110,Oil and gas extraction (except oil sands)
1395,G12215,Willesden Green 08-10,29776,Alberta,211110,Oil and gas extraction (except oil sands)
1396,G12217,Pinnacle Acres,,Ontario,111419,Other Food Crops Grown Under Cover
1397,G12218,Crew Edson 16-10-052-15 W5,19475,Alberta,211110,Oil and gas extraction (except oil sands)
1398,G12219,H&A Graham #3,,Ontario,111419,Other Food Crops Grown Under Cover
1399,G12220,Bonterra 10-15 Sweet Gas Plant,,Alberta,211110,Oil and gas extraction (except oil sands)
1400,G12221,SC East Landfill,,Saskatchewan,562210,Waste Treatment and Disposal
1401,G12223,ANSELL CORSER GAS PLANT 06-20-049-18W5,31687,Alberta,211110,Oil and gas extraction (except oil sands)
1402,G12224,Flat Lake 14-09-002-11W2 MWB,,Saskatchewan,211110,Oil and gas extraction (except oil sands)
1403,G12225,Septimus 14-16-081-18W6,,British Columbia,211110,Oil and gas extraction (except oil sands)
1404,G12229,Daly Unit No. 3 Battery,,Manitoba,211110,Oil and gas extraction (except oil sands)
1405,G12232,TEINE Plato 13-18-26-18W3,28789,Saskatchewan,211110,Oil and gas extraction (except oil sands)
1406,G12237,Harmattan Eagle Hill Battery,31673,Alberta,211110,Oil and gas extraction (except oil sands)
1407,G12238,Bilbo Comp Stn 04-32-065-07W6,,Alberta,211110,Oil and gas extraction (except oil sands)
1408,G12242,Hacienda North Farms Plant 1,,Ontario,111419,Other Food Crops Grown Under Cover
1409,G12244,Meota East 02-16-46-16W3M,31842,Saskatchewan,211110,Oil and gas extraction (except oil sands)
1410,G12245,CS 09-02-048-06W5 (ABCS0136852),,Alberta,211110,Oil and gas extraction (except oil sands)
1411,G12251,ARCHER MANNVILLE-MINBURN,,Alberta,211110,Oil and gas extraction (except oil sands)
1412,G12253,Daiber Gas MWB d-044-C/094-B-16,,British Columbia,211110,Oil and gas extraction (except oil sands)
1413,G12255,Ontario Plants Propagation Limited,,Ontario,111419,Other Food Crops Grown Under Cover
1414,G12259,Valhalla Comp Stn 13-16,31552,Alberta,211110,Oil and gas extraction (except oil sands)
1415,G12262,Medicine Hat  01-16-013-29 W3,17287,Saskatchewan,211110,Oil and gas extraction (except oil sands)
1416,G12264,Kakwa 10-16-062-04W6,31569,Alberta,211110,Oil and gas extraction (except oil sands)
1417,G12265,Woodward Avenue Wastewater Treatment Plant,5970,Ontario,221320,Sewage Treatment Facilities
1418,G12268,RBR KAYB 15-30-063-18W5 MWOB,30093,Alberta,211110,Oil and gas extraction (except oil sands)
1419,G12273,Daly Unit No.1 Battery,,Manitoba,211110,Oil and gas extraction (except oil sands)
1420,G12276,HANLAN SOUR INLET,,Alberta,211110,Oil and gas extraction (except oil sands)
1421,G12277,Parallax Sylvan Lake 06-20-037-01W5 Gas Plant,19153,Alberta,211110,Oil and gas extraction (except oil sands)
1422,G12282,05-22 Pouce Coupe Compressor Station,16490,Alberta,211110,Oil and gas extraction (except oil sands)
1423,G12286,BCBT0007465,,British Columbia,211110,Oil and gas extraction (except oil sands)
1424,G12290,Cavendish Farms,32419,Alberta,311410,Frozen Food Manufacturing
1425,G12291,LRE - Kakut Gas Plant 14-12,22580,Alberta,211110,Oil and gas extraction (except oil sands)
1426,G12292,Elmira Facility,2322,Ontario,325999,All Other Miscellaneous Chemical Product Manufacturing
1427,G12294,Coaldale 6.4 MW Power Plant,31782,Alberta,221112,Fossil-Fuel Electric Power Generation
1428,G12297,Soderglen Wind Farm,,Alberta,221119,Other Electric Power Generation
1429,G12298,"Copper Cliff Mining, Smelting and Refining Complex",,Ontario,331410,Non-Ferrous Metal (except Aluminum) Smelting and Refining
1430,G12299,Todd Birch a-44-I/94-A-13 Compressor Station IF_a,31549,British Columbia,211110,Oil and gas extraction (except oil sands)
1431,G12300,Louis Dreyfus Company Canada ULC,,Saskatchewan,311224,Oilseed Processing
1432,G12302,Metex Heat Treating Ltd.,,Ontario,332810,"Coating, Engraving, Heat Treating and Allied Activities"
1433,G12304,Eagle River Mill,,Ontario,212220,Gold and Silver Ore Mining
1434,G12305,Spirit River 13-28-078-08W6 GGS,31632,Alberta,211110,Oil and gas extraction (except oil sands)
1435,G12307,Pierson 04-01-002-28 W1M,,Manitoba,211110,Oil and gas extraction (except oil sands)
1436,G12308,Milner M2 Power Plant,,Alberta,221112,Fossil-Fuel Electric Power Generation
1437,G12309,Beare Road Landfill,,Ontario,562210,Waste Treatment and Disposal
1438,G12310,Fredericton Region Landfill,35302,New Brunswick,562210,Waste Treatment and Disposal
1439,G12311,Spruce Lake Central Thermal,32394,Saskatchewan,211110,Oil and gas extraction (except oil sands)
1440,G12312,Kaybob 07-20-060-19W5 GGS,31542,Alberta,211110,Oil and gas extraction (except oil sands)
1441,G12313,NEL ANSELL BT 07-27-051-19W5,17067,Alberta,211110,Oil and gas extraction (except oil sands)
1442,G12315,Hemlock Knoll Landfill,,New Brunswick,562210,Waste Treatment and Disposal
1443,G12316,Crane Mountain,,New Brunswick,562210,Waste Treatment and Disposal
1444,G12317,TOWN C-72-A Gas Plant,,British Columbia,211110,Oil and gas extraction (except oil sands)
1445,G12318,Ansell MWB 03-06-049-18W5,,Alberta,211110,Oil and gas extraction (except oil sands)
1446,G12322,Montney Sour Gas Plant C-011-K/094-A-12,31982,British Columbia,211110,Oil and gas extraction (except oil sands)
1447,G12323,HHR ABGS0153145,32246,Alberta,211110,Oil and gas extraction (except oil sands)
1448,G12324,Cogerno Regional Landfill,,New Brunswick,562210,Waste Treatment and Disposal
1449,G12325,TAQA - Sunchild 01-04-044-11W5M Facility,32281,Alberta,211110,Oil and gas extraction (except oil sands)
1450,G12326,Red Pine Landfill,,New Brunswick,562210,Waste Treatment and Disposal
1451,G12327,Resthaven 03-16-060-02W6 Gas Plant,32358,Alberta,211110,Oil and gas extraction (except oil sands)
1452,G12328,Provost Veteran Oil Battery 15-20-034-08W4,24352,Alberta,211110,Oil and gas extraction (except oil sands)
1453,G12329,"NGTL, British Columbia System",,British Columbia,486210,Pipeline Transportation of Natural Gas
1454,G12331,Duvernay Sweetening Plant,31677,Alberta,211110,Oil and gas extraction (except oil sands)
1455,G12332,Kakwa 04-26-061-05W6 Compressor,22864,Alberta,211110,Oil and gas extraction (except oil sands)
1456,G12333,Highway 101 Landfill,,Nova Scotia,562210,Waste Treatment and Disposal
1457,G12334,OTTAWA VALLEY WASTE RECOVERY CENTRE,10413,Ontario,562210,Waste Treatment and Disposal
1458,G12335,PWE Pouce Coupe 1-19 GGS,27093,Alberta,211110,Oil and gas extraction (except oil sands)
1459,G12336,Thackeray Landfill,,Ontario,562210,Waste Treatment and Disposal
1460,G12338,Aphria Diamond,,Ontario,111419,Other Food Crops Grown Under Cover
1461,G12339,Pipestone South Gas Battery 14-17,,Alberta,211110,Oil and gas extraction (except oil sands)
1462,G12340,AG20 ABGP0001220 NEVIS 12-07 GP,,Alberta,211110,Oil and gas extraction (except oil sands)
1463,G12342,Pipestone Compressor Station 08-15-070-08W6,,Alberta,211110,Oil and gas extraction (except oil sands)
1464,G12344,Gundy A-021-I/094-B-09 Compressor,32346,British Columbia,211110,Oil and gas extraction (except oil sands)
1465,G12346,AG20 ABBT0118889 IRRICANA 10-22 BTY,,Alberta,211110,Oil and gas extraction (except oil sands)
1466,G12349,Ante Creek Sweet Gas Plant 10-36,,Alberta,211110,Oil and gas extraction (except oil sands)
1467,G12350,Mission Landfill,,British Columbia,562210,Waste Treatment and Disposal
1468,G12352,Shell Canada Limited CS 12-28,,Alberta,211110,Oil and gas extraction (except oil sands)
1469,G12353,GCT Deltaport,33084,British Columbia,488320,Marine Cargo Handling
1470,G12354,Ridley Island Propane Export Terminal,31218,British Columbia,211110,Oil and gas extraction (except oil sands)
1471,G12356,Linamar Gear,11073,Ontario,336350,Motor Vehicle Transmission and Power Train Parts Manufacturing
1472,G12361,AG20 ABBT0097122 FOSTER 08-28 BTY,,Alberta,211110,Oil and gas extraction (except oil sands)
1473,G12362,AG20 ABGS0121501 ACME 16-07 GGS,,Alberta,211110,Oil and gas extraction (except oil sands)
1474,G12363,AG20 ABBT0141226 ENTICE 01-22 BTY,,Alberta,211110,Oil and gas extraction (except oil sands)
1475,G12364,Willesden Green Sweet Gas Plant 13-27,,Alberta,211110,Oil and gas extraction (except oil sands)
1476,G12366,TQM Pipeline,,Quebec,486110,Pipeline Transportation of Crude Oil
1477,G12367,Pouce Coupe 14-27,25405,Alberta,211110,Oil and gas extraction (except oil sands)
1478,G12368,"WestPine MDF, a division of West Fraser Mills Ltd.",5108,British Columbia,321216,Particle Board and Fibreboard Mills
1479,G12369,Sensei Farms Leamington ULC,,Ontario,111419,Other Food Crops Grown Under Cover
1480,G12370,Placid 07-11-060-23W5 Sour Facility,32388,Alberta,211110,Oil and gas extraction (except oil sands)
1481,G12371,AG20 ABGS0003808 FENN BV 12-15 GGS,,Alberta,211110,Oil and gas extraction (except oil sands)
1482,G12373,MURPHY SIMONETTE 03-02,31997,Alberta,211110,Oil and gas extraction (except oil sands)
1483,G12374,2492309 Ontario Ltd,,Ontario,111419,Other Food Crops Grown Under Cover
1484,G12376,Mancal Alder 06-19-045-06W5 Gas Plant,29185,Alberta,211110,Oil and gas extraction (except oil sands)
1485,G12378,Mancal Wilson 04-14-044-05W5 Oil Battery,28032,Alberta,211110,Oil and gas extraction (except oil sands)
1486,G12380,6-21-38-20W4M,27693,Alberta,211110,Oil and gas extraction (except oil sands)
1487,G12382,Kakwa Gas Processing 01-35-060-05W6,22280,Alberta,211110,Oil and gas extraction (except oil sands)
1488,G12383,Westbrick 04-06-047-12W5 Multi-Well Battery,30995,Alberta,211110,Oil and gas extraction (except oil sands)
1489,G12385,Station F Comp Station 16-09,,Alberta,211110,Oil and gas extraction (except oil sands)
1490,G12386,AG20 ABGS0004506 GAYFORD 12-35 GGS,,Alberta,211110,Oil and gas extraction (except oil sands)
1491,G12387,Mantario Oil Battery 13-32-027-27W3,,Saskatchewan,211110,Oil and gas extraction (except oil sands)
1492,G12389,Nig Creek Sour Gas Plant b-048-G,,British Columbia,211110,Oil and gas extraction (except oil sands)
1493,G12390,Gerald Parisien Energy Facility,10995,Ontario,221112,Fossil-Fuel Electric Power Generation
1494,G12391,Medicine Lodge Gas Plant (14-03-052-23W5) - TOU,31639,Alberta,211110,Oil and gas extraction (except oil sands)
1495,G12394,Pipestone 05-36-071-07W6 Battery,16774,Alberta,211110,Oil and gas extraction (except oil sands)
1496,G12395,VEHCOM MANUFACTURING,7060,Ontario,336350,Motor Vehicle Transmission and Power Train Parts Manufacturing
1497,G12398,MURPHY 08-03 WASKAHIGAN,31060,Alberta,211110,Oil and gas extraction (except oil sands)
1498,G12399,BILBO 04-25 GROUP GAS BTY,500518,Alberta,211110,Oil and gas extraction (except oil sands)
1499,G12401,Wintering Hills gas Plant 01-18-025-17W4,,Alberta,211110,Oil and gas extraction (except oil sands)
1500,G12402,"Williams Lake Lumber, a division of West Fraser Mills Ltd.",7788,British Columbia,321111,Sawmills (except Shingle and Shake Mills)
1501,G12404,Eldorado Gold (Québec) Inc.,30807,Quebec,212220,Gold and Silver Ore Mining
1502,G12407,Ghost Pine No.1 Comp Station 06-05,18628,Alberta,211110,Oil and gas extraction (except oil sands)
1503,G12412,BCBT0000245,,British Columbia,211110,Oil and gas extraction (except oil sands)
1504,G12422,PepsiCo Beverage Company,,Ontario,312110,Soft Drink and Ice Manufacturing
1505,G12423,Wembley Comp Stn 03-01,31965,Alberta,211110,Oil and gas extraction (except oil sands)
1506,G12425,Grace Family Farms Ltd,,Ontario,111419,Other Food Crops Grown Under Cover
1507,G12430,Verger North Comp Stn 06-18-022-14W4,,Alberta,211110,Oil and gas extraction (except oil sands)
1508,G12432,Pipestone Compressor Station 14-27-072-09W6,31313,Alberta,211110,Oil and gas extraction (except oil sands)
1509,G12435,Mitchell,5616,Ontario,311515,"Butter, Cheese, and Dry and Condensed Dairy Products Manufacturing"
1510,G12436,Brownfield Sweet Gas Plant,15355,Alberta,211110,Oil and gas extraction (except oil sands)
1511,G12437,Sandy Lake Diesel Generating Station,10388,Ontario,221112,Fossil-Fuel Electric Power Generation
1512,G12439,"Quesnel Plywood, a division of West Fraser Mills Ltd.",7932,British Columbia,321212,Softwood Veneer and Plywood Mills
1513,G12440,Birchmount Energy Centre,,Ontario,221330,Steam and Air-Conditioning Supply
1514,G12445,CS12 14-11 Hub,,Alberta,211110,Oil and gas extraction (except oil sands)
1515,G12446,Clegg Energy Centre,,Ontario,221330,Steam and Air-Conditioning Supply
1516,G12447,Donkin Mine,,Nova Scotia,212114,Bituminous Coal Mining
1517,G12448,Waterton Complex - Compressor Station X,17875,Alberta,211110,Oil and gas extraction (except oil sands)
1518,G12449,Lieu d'Enfouissement Sanitaire de l'Ascension,,Quebec,562210,Waste Treatment and Disposal
1519,G12451,Belleville Plant,11694,Ontario,311230,Breakfast Cereal Manufacturing
1520,G12453,Municipalité de Saint-Alphonse- LET,,Quebec,562210,Waste Treatment and Disposal
1521,G12454,Laprise Gas Plant (B-24-H / 94-G-08),29783,British Columbia,211110,Oil and gas extraction (except oil sands)
1522,G12455,Bimbo Canada EPS - Integrated Facility,,Ontario,311814,Commercial Bakeries and Frozen Bakery Product Manufacturing
1523,G12456,Montreal Plant (024),7196,Quebec,327420,Gypsum Product Manufacturing
1524,G12460,Kaybob 10-29-063-23W5 Gas Plant,29453,Alberta,211110,Oil and gas extraction (except oil sands)
1525,G12461,Kaybob 05-31-062-24W5 Gas Plant,26501,Alberta,211110,Oil and gas extraction (except oil sands)
1526,G12466,Côté Gold,31795,Ontario,212220,Gold and Silver Ore Mining
1527,G12472,Astra Lampman 08-03-05-06 W2M,33086,Saskatchewan,211110,Oil and gas extraction (except oil sands)
1528,G12474,Provost Gas Plant 08-14-040-03W4,16992,Alberta,211110,Oil and gas extraction (except oil sands)
1529,G12475,Pipestone North 16-28-71-09W6 GS,33048,Alberta,211110,Oil and gas extraction (except oil sands)
1530,G12478,Kaybob 05-33 Gathering Station,34310,Alberta,211110,Oil and gas extraction (except oil sands)
1531,G12483,Nipisi 15-31-076-06W5,32397,Alberta,211110,Oil and gas extraction (except oil sands)
1532,G12484,Marten Hills 15-29-073-24W4,32398,Alberta,211110,Oil and gas extraction (except oil sands)
1533,G12485,Hardisty Diluent Recovery Unit,32940,Alberta,486110,Pipeline Transportation of Crude Oil
1534,G12488,Centre de finition Montréal,5463,Quebec,336410,Aerospace Product and Parts Manufacturing
1535,G12489,Gold Creek 03-26 GP,32552,Alberta,211110,Oil and gas extraction (except oil sands)
1536,G12490,Brampton Plant,10779,Ontario,312110,Soft Drink and Ice Manufacturing
1537,G12491,Weston Plant,4583,Ontario,312110,Soft Drink and Ice Manufacturing
1538,G12494,Standen's Building 1,,Alberta,332113,Forging
1539,G12495,"Meota West 2, 06-17-46-17W3",33015,Saskatchewan,211110,Oil and gas extraction (except oil sands)
1540,G12496,Nylene Canada Inc.,22,Ontario,313110,"Fibre, Yarn and Thread Mills"
1541,G12497,Produits Kruger Sherbrooke Inc,32599,Quebec,322121,Paper (except Newsprint) Mills
1542,G12498,Town A-018-D/094-A-13,,British Columbia,211110,Oil and gas extraction (except oil sands)
1543,G12499,Town B-089-J/094-B-16 Gas Plant,,British Columbia,211110,Oil and gas extraction (except oil sands)
1544,G12501,AG20 ABGS0084509 DRY ISLAND GGS,,Alberta,211110,Oil and gas extraction (except oil sands)
1545,G12505,Mitsue Plant,29828,Alberta,325999,All Other Miscellaneous Chemical Product Manufacturing
1546,G12506,Edmonton South Power Plant,32593,Alberta,221112,Fossil-Fuel Electric Power Generation
1547,G12508,Browning 04-23-006-07W2 MWB,,Saskatchewan,211110,Oil and gas extraction (except oil sands)
1548,G12512,Garrington 08-15-034-04W5 BTY,24148,Alberta,211110,Oil and gas extraction (except oil sands)
1549,G12513,Verendrye 04-22-028-24W3 MWB,,Saskatchewan,211110,Oil and gas extraction (except oil sands)
1550,G12514,Via Verde Hydroponics,,Ontario,111419,Other Food Crops Grown Under Cover
1551,G12515,Lockhart 06-19 Compressor Site,17169,Alberta,211110,Oil and gas extraction (except oil sands)
1552,G12516,LET de Saint-Rosaire,32527,Quebec,562210,Waste Treatment and Disposal
1553,G12517,Boem Berry Farms Inc.,,Ontario,111419,Other Food Crops Grown Under Cover
1554,G12518,La Prairie,8563,Quebec,327215,Glass Product Manufacturing from Purchased Glass
1555,G12520,PERTH,3201,Ontario,322220,Paper Bag and Coated and Treated Paper Manufacturing
1556,G12522,Dellcom Aerospace,32558,Ontario,332710,Machine Shops
1557,G12524,16-24-018-17-W4 Leckie,15396,Alberta,211110,Oil and gas extraction (except oil sands)
1558,G12526,Ya Ya Foods Corporation,35380,Ontario,311930,Flavouring Syrup and Concentrate Manufacturing
1559,G12527,Fernlea Flowers,,Ontario,111422,Floriculture Production
1560,G12528,Cielo Vista Farms Inc.,,Ontario,111419,Other Food Crops Grown Under Cover
1561,G12529,Brampton Westwyn,,Ontario,311615,Poultry Processing
1562,G12530,Alberta Carbon Trunk Line,,Alberta,486990,All Other Pipeline Transportation
1563,G12531,Golden Acre Farms Inc.,,Ontario,111419,Other Food Crops Grown Under Cover
1564,G12534,Windfall 14-24,29238,Alberta,211110,Oil and gas extraction (except oil sands)
1565,G12536,Bailey Sanitary Landfill,35421,British Columbia,562210,Waste Treatment and Disposal
1566,G12537,Orlando,32438,Ontario,311410,Frozen Food Manufacturing
1567,G12538,IMT Integrated Facility,,Ontario,332113,Forging
1568,G12539,16-24-031-25W4,32435,Alberta,211110,Oil and gas extraction (except oil sands)
1569,G12544,Pembina 09-17-050-07W5,,Alberta,211110,Oil and gas extraction (except oil sands)
1570,G12545,Kerry Renfrew,11755,Ontario,311930,Flavouring Syrup and Concentrate Manufacturing
1571,G12546,Canada Royal Milk ULC,32437,Ontario,311515,"Butter, Cheese, and Dry and Condensed Dairy Products Manufacturing"
1572,G12547,Canoe Forest Products,7873,British Columbia,321212,Softwood Veneer and Plywood Mills
1573,G12548,Enhance Energy - Clive 04-15,31054,Alberta,211110,Oil and gas extraction (except oil sands)
1574,G12549,MODATEK SYSTEMS,7640,Ontario,336390,Other Motor Vehicle Parts Manufacturing
1575,G12550,Weyerhaeuser Princeton Sawmill,7920,British Columbia,321111,Sawmills (except Shingle and Shake Mills)
1576,G12551,Grand Forks Sawmill,20021,British Columbia,321111,Sawmills (except Shingle and Shake Mills)
1577,G12552,Dunkley Lumber Ltd.,7709,British Columbia,321111,Sawmills (except Shingle and Shake Mills)
1578,G12553,Red Chris Mine,32235,British Columbia,212220,Gold and Silver Ore Mining
1579,G12555,Moly-Cop Canada,,British Columbia,331511,Iron Foundries
1580,G12556,Solid Waste Area Management Project,,Manitoba,562210,Waste Treatment and Disposal
1581,G12559,PRESSTRAN INDUSTRIES (170 Edward St),2683,Ontario,336390,Other Motor Vehicle Parts Manufacturing
1582,G12560,PRESSTRAN INDUSTRIES (1155 Talbot St),,Ontario,336390,Other Motor Vehicle Parts Manufacturing
1583,G12561,Robert O. Pickard Environmental Centre,770,Ontario,221320,Sewage Treatment Facilities
1584,G12562,ARCHER 09-25-074-08W6 MWOB & GS,33764,Alberta,211110,Oil and gas extraction (except oil sands)
1585,G12563,Progress Comp Stn 04-21,33748,Alberta,211110,Oil and gas extraction (except oil sands)
1586,G12564,115 Drumlin Cir,5757,Ontario,337213,"Wood Office Furniture, including Custom Architectural Woodwork, Manufacturing"
1587,G12565,180 Viceroy RD,35175,Ontario,337213,"Wood Office Furniture, including Custom Architectural Woodwork, Manufacturing"
1588,G12566,Kakwa 102/10-10-065-05W6,,Alberta,211110,Oil and gas extraction (except oil sands)
1589,G12569,Kakwa 05-25-063-04W6,32269,Alberta,211110,Oil and gas extraction (except oil sands)
1590,G12571,City of North Battleford Waste Management Facility,500540,Saskatchewan,562210,Waste Treatment and Disposal
1591,G12575,Belden Canada,2670,Ontario,335920,Communication and Energy Wire and Cable Manufacturing
1592,G12577,Blue Trail Wind Farm,,Alberta,221119,Other Electric Power Generation
1593,G12578,Summerview 2 Wind Farm,,Alberta,221119,Other Electric Power Generation
1594,G12580,Swimming 16-11-052-07W4 Pad,33745,Alberta,211110,Oil and gas extraction (except oil sands)
1595,G12581,Extrusion North America - Mississauga,,Ontario,331317,"Aluminum Rolling, Drawing, Extruding and Alloying"
1596,G12582,Humber Treatment Plant,2238,Ontario,221320,Sewage Treatment Facilities
1597,G12583,Saskatoon Processing Company,2367,Saskatchewan,311614,Rendering and Meat Processing from Carcasses
1598,G12585,City of Weyburn Landfill,,Saskatchewan,562210,Waste Treatment and Disposal
1599,G12589,Hamilton Confectionery Plant,11833,Ontario,311340,Non-Chocolate Confectionery Manufacturing
1600,G12593,ABBT9190044,,Alberta,211110,Oil and gas extraction (except oil sands)
1601,G12595,Lakeview - Williams Lake,7760,British Columbia,321111,Sawmills (except Shingle and Shake Mills)
1602,G12599,SURGE VALHALLA 6-31-74-8 W6,30710,Alberta,211110,Oil and gas extraction (except oil sands)
1603,G12601,BCBT0007672,,British Columbia,211110,Oil and gas extraction (except oil sands)
1604,G12602,SC 13-07 Run Oil MWB 13-07-063-21W4,33203,Alberta,211110,Oil and gas extraction (except oil sands)
1605,G12604,Lodgepole 13-35-47-10w5,15626,Alberta,211110,Oil and gas extraction (except oil sands)
1606,G12606,"Uniboard Canad inc, usine Val-d'Or",4060,Quebec,321216,Particle Board and Fibreboard Mills
1607,G12607,Inga 10-19-87-23 W6,31269,British Columbia,211110,Oil and gas extraction (except oil sands)
1608,G12608,Big River Sawmill,5381,Saskatchewan,321111,Sawmills (except Shingle and Shake Mills)
1609,G12611,East York Bakery,7248,Ontario,311821,Cookie and Cracker Manufacturing
1610,G12612,NIPISI 09-34-76-07 W5,,Alberta,211110,Oil and gas extraction (except oil sands)
1611,G12613,Willesden Green 11-19-041-05W5 Compressor,,Alberta,211110,Oil and gas extraction (except oil sands)
1612,G12617,Meanook Oil MWB 15-19-063-21W4,32019,Alberta,211110,Oil and gas extraction (except oil sands)
1613,G12618,Skyberry Farms Inc.,,Ontario,111419,Other Food Crops Grown Under Cover
1614,G12620,Erie Meats Listowel,,Ontario,311410,Frozen Food Manufacturing
1615,G12621,Integrated Hot Mix,,Ontario,324121,Asphalt Paving Mixture and Block Manufacturing
1616,G12623,Enerchem Slave Lake,32911,Alberta,324110,Petroleum Refineries
1617,G12625,Calling Lake South 01-20,,Alberta,211110,Oil and gas extraction (except oil sands)
1618,G12628,Cyn Pem Oil Battery 15-16-051-11W5,,Alberta,211110,Oil and gas extraction (except oil sands)
1619,G12629,Station A Comp Stn 02-02,,Alberta,211110,Oil and gas extraction (except oil sands)
1620,G12631,Peyto Aurora 11-13-43-13W5,33762,Alberta,211110,Oil and gas extraction (except oil sands)
1621,G12632,Perryvale West Oil MWB 16-24-063-24W4,33196,Alberta,211110,Oil and gas extraction (except oil sands)
1622,G12633,Jarvie 05-20-063,31085,Alberta,211110,Oil and gas extraction (except oil sands)
1623,G12634,Corunna Storage Facility,11890,Ontario,412110,Petroleum Product Wholesaler-Distributors
1624,G12636,BIVOUAC B-099-H/094-I-08,22947,British Columbia,211110,Oil and gas extraction (except oil sands)
1625,G12638,Doe Gas Plant,,British Columbia,211110,Oil and gas extraction (except oil sands)
1626,G12641,Houston Pellet Limited Partnership,20151,British Columbia,321999,All Other Miscellaneous Wood Product Manufacturing
1627,G12642,Smithers Pellet Limited Partnership,31268,British Columbia,321999,All Other Miscellaneous Wood Product Manufacturing
1628,G12643,Williams Lake,20164,British Columbia,321999,All Other Miscellaneous Wood Product Manufacturing
1629,G12644,Portage la Prairie Regional Landfill,35398,Manitoba,562210,Waste Treatment and Disposal
1630,G12645,04-26-77-13-W6M,33843,Alberta,211110,Oil and gas extraction (except oil sands)
1631,G12650,HyLife Foods LP,30554,Manitoba,311617,Hog slaughtering
1632,G12651,ABBT0060208,,Alberta,211110,Oil and gas extraction (except oil sands)
1633,G12652,Edmonton Organics Processing Facility,,Alberta,562210,Waste Treatment and Disposal
1634,G12653,BCBT0009073,,British Columbia,211110,Oil and gas extraction (except oil sands)
1635,G12655,Jenner Sour Gas Plant,16212,Alberta,211110,Oil and gas extraction (except oil sands)
1636,G12656,02-06-79-11-W6M,29016,Alberta,211110,Oil and gas extraction (except oil sands)
1637,G12657,Jarvie 01-10-063-01W5,31084,Alberta,211110,Oil and gas extraction (except oil sands)
1638,G12658,Ukalta 05-18,30967,Alberta,211110,Oil and gas extraction (except oil sands)
1639,G12659,Ferrier 07-18-040-09 W5M,,Alberta,211110,Oil and gas extraction (except oil sands)
1640,G12660,Muskeg Valley Quarry,34006,Alberta,212315,Limestone Mining and Quarrying
1641,G12665,ABCS0025486,,Alberta,211110,Oil and gas extraction (except oil sands)
1642,G12668,Kerrobert Crude Oil Processing Facility,33834,Saskatchewan,324110,Petroleum Refineries
1643,G12669,Tabor Sawmill,7914,British Columbia,321111,Sawmills (except Shingle and Shake Mills)
1644,G12670,Marten Hills 14-06-076-02W5,33725,Alberta,211110,Oil and gas extraction (except oil sands)
1645,G12673,Roquette Canada Ltd.- Portage La Prairie,33012,Manitoba,311990,All Other Food Manufacturing
1646,G12674,Fireweed MWB A-005-J/094-A-13,,British Columbia,211110,Oil and gas extraction (except oil sands)
1647,G12675,ABBT0153027,,Alberta,211110,Oil and gas extraction (except oil sands)
1648,G12676,Peterborough County/City Waste Management Facility,11866,Ontario,562210,Waste Treatment and Disposal
1649,G12678,Greenstone Mine,,Ontario,212220,Gold and Silver Ore Mining
1650,G12679,"Pure Flavor Farms, a division of Pure Flavor Farms LP",,Ontario,111419,Other Food Crops Grown Under Cover
1651,G12680,City of Lloydminster Landfill,,Saskatchewan,562210,Waste Treatment and Disposal
1652,G12681,Wembley Oil MWB 01-20-072-08W6,,Alberta,211110,Oil and gas extraction (except oil sands)
1653,G12682,Border 14-03-040-28W3,33151,Saskatchewan,211110,Oil and gas extraction (except oil sands)
1654,G12683,GFL Cumberland Central Landfill,33509,Nova Scotia,562210,Waste Treatment and Disposal
1655,G12685,Lavington Pellet Limited Partnership,29067,British Columbia,321999,All Other Miscellaneous Wood Product Manufacturing
1656,G12686,Wastewater Treatment Plant,6635,Alberta,221320,Sewage Treatment Facilities
1657,G12687,Chambers Gas Plant 02-15,33807,Alberta,211110,Oil and gas extraction (except oil sands)
1658,G12688,ABBT0066632,,Alberta,211110,Oil and gas extraction (except oil sands)
1659,G12689,THOR KNAPPEN 16-29 PLANT,,Alberta,211110,Oil and gas extraction (except oil sands)
1660,G12692,BCGS3164246,34231,British Columbia,211110,Oil and gas extraction (except oil sands)
1661,G12693,ABBT0150246,,Alberta,211110,Oil and gas extraction (except oil sands)
1662,G12694,Richmond Landfill,7398,Ontario,562210,Waste Treatment and Disposal
1663,G12695,Marten Hills 08-34-074-25W4,33729,Alberta,211110,Oil and gas extraction (except oil sands)
1664,G12696,GFL Guysborough Landfill,33508,Nova Scotia,562990,All Other Waste Management Services
1665,G12699,Elmworth Gas MWB 01-08-070-11W6,,Alberta,211110,Oil and gas extraction (except oil sands)
1666,G12700,Heartland Petrochemical Complex - PDH/PP/Rail,33732,Alberta,325110,Petrochemical Manufacturing
1667,G12701,Spruce Lake North Thermal,33787,Saskatchewan,211110,Oil and gas extraction (except oil sands)
1668,G12702,Heartland Petrochemical Complex Cogeneration Power Plant,33676,Alberta,221112,Fossil-Fuel Electric Power Generation
1669,G12705,Taber Plant,,Alberta,311410,Frozen Food Manufacturing
1670,G12706,Brasserie de Longueuil,33525,Quebec,312120,Breweries
1671,G12707,KELT WEMBLEY 11-31 MWGEB,30422,Alberta,211110,Oil and gas extraction (except oil sands)
1672,G12708,Rochester Aluminum Smelting Canada Limited,31053,Ontario,331529,Non-Ferrous Foundries (except Die-Casting)
1673,G12709,THUNDER MATZIWIN 13-36,27949,Alberta,211110,Oil and gas extraction (except oil sands)
1674,G12713,Mackenzie Site 2 & Power Plant,5105,British Columbia,321111,Sawmills (except Shingle and Shake Mills)
1675,G12716,Lieu d'enfouissement technique RIDT,,Quebec,562210,Waste Treatment and Disposal
1676,G12717,Lieu d'enfouissement technique de la Ville de Matane,,Quebec,562210,Waste Treatment and Disposal
1677,G12718,Lieu d'enfouissement technique de la ville de Sept-Iles,33877,Quebec,562210,Waste Treatment and Disposal
1678,G12719,Pure Sunfarms Delta 3,,British Columbia,111412,Cannabis grown under cover
1679,G12720,KARMAX HEAVY STAMPING - MILTON,3949,Ontario,336370,Motor Vehicle Metal Stamping
1680,G12721,Lieu d'enfouissement technique de Rivière-du-Loup,33896,Quebec,562210,Waste Treatment and Disposal
1681,G12723,Rocky Mountain House Gas-fired Power Plant,34008,Alberta,221112,Fossil-Fuel Electric Power Generation
1682,G12724,Aspen Waste Management,,Alberta,562210,Waste Treatment and Disposal
1683,G12725,North Peace Regional Landfill,,British Columbia,562210,Waste Treatment and Disposal
1684,G12726,Roseridge Landfill,35355,Alberta,562210,Waste Treatment and Disposal
1685,G12728,Watelet Gas Plant 08-18-048-26W4,15445,Alberta,211110,Oil and gas extraction (except oil sands)
1686,G12729,Shiningbank 10-12-056-17 W5M,16973,Alberta,211110,Oil and gas extraction (except oil sands)
1687,G12732,ABBT0164071,,Alberta,211110,Oil and gas extraction (except oil sands)
1688,G12735,Marten Hills 10-15-075-02W5,33723,Alberta,211110,Oil and gas extraction (except oil sands)
1689,G12736,Marten Hills 14-28,33727,Alberta,211110,Oil and gas extraction (except oil sands)
1690,G12737,Miller Central Integrated Asphalt and Aggregate,,Ontario,324121,Asphalt Paving Mixture and Block Manufacturing
1691,G12739,PGR HDRD Complex,34705,British Columbia,325190,Other Basic Organic Chemical Manufacturing
1692,G12740,Atikokan Sawmill,29073,Ontario,321111,Sawmills (except Shingle and Shake Mills)
1693,G12741,Kubebooth Inc.,,Ontario,418990,All Other Wholesaler-Distributors
1694,G12742,Countess 08-36-020-16 W4,15395,Alberta,211110,Oil and gas extraction (except oil sands)
1695,G12743,RBR BEAV 06-28-071-09W6 MWOB,31240,Alberta,211110,Oil and gas extraction (except oil sands)
1696,G12744,Velvet 16-23-054-17W5,26454,Alberta,211110,Oil and gas extraction (except oil sands)
1697,G12745,Westbrick GS 9-4-41-11W5,34700,Alberta,211110,Oil and gas extraction (except oil sands)
1698,G12746,Browning 02-13-006-06W2 MWB,,Saskatchewan,211110,Oil and gas extraction (except oil sands)
1699,G12748,Lamoral Gas Gathering 09-11-41-10W5,27669,Alberta,211110,Oil and gas extraction (except oil sands)
1700,G12749,Kaybob 02-20-060-19W5 MWB,,Alberta,211110,Oil and gas extraction (except oil sands)
1701,G12750,Northland Utilities Hay River,25193,Northwest Territories,221122,Electric Power Distribution
1702,G12751,Bessborough Landfill,,British Columbia,562210,Waste Treatment and Disposal
1703,G12752,Fayolle,34668,Quebec,212220,Gold and Silver Ore Mining
1704,G12753,ABGS0113388,,Alberta,211110,Oil and gas extraction (except oil sands)
1705,G12754,Open Creek 10-34-042-05 W5M,17111,Alberta,211110,Oil and gas extraction (except oil sands)
1706,G12756,FIGURE LAKE 9-23-63-18W4 PRORATION,,Alberta,211110,Oil and gas extraction (except oil sands)
1707,G12757,FIGURE LAKE 2/1-13-63-18W4 PRORATION,,Alberta,211110,Oil and gas extraction (except oil sands)
1708,G12758,FIGURE LAKE 2/1-3-63-18W4 PRORATION,,Alberta,211110,Oil and gas extraction (except oil sands)
1709,G12759,Clarkson Water Resource Recovery Facility,7629,Ontario,221320,Sewage Treatment Facilities
1710,G12762,AG20 ABGP0001429 SWALWELL GAS PLANT,,Alberta,211110,Oil and gas extraction (except oil sands)
1711,G12763,Town B-032-C/094-G-01,,British Columbia,211110,Oil and gas extraction (except oil sands)
1712,G12765,NIPISI 05-29-75-05 W5,,Alberta,211110,Oil and gas extraction (except oil sands)
1713,G12766,NIPISI 09-17-78-09 W5,,Alberta,211110,Oil and gas extraction (except oil sands)
1714,G12767,SKBTB1H2202,31956,Saskatchewan,211110,Oil and gas extraction (except oil sands)
1715,G12768,Narraway Gas MWB 10-08-062-10W6,,Alberta,211110,Oil and gas extraction (except oil sands)
1716,G12769,Progress Gas MWB 01-01-078-10W6,,Alberta,211110,Oil and gas extraction (except oil sands)
1717,G12771,Peavine 13-25-078-16W5,,Alberta,211110,Oil and gas extraction (except oil sands)
1718,G12772,Peavine 05-25-078-16W5,,Alberta,211110,Oil and gas extraction (except oil sands)
1719,G12773,Peavine Oil MWB 14-36-078-16W5,,Alberta,211110,Oil and gas extraction (except oil sands)
1720,G12774,ABCS0014441,,Alberta,211110,Oil and gas extraction (except oil sands)
1721,G12775,BCBT0007778,,British Columbia,211110,Oil and gas extraction (except oil sands)
1722,G12776,ABBT0143321,,Alberta,211110,Oil and gas extraction (except oil sands)
1723,G12777,ABBT0137426,,Alberta,211110,Oil and gas extraction (except oil sands)
1724,G12778,ABGS0006487,,Alberta,211110,Oil and gas extraction (except oil sands)
1725,G12779,ABBT0133144,,Alberta,211110,Oil and gas extraction (except oil sands)
1726,G12780,ABBT0126676,,Alberta,211110,Oil and gas extraction (except oil sands)
1727,G12783,ABBT0126615 (Brintnell Central Bitumen Battery 01-36-080-22W4),,Alberta,211110,Oil and gas extraction (except oil sands)
1728,G12785,ABBT0122253,34347,Alberta,211110,Oil and gas extraction (except oil sands)
1729,G12786,ABGS0002510,,Alberta,211110,Oil and gas extraction (except oil sands)
1730,G12789,Judy Creek B-Pool WP,17446,Alberta,211110,Oil and gas extraction (except oil sands)
1731,G12790,03-13-066-05W6 Comp,,Alberta,211110,Oil and gas extraction (except oil sands)
1732,G12791,Brampton Orenda,,Ontario,311615,Poultry Processing
1733,G12792,Oakville,,Ontario,311615,Poultry Processing
1734,G12793,Paris,,Ontario,311615,Poultry Processing
1735,G12794,Port Colborne,,Ontario,311615,Poultry Processing
1736,G12795,Mitchell Aerospace,34549,Quebec,336410,Aerospace Product and Parts Manufacturing
1737,G12797,Teeswater,7694,Ontario,311515,"Butter, Cheese, and Dry and Condensed Dairy Products Manufacturing"
1738,G12798,Wembley Gas MWB 01-14-072-08W6,,Alberta,211110,Oil and gas extraction (except oil sands)
1739,G12799,KELT LNG OAK 06-35 MWGEB,,British Columbia,211110,Oil and gas extraction (except oil sands)
1740,G12800,Hacienda North Farms Plant 2,,Ontario,111419,Other Food Crops Grown Under Cover
1741,G12802,15-15-076-05-W5,34150,Alberta,211110,Oil and gas extraction (except oil sands)
1742,G12803,15-22-076-07W5,33175,Alberta,211110,Oil and gas extraction (except oil sands)
1743,G12804,West Marten Oil MWB 12-18-076-04W5,33225,Alberta,211110,Oil and gas extraction (except oil sands)
1744,G12805,Canal Oil MWB 04-21-070-23W4,33208,Alberta,211110,Oil and gas extraction (except oil sands)
1745,G12806,Canal Oil MWB 16-09-070-23W4,33212,Alberta,211110,Oil and gas extraction (except oil sands)
1746,G12807,West Marten Oil MWB 15-28-076-05W5,33207,Alberta,211110,Oil and gas extraction (except oil sands)
1747,G12808,11-04-075-25-W4,34147,Alberta,211110,Oil and gas extraction (except oil sands)
1748,G12814,"Coastal GasLink Pipeline, British Columbia System",,British Columbia,486210,Pipeline Transportation of Natural Gas
1749,G12816,Rokeby Site,34343,Ontario,325210,Resin and Synthetic Rubber Manufacturing
1750,G12817,Ardenville Wind Farm,,Alberta,221119,Other Electric Power Generation
1751,G12818,ABBT0134269,33485,Alberta,211110,Oil and gas extraction (except oil sands)
1752,G12819,Wolf Feedstock Separation Facility (WFS),34479,Alberta,211110,Oil and gas extraction (except oil sands)
1753,G12821,03-12 Battery - ABBT0158102,33786,Alberta,211110,Oil and gas extraction (except oil sands)
1754,G12822,Plover Lake 10-05 Battery,6551,Saskatchewan,211110,Oil and gas extraction (except oil sands)
1755,G12824,Neptune Oil Battery 05-31,16854,Saskatchewan,211110,Oil and gas extraction (except oil sands)
1756,G12825,Maple Leaf Foods - London Poultry,33849,Ontario,311615,Poultry Processing
1757,G12826,Sunnyside Produce Delta,,British Columbia,111419,Other Food Crops Grown Under Cover
1758,G12827,J/E Bearing & Machine Ltd.,34480,Ontario,332710,Machine Shops
1759,G12828,Cascade Power Project,35085,Alberta,221112,Fossil-Fuel Electric Power Generation
1760,G12829,Pioneer 1 Liquids Extraction Plant,6620,Alberta,211141,In-situ oil sands extraction
1761,G12830,Flavor Fresh Farms Ltd.,,Ontario,111419,Other Food Crops Grown Under Cover
1762,G12831,JPI Farms Inc.,,Ontario,111419,Other Food Crops Grown Under Cover
1763,G12834,141 Snidercroft,,Ontario,337213,"Wood Office Furniture, including Custom Architectural Woodwork, Manufacturing"
1764,G12835,1300 Flint,,Ontario,337213,"Wood Office Furniture, including Custom Architectural Woodwork, Manufacturing"
1765,G12838,Mackenzie Regional Waste Management Commission,,Alberta,562210,Waste Treatment and Disposal
1766,G12839,High River Peaking Power Plant,33522,Alberta,221112,Fossil-Fuel Electric Power Generation
1767,G12840,ABBT0141267,33488,Alberta,211110,Oil and gas extraction (except oil sands)
1768,G12841,Goose Property,33878,Nunavut,212220,Gold and Silver Ore Mining
1769,G12843,Youngstown Regional Landfill,,Alberta,562210,Waste Treatment and Disposal
1770,G12844,Magino Mine,33049,Ontario,212220,Gold and Silver Ore Mining
1771,G12845,AG20 ABGS0111621 Linden 01-36 GS,,Alberta,211110,Oil and gas extraction (except oil sands)
1772,G12846,Generate Two Path 21 Fenmar LP,,Ontario,221112,Fossil-Fuel Electric Power Generation
1773,G12847,ABBT0167955,34989,Alberta,211110,Oil and gas extraction (except oil sands)
1774,G12849,De Temporada Farms a division of Pure Flavor Farms LP,,Ontario,111419,Other Food Crops Grown Under Cover
1775,G12850,Marten Hills 09-13-075-02W5,35149,Alberta,211110,Oil and gas extraction (except oil sands)
1776,G12851,Marten Hills 10-12-075-02W5,35159,Alberta,211110,Oil and gas extraction (except oil sands)
1777,G12852,Marten Hills West 06-25,34826,Alberta,211110,Oil and gas extraction (except oil sands)
1778,G12853,Marten Hills West 07-33,34824,Alberta,211110,Oil and gas extraction (except oil sands)
1779,G12854,Marten Hills West 09-16,34823,Alberta,211110,Oil and gas extraction (except oil sands)
1780,G12855,Marten Hills West 12-03,34820,Alberta,211110,Oil and gas extraction (except oil sands)
1781,G12856,Wallenstein Feed & Supply,10111,Ontario,311119,Other Animal Food Manufacturing
1782,G12857,Ferintosh Power Plant,35144,Alberta,221112,Fossil-Fuel Electric Power Generation
1783,G12858,Darlington Nuclear,3163,Ontario,221113,Nuclear Electric Power Generation
1784,G12859,ABGP0097389,27425,Alberta,211110,Oil and gas extraction (except oil sands)
1785,G12860,Leitchville Oil MWB 13-34-008-20W3,33353,Saskatchewan,211110,Oil and gas extraction (except oil sands)
1786,G12861,ABBT0169935,35216,Alberta,211110,Oil and gas extraction (except oil sands)
1787,G12862,ABBT0129900,34283,Alberta,211110,Oil and gas extraction (except oil sands)
1788,G12863,ABGS0145011,35169,Alberta,211110,Oil and gas extraction (except oil sands)
1789,G12864,ABGS0132884,34304,Alberta,211110,Oil and gas extraction (except oil sands)
1790,G12865,ABGS0155642,35172,Alberta,211110,Oil and gas extraction (except oil sands)
1791,G12866,ABGS0148957,35170,Alberta,211110,Oil and gas extraction (except oil sands)
1792,G12867,ABGS0151420,35171,Alberta,211110,Oil and gas extraction (except oil sands)
1793,G12868,ABGS0167143,35183,Alberta,211110,Oil and gas extraction (except oil sands)
1794,G12869,ABGS0141387,34305,Alberta,211110,Oil and gas extraction (except oil sands)
1795,G12870,ABBT0140671,34284,Alberta,211110,Oil and gas extraction (except oil sands)
1796,G12871,ABGS0143057,34306,Alberta,211110,Oil and gas extraction (except oil sands)
1797,G12872,HHR ABBT0166788,34683,Alberta,211110,Oil and gas extraction (except oil sands)
1798,G12873,Montney Drilling & Completions (A-026-J),,Alberta,211110,Oil and gas extraction (except oil sands)
1799,G12874,Montney Drilling & Completions (08-23),,Alberta,211110,Oil and gas extraction (except oil sands)
1800,G12875,Peter Lougheed Centre,,Alberta,622111,General (except Paediatric) Hospitals
1801,G12876,Arthur J.E. Child Cancer Centre,,Alberta,622111,General (except Paediatric) Hospitals
1802,G12877,Quintette Mine,33100,British Columbia,212114,Bituminous Coal Mining
1803,G12878,Evesham 16-35-039-27W3,18111,Saskatchewan,211110,Oil and gas extraction (except oil sands)
1804,G12879,Spirit River 14-06-078-07W6,18154,Alberta,211110,Oil and gas extraction (except oil sands)
1805,G12880,"Trans Mountain Pipeline System, BC",,British Columbia,486110,Pipeline Transportation of Crude Oil
1806,G12881,United Initiators Canada Ltd.,3272,British Columbia,325189,All Other Basic Inorganic Chemical Manufacturing
1807,G12882,Simonette 01-16-063-24W5 Pad,15206,Alberta,211110,Oil and gas extraction (except oil sands)
1808,G12883,Rocky Mountain House 5 Power Plant,34082,Alberta,221112,Fossil-Fuel Electric Power Generation
1809,G12885,Musreau 05-09-065-04W6 MWB,,Alberta,211110,Oil and gas extraction (except oil sands)
1810,G12886,Harmattan 06-15-033-03W5 GGS,,Alberta,211110,Oil and gas extraction (except oil sands)
1811,G12887,Butte 05-34-011-19W3 MWB,,Saskatchewan,211110,Oil and gas extraction (except oil sands)
1812,G12888,TEINE Loverna 11-1,17529,Saskatchewan,211110,Oil and gas extraction (except oil sands)
1813,G12889,Altares C-65-G Gas Plant,27980,British Columbia,211110,Oil and gas extraction (except oil sands)
1814,G12890,BEG C-078-E Compressor Station CS C-078,,British Columbia,211110,Oil and gas extraction (except oil sands)
1815,G12891,Well at D-082-J/094-B-09,,British Columbia,211110,Oil and gas extraction (except oil sands)
1816,G12892,Viking Effluent 13-31-048,,Alberta,211110,Oil and gas extraction (except oil sands)
1817,G12893,Produits Kruger SB Inc,35402,Quebec,322121,Paper (except Newsprint) Mills
1818,G12894,"Lonsdale Energy, District Energy System",35301,British Columbia,221330,Steam and Air-Conditioning Supply
1819,G12895,Mica 08-33 Battery,35339,British Columbia,211110,Oil and gas extraction (except oil sands)
1820,G12896,McLeod 07-34 Gas Plant,16203,Alberta,211110,Oil and gas extraction (except oil sands)
1821,G12897,FIGURE LAKE 15-24-63-18W4 PRORATION,,Alberta,211110,Oil and gas extraction (except oil sands)
1822,G12898,FIGURE LAKE 6-19-62-18W4 PRORATION,,Alberta,211110,Oil and gas extraction (except oil sands)
1823,G12899,FIGURE LAKE 05-32-63-17W4 PRORATION,,Alberta,211110,Oil and gas extraction (except oil sands)
1824,G12900,FIGURE LAKE 3-26-63-18W4 PRORATION,,Alberta,211110,Oil and gas extraction (except oil sands)
1825,G12901,2820853 Ontario Inc.,,Ontario,111419,Other Food Crops Grown Under Cover
1826,G12902,12-31-016-28W4 Gas Plant,34831,Alberta,211110,Oil and gas extraction (except oil sands)
1827,G12903,ABBT0050542,30632,Alberta,211110,Oil and gas extraction (except oil sands)
1828,G12904,ROSE CREEK 6-7-43-6W5 GGS,,Alberta,211113,Conventional Oil and Gas Extraction
1829,G12905,Drilling and Completions 7-1 Pad,,British Columbia,211110,Oil and gas extraction (except oil sands)
1830,G12906,Drilling and Completions 16-32 Pad,,British Columbia,211110,Oil and gas extraction (except oil sands)
1831,G12907,BioNorth Energy,30815,British Columbia,221119,Other Electric Power Generation
1832,G12908,Nicola Clean Power,30577,British Columbia,221119,Other Electric Power Generation
1833,G12909,ABBT0165264,,Alberta,211110,Oil and gas extraction (except oil sands)
1834,G12910,ABGS0162190,,Alberta,211110,Oil and gas extraction (except oil sands)
1835,G12911,ABBT0166619,,Alberta,211110,Oil and gas extraction (except oil sands)
1836,G12912,ABBT0166386,,Alberta,211110,Oil and gas extraction (except oil sands)
1837,G12913,ABBT0153712,,Alberta,211110,Oil and gas extraction (except oil sands)
1838,G12914,Niton 14-05-055-11W5,23593,Alberta,211110,Oil and gas extraction (except oil sands)
1839,G12915,Levure Fleischmann,4932,Quebec,311990,All Other Food Manufacturing
1840,G12918,Lieu d'enfouissement technique de La Vallée-de-l'Or,,Quebec,562210,Waste Treatment and Disposal
1841,G12919,Kitimat Marine Terminal,872,British Columbia,488990,Other Support Activities for Transportation
1842,G12920,Cabin Comp Stn a-052-J,16668,British Columbia,211110,Oil and gas extraction (except oil sands)
1843,G12921,Midway Comp Stn b-065-B,16674,British Columbia,211110,Oil and gas extraction (except oil sands)
1844,G12923,BCBT0000645,,British Columbia,211110,Oil and gas extraction (except oil sands)
1845,G12924,ABBT2630003,,Alberta,211110,Oil and gas extraction (except oil sands)
1846,G12925,ABBT0166293,,Alberta,211110,Oil and gas extraction (except oil sands)
1847,G12926,SKBTB1H0106,31955,Saskatchewan,211110,Oil and gas extraction (except oil sands)
1848,G12927,Ladyfern Gas MWB b-017-I/094-H-01,,British Columbia,211110,Oil and gas extraction (except oil sands)
1849,G12928,BCBT0018077,,British Columbia,211110,Oil and gas extraction (except oil sands)
1850,G12929,ABBT0105982,,Alberta,211110,Oil and gas extraction (except oil sands)
1851,G12930,BCBT0009070,,British Columbia,211110,Oil and gas extraction (except oil sands)
1852,G12931,Red Rock Gas Battery 09-07-062-06W6,28616,Alberta,211110,Oil and gas extraction (except oil sands)
1853,G12932,South Caroline 03-20-034-04W5 Compressor,,Alberta,211110,Oil and gas extraction (except oil sands)
1854,G12933,Ferrybank 02-01-044-28W4 Gas Plant (GHGRP),,Alberta,211110,Oil and gas extraction (except oil sands)
1855,G12934,Valentine Gold Mine,35331,Newfoundland and Labrador,212220,Gold and Silver Ore Mining
1856,G12935,WEST MARTEN HILLS 15-01-76-03 W5,,Alberta,211110,Oil and gas extraction (except oil sands)
1857,G12936,DOUCETTE 13-04-080-02 W5,,Alberta,211110,Oil and gas extraction (except oil sands)
1858,G12937,CABIN CREEK/NIPISI 10-22-075-05W5,,Alberta,211110,Oil and gas extraction (except oil sands)
1859,G12938,DOUCETTE 06-05-080-02 W5,,Alberta,211110,Oil and gas extraction (except oil sands)
1860,G12939,Great Plains Power Station,35376,Saskatchewan,221112,Fossil-Fuel Electric Power Generation
1861,G12940,Mid-Halton Wastewater Treatment Plant,10256,Ontario,221320,Sewage Treatment Facilities
1862,G12941,Serafina Hamlin Terminal,33016,Saskatchewan,482112,Short-Haul Freight Rail Transportation
1863,G12942,Conestoga Meat Packers,10809,Ontario,311617,Hog slaughtering
1864,G12943,Parallax Joffre 06-17-040-27W4 Gas Plant,21541,Alberta,211110,Oil and gas extraction (except oil sands)
1865,G12944,Melfort Regional Solid Waste Management Facility,,Saskatchewan,562210,Waste Treatment and Disposal
1866,G12945,Burlington Skyway Wastewater Treatment Plant,4771,Ontario,221320,Sewage Treatment Facilities
1867,G12947,McIlvenna Bay Project,35374,Saskatchewan,212233,Copper-Zinc Ore Mining
1868,G12948,Babine Forest Products,5188,British Columbia,321111,Sawmills (except Shingle and Shake Mills)
1869,G12949,Tamarack Perry 04-24-063-23W4 MWB,33177,Alberta,211110,Oil and gas extraction (except oil sands)
1870,G12950,14-28-073-07-W6,32701,Alberta,211110,Oil and gas extraction (except oil sands)
1871,G12951,09-12-074-26-W4,34144,Alberta,211110,Oil and gas extraction (except oil sands)
1872,G12952,Wembley Oil MWB 16-35-073-08W6,31604,Alberta,211110,Oil and gas extraction (except oil sands)
1873,G12954,08-05-032-25W4,34807,Alberta,211110,Oil and gas extraction (except oil sands)
1874,G12955,03-31-062-21W5,,Alberta,211110,Oil and gas extraction (except oil sands)
1875,G12957,Westerose 11-20-044-02W5 Compressor,,Alberta,211110,Oil and gas extraction (except oil sands)
1876,G12958,Glenmore Landfill,35378,British Columbia,562210,Waste Treatment and Disposal
1877,G12959,New Afton,25434,British Columbia,212220,Gold and Silver Ore Mining
1878,G12960,Saltair Division,20036,British Columbia,321111,Sawmills (except Shingle and Shake Mills)
1879,G12961,Crowsnest/Pincher Creek Landfill Association,,Alberta,562210,Waste Treatment and Disposal
1880,G10320,Wildboy Sour Gas Plant D-075-A,17571,British Columbia,211110,Oil and gas extraction (except oil sands)
1881,G10426,Canfor Taylor Pulp,1257,British Columbia,322111,Mechanical Pulp Mills
1882,G10528,Trend Mine (SFO),20129,British Columbia,212114,Bituminous Coal Mining
1883,G10584,Snap Lake Mine,18714,Northwest Territories,562910,Remediation Services
1884,G10605,Descor Industries Inc.,4594,Ontario,337213,"Wood Office Furniture, including Custom Architectural Woodwork, Manufacturing"
1885,G10706,Global File Inc.,25425,Ontario,337214,Office Furniture (except Wood) Manufacturing
1886,G10824,Division GEA Houle,27613,Quebec,333110,Agricultural Implement Manufacturing
1887,G10888,Border Paving 20011,21078,Alberta,237310,"Highway, Street and Bridge Construction"
1888,G10937,Dawson Comp Stn 01-34,,British Columbia,211110,Oil and gas extraction (except oil sands)
1889,G10958,Burrard Products Terminal,3905,British Columbia,412110,Petroleum Product Wholesaler-Distributors
1890,G10962,Fort McMurray Class 1 Composting Facility,,Alberta,562210,Waste Treatment and Disposal
1891,G11069,Red Deer Regional Hospital Centre,16296,Alberta,622111,General (except Paediatric) Hospitals
1892,G11126,WINDSOR ALUMINUM PLANT,4416,Ontario,331529,Non-Ferrous Foundries (except Die-Casting)
1893,G11143,Rowley Gas Plant 04-09-031-20W4,16987,Alberta,211110,Oil and gas extraction (except oil sands)
1894,G11144,Stolberg Dehy 02-03-041-14W5,17072,Alberta,211110,Oil and gas extraction (except oil sands)
1895,G11180,Westerose Comp Stn 11-09,,Alberta,211110,Oil and gas extraction (except oil sands)
1896,G11190,Clearhills 16-11-088-13 W6M,,Alberta,211110,Oil and gas extraction (except oil sands)
1897,G11195,Minehead 10-12,,Alberta,211110,Oil and gas extraction (except oil sands)
1898,G11282,Hythe Comp Stn 07-34,16743,Alberta,211110,Oil and gas extraction (except oil sands)
1899,G11286,Severn Comp Stn 06-17,16509,Alberta,211110,Oil and gas extraction (except oil sands)
1900,G11301,Wayne Dalum Sweet Gas Plant 05-17-027-19W4,16530,Alberta,211110,Oil and gas extraction (except oil sands)
1901,G11308,Hamburg 11-14-097-11 W6M,,Alberta,211110,Oil and gas extraction (except oil sands)
1902,G11312,WIMBORNE Gas Battery 2-16-34-26W4,,Alberta,211110,Oil and gas extraction (except oil sands)
1903,G11342,Bonavista Pine Creek 12-19-57-18,,Alberta,211110,Oil and gas extraction (except oil sands)
1904,G11343,Pcp Westerose 14-27,16727,Alberta,211110,Oil and gas extraction (except oil sands)
1905,G11369,Superb Kerrobert THAI Project,25163,Saskatchewan,211110,Oil and gas extraction (except oil sands)
1906,G11376,Kiwigana Comp Stn C-093-L,26513,British Columbia,211110,Oil and gas extraction (except oil sands)
1907,G11438,Pembalta Gas Plant 09-25,17562,Alberta,211110,Oil and gas extraction (except oil sands)
1908,G11489,Enerkem Alberta Biofuels,29415,Alberta,325190,Other Basic Organic Chemical Manufacturing
1909,G11509,Altana Pendant D'oreille 01-17,16611,Alberta,211110,Oil and gas extraction (except oil sands)
1910,G11510,Wascana Many Islands 04-16,17328,Alberta,211110,Oil and gas extraction (except oil sands)
1911,G11522,University of Regina - Main Campus,,Saskatchewan,611310,Universities
1912,G11532,Sinclair 13-14-008-29 W1M,,Manitoba,211110,Oil and gas extraction (except oil sands)
1913,G11533,Daly 08-28-009-29 W1M,,Manitoba,211110,Oil and gas extraction (except oil sands)
1914,G11534,Cromer 13-10-009-28 W1M,,Manitoba,211110,Oil and gas extraction (except oil sands)
1915,G11536,Goodlands 16-10-001-24 W1M,,Manitoba,211110,Oil and gas extraction (except oil sands)
1916,G11575,Swan Hills Oil MWB 12-36,28814,Alberta,211110,Oil and gas extraction (except oil sands)
1917,G11605,TORC et Al Weir Hill Oil Battery 11-25-005-06W2,,Saskatchewan,211110,Oil and gas extraction (except oil sands)
1918,G11638,Bilbo Compressor Station 04-23,,Alberta,211110,Oil and gas extraction (except oil sands)
1919,G11656,Hangingstone Compressor Station 11-10,18733,Alberta,211110,Oil and gas extraction (except oil sands)
1920,G11661,Claresholm Sweet Gas Plant 13-31-011-26W4,,Alberta,211110,Oil and gas extraction (except oil sands)
1921,G11666,Bilbo Compressor Station 06-34-065-08W6,,Alberta,211110,Oil and gas extraction (except oil sands)
1922,G11667,Karr Creek Compressor Station 12-35-063-02W6,,Alberta,211110,Oil and gas extraction (except oil sands)
1923,G11681,PETRO-CAN MED HAT #1,,Alberta,211110,Oil and gas extraction (except oil sands)
1924,G11735,Kola 12-24-010-29 W1M,,Manitoba,211110,Oil and gas extraction (except oil sands)
1925,G11899,07-25-77-12-W6M,21061,Alberta,211110,Oil and gas extraction (except oil sands)
1926,G11944,Virginia Hills Oil MWB 04-12,28817,Alberta,211110,Oil and gas extraction (except oil sands)
1927,G11953,Bodo 9-14,19692,Alberta,211110,Oil and gas extraction (except oil sands)
1928,G11954,HUSSAR GAS STOR 07-07-025-20W4,28604,Alberta,211110,Oil and gas extraction (except oil sands)
1929,G11996,SemCAMS Gold Creek 11-02,29810,Alberta,211110,Oil and gas extraction (except oil sands)
1930,G11997,Elmworth 2-23 Bty,29892,Alberta,211110,Oil and gas extraction (except oil sands)
1931,G12010,Touquoy Mine,30745,Nova Scotia,212220,Gold and Silver Ore Mining
1932,G12014,Countess Deep Comp Stn 16-14-020-16W4,,Alberta,211110,Oil and gas extraction (except oil sands)
1933,G12026,Brintnell South Power Generation Plant 13-01-081-23W4,,Alberta,211110,Oil and gas extraction (except oil sands)
1934,G12089,House Mountain GP 1-8-70-10W5,31752,Alberta,211110,Oil and gas extraction (except oil sands)
1935,G12114,Nairn Centre Sawmill,10450,Ontario,321111,Sawmills (except Shingle and Shake Mills)
1936,G12137,Taber Power Plant,17184,Alberta,221112,Fossil-Fuel Electric Power Generation
1937,G12138,Coaldale Power Plant,17186,Alberta,221112,Fossil-Fuel Electric Power Generation
1938,G12139,Burdett Power Plant,17185,Alberta,221112,Fossil-Fuel Electric Power Generation
1939,G12167,Economy Creek 11-05,30685,Alberta,211110,Oil and gas extraction (except oil sands)
1940,G12169,Swan Hills OB 03-19-65-10W5,24554,Alberta,211110,Oil and gas extraction (except oil sands)
1941,G12172,Nig Creek Comp Stn C-039-D/094-H-03,,British Columbia,211110,Oil and gas extraction (except oil sands)
1942,G12187,PRIMEWEST LONE PINE CREEK,17741,Alberta,211110,Oil and gas extraction (except oil sands)
1943,G12198,Prince Rupert Generating Station (RPG),26260,British Columbia,221112,Fossil-Fuel Electric Power Generation
1944,G12222,Success 11-17-016-16W3 GGS,,Saskatchewan,211110,Oil and gas extraction (except oil sands)
1945,G12239,MOCL KAYBOB NORTH 16-25-065-20W5,,Alberta,211110,Oil and gas extraction (except oil sands)
1946,G12267,Ferrier Gas Battery 10-19-044-10W5,,Alberta,211110,Oil and gas extraction (except oil sands)
1947,G12270,Attachie Compressor Station 04-20,,British Columbia,211110,Oil and gas extraction (except oil sands)
1948,G12314,HHR Karr 01-16-065-03W6,32245,Alberta,211110,Oil and gas extraction (except oil sands)
1949,G12319,HHR Gold Creek 09-03-068-04W6,15854,Alberta,211110,Oil and gas extraction (except oil sands)
1950,G12351,AG20 ABBT0111618 LONE PINE 11-32 BTY,,Alberta,211110,Oil and gas extraction (except oil sands)
1951,G12357,HHR Gold Creek 03-10-068-04W6,32247,Alberta,211110,Oil and gas extraction (except oil sands)
1952,G12359,Suncor Energy Inc CS 14-03,,Alberta,211110,Oil and gas extraction (except oil sands)
1953,G12377,Encal Wilson Creek 6-18,,Alberta,211110,Oil and gas extraction (except oil sands)
1954,G12397,Carmichael 13-15-011-19W3 BTY,,Saskatchewan,211110,Oil and gas extraction (except oil sands)
1955,G12400,Conserve Joffre 15-17-39-26-w4,17252,Alberta,211110,Oil and gas extraction (except oil sands)
1956,G12409,POLAR DIVISION,5174,British Columbia,321111,Sawmills (except Shingle and Shake Mills)
1957,G12411,"Chetwynd Forest Industries, a division of West Fraser Mills Ltd.",5158,British Columbia,321111,Sawmills (except Shingle and Shake Mills)
1958,G12417,NRK SUNCHILD 11-18 COMPRESSOR,23229,Alberta,211110,Oil and gas extraction (except oil sands)
1959,G12428,Princess Compressor Station 01-28-020-10W4,,Alberta,211110,Oil and gas extraction (except oil sands)
1960,G12458,GSENR MAXHAMISHLAKE A-060-I/094-O-11,32916,British Columbia,211110,Oil and gas extraction (except oil sands)
1961,G12459,Eagle Gold Mine,32238,British Columbia,212220,Gold and Silver Ore Mining
1962,G12467,Palliser Dehy Facility 14-36-61-13W6,,Alberta,211110,Oil and gas extraction (except oil sands)
1963,G12477,Wildrose 16-25-048-13W5 Gas Plant,31559,Alberta,211110,Oil and gas extraction (except oil sands)
1964,G12486,Karr South 5-35-64-02-W6,31780,Alberta,211110,Oil and gas extraction (except oil sands)
1965,G12503,AG20 ABGS0004537 CLIVE GATHERING SYSTEM,,Alberta,211110,Oil and gas extraction (except oil sands)
1966,G12519,Bear B / South Ric gathering system,,Alberta,211110,Oil and gas extraction (except oil sands)
1967,G12521,Value Added Division,20084,British Columbia,321111,Sawmills (except Shingle and Shake Mills)
1968,G12525,Red Sun Farms Ontario LP,,Ontario,111419,Other Food Crops Grown Under Cover
1969,G12532,Grand Lake Timber,6079,New Brunswick,321111,Sawmills (except Shingle and Shake Mills)
1970,G12558,Twining Sweet Gas Plant 04-02,18701,Alberta,211110,Oil and gas extraction (except oil sands)
1971,G12568,Kakwa 04-24-065-05W6,30696,Alberta,211110,Oil and gas extraction (except oil sands)
1972,G12576,RRX Smiley GP 09-30,16801,Saskatchewan,211110,Oil and gas extraction (except oil sands)
1973,G12587,AG20 ABBT0086644 GHOST PINE 13-15,,Alberta,211110,Oil and gas extraction (except oil sands)
1974,G12591,East Coulee Compressor Station 04-01-028-18W4,,Alberta,211110,Oil and gas extraction (except oil sands)
1975,G12594,TAQA East Crossfield D Gas 09-14 BT 815,,Alberta,211113,Conventional Oil and Gas Extraction
1976,G12597,Berland River West Gas Battery 07-16,,Alberta,211110,Oil and gas extraction (except oil sands)
1977,G12603,ABGS0002924,,Alberta,211110,Oil and gas extraction (except oil sands)
1978,G12610,ABGS0002211,,Alberta,211110,Oil and gas extraction (except oil sands)
1979,G12614,ConAgra DMAT ULC,10559,Ontario,311420,"Fruit and Vegetable Canning, Pickling and Drying"
1980,G12626,Marten Hills 09-24-074-26W4,,Alberta,211110,Oil and gas extraction (except oil sands)
1981,G12627,Rosemary Gathering System 08-21-021-15W (2),,Alberta,211110,Oil and gas extraction (except oil sands)
1982,G12635,ABGS0006283,,Alberta,211110,Oil and gas extraction (except oil sands)
1983,G12637,South Cecil 08-15-084-08 W6M,,Alberta,211110,Oil and gas extraction (except oil sands)
1984,G12639,ABCS0015365,,Alberta,211110,Oil and gas extraction (except oil sands)
1985,G12640,01-31-088-23W3 Well Pad,,British Columbia,211110,Oil and gas extraction (except oil sands)
1986,G12646,Mobil Pembina Oil Battery 13-09,24322,Alberta,211110,Oil and gas extraction (except oil sands)
1987,G12648,Swan Hills GS 15-25,,Alberta,211110,Oil and gas extraction (except oil sands)
1988,G12654,Resthaven 02-10-060-01W6 MWB,,Alberta,211110,Oil and gas extraction (except oil sands)
1989,G12662,ABBT0580005,,Alberta,211110,Oil and gas extraction (except oil sands)
1990,G12672,Wayne Dalum Oil MWB 10-13-027-19W4,,Alberta,211110,Oil and gas extraction (except oil sands)
1991,G12722,Gull Lake Power Plant,34011,Alberta,221112,Fossil-Fuel Electric Power Generation
1992,G12727,TEINE Milton BTY 13-18,19060,Saskatchewan,211110,Oil and gas extraction (except oil sands)
1993,G12734,Fort Chipewyan Water Treatment Plant,,Alberta,221310,Water Supply and Irrigation Systems
1994,G12738,Marten Hills 16-06-076-02W5,33728,Alberta,211110,Oil and gas extraction (except oil sands)
1995,G12755,UKALTA 13-35-56-18W4 PRORATION,,Alberta,211110,Oil and gas extraction (except oil sands)
1996,G12760,Puskwa 05-14-074-01W6 MWB,34841,Alberta,211110,Oil and gas extraction (except oil sands)
1997,G12782,ABGS0003864,,Alberta,211110,Oil and gas extraction (except oil sands)
1998,G12784,ABGS0002527,,Alberta,211110,Oil and gas extraction (except oil sands)
1999,G12787,ABCS0126236,,Alberta,211110,Oil and gas extraction (except oil sands)
2000,G12788,ADI Art Design International,,Quebec,337213,"Wood Office Furniture, including Custom Architectural Woodwork, Manufacturing"
2001,G12801,11-04-075-25 W4 Marten Hills,,Alberta,211110,Oil and gas extraction (except oil sands)
2002,G12809,Marten Hills Oil MWB 09-26-075-26W4,33080,Alberta,211110,Oil and gas extraction (except oil sands)
2003,G12810,ABCT0156805 (Tank),34158,Alberta,211110,Oil and gas extraction (except oil sands)
2004,G12811,Nipisi Gas Gathering System 15-22-076-07W5,33227,Alberta,211110,Oil and gas extraction (except oil sands)
2005,G12812,Perryvale East (Perryvale) Oil MWB 02-33-063-23W4,33211,Alberta,211110,Oil and gas extraction (except oil sands)
2006,G12813,Perryvale West (Perryvale) Oil MWB 12-07-063-23W4,33199,Alberta,211110,Oil and gas extraction (except oil sands)
2007,G12815,Conrad Brothers Limited,8036,Nova Scotia,212323,Sand and Gravel Mining and Quarrying
2008,G12820,06-20 Gathering System - ABGS0164585,,Alberta,211110,Oil and gas extraction (except oil sands)
2009,G12823,08-15 Battery - ABBT0156838,,Alberta,211110,Oil and gas extraction (except oil sands)
2010,G12836,Pine Creek Wastewater Treatment Plant,22740,Alberta,221320,Sewage Treatment Facilities
2011,G12837,Barrie Landfill Site,,Ontario,562210,Waste Treatment and Disposal
2012,G12956,Wapiti Compressor Station 07-24-068-07W6,,Alberta,211110,Oil and gas extraction (except oil sands)
2013,G10070,Coal Mountain Operations,6674,British Columbia,212114,Bituminous Coal Mining
2014,G10140,HBMS Flin Flon Metallurgical Complex,3414,Manitoba,212233,Copper-Zinc Ore Mining
2015,G10143,Highvale Coal Mine,21885,Alberta,212115,Subbituminous Coal Mining
2016,G10402,Cardinal River Operations,6895,Alberta,212114,Bituminous Coal Mining
2017,G10546,Université McGill - Campus Macdonald,8605,Quebec,611310,Universities
2018,G10553,Jedney II Gas Plant,,British Columbia,211110,Oil and gas extraction (except oil sands)
2019,G10901,SILVER CITY GALVANIZING - DELTA,20024,British Columbia,332810,"Coating, Engraving, Heat Treating and Allied Activities"
2020,G10910,Victor Mine,10984,Ontario,212392,Diamond Mining
2021,G10914,Sheerness Mine,21777,Alberta,212115,Subbituminous Coal Mining
2022,G10915,Paintearth Mine,21775,Alberta,212115,Subbituminous Coal Mining
2023,G10960,West Eagle Comp Stn 02-01,,British Columbia,211110,Oil and gas extraction (except oil sands)
2024,G11044,Montreal,6692,Quebec,311214,Rice Milling and Malt Manufacturing
2025,G11131,Channel Lake 12-29,,Alberta,211110,Oil and gas extraction (except oil sands)
2026,G11178,Tilley Main Gas Battery 08-16,,Alberta,211110,Oil and gas extraction (except oil sands)
2027,G11184,Pierson Oil Battery 14-09,18515,Manitoba,211110,Oil and gas extraction (except oil sands)
2028,G11224,Court Battery 06-25,17297,Saskatchewan,211110,Oil and gas extraction (except oil sands)
2029,G11263,Chime 5-26 Compressor Station,19205,Alberta,211110,Oil and gas extraction (except oil sands)
2030,G11287,Cassils Comp Stn 13-24-019-15W4,16563,Alberta,211110,Oil and gas extraction (except oil sands)
2031,G11313,Markerville Compressor Station #1,,Alberta,211110,Oil and gas extraction (except oil sands)
2032,G11435,Galloway Power Plant,28585,Alberta,221112,Fossil-Fuel Electric Power Generation
2033,G11626,Eagle Lake 11-09-031-21W3 BTY,,Saskatchewan,211110,Oil and gas extraction (except oil sands)
2034,G11633,Olymel s.e.c. Ste-Rosalie,31555,Quebec,311615,Poultry Processing
2035,G11645,Leland Compressor Station 16-27,,Alberta,211110,Oil and gas extraction (except oil sands)
2036,G11647,Swan Hills Compressor Station 03-18,,Alberta,211110,Oil and gas extraction (except oil sands)
2037,G11648,Obed Gas Battery 14-32,,Alberta,211110,Oil and gas extraction (except oil sands)
2038,G11653,Bantry Gas Battery 05-08,,Alberta,211110,Oil and gas extraction (except oil sands)
2039,G11682,Pouce Coupe Battery 6-3,,Alberta,211110,Oil and gas extraction (except oil sands)
2040,G11684,PETRO-CAN GILBY,,Alberta,211110,Oil and gas extraction (except oil sands)
2041,G11842,Minto Mine,20189,Yukon,212299,All Other Metal Ore Mining
2042,G11901,Ethel Connector 04-26,26268,Alberta,211110,Oil and gas extraction (except oil sands)
2043,G11917,"Hinton Wood Products, a division of West Fraser Mills Ltd.",6617,Alberta,321111,Sawmills (except Shingle and Shake Mills)
2044,G11988,Wargen Comp Stn D-056-C,16426,British Columbia,211110,Oil and gas extraction (except oil sands)
2045,G12115,EACOM Elk Lake Sawmill,10100,Ontario,321111,Sawmills (except Shingle and Shake Mills)
2046,G12157,Kakwa Gas Battery 12-13-063-06W6,,Alberta,211110,Oil and gas extraction (except oil sands)
2047,G12171,BLACKSTONE 9-23-44-16W5 DEHY CS,,Alberta,211110,Oil and gas extraction (except oil sands)
2048,G12210,TORC Weirhill Oil MWB 11-28-005-06W2,,Saskatchewan,211110,Oil and gas extraction (except oil sands)
2049,G12216,Carbon 4-22,19086,Alberta,211110,Oil and gas extraction (except oil sands)
2050,G12228,West Pembina 15-06-050-11W5 BTY,,Alberta,211110,Oil and gas extraction (except oil sands)
2051,G12243,Shell Panther Battery,,Alberta,211110,Oil and gas extraction (except oil sands)
2052,G12261,Credit Valley Hospital,26394,Ontario,622111,General (except Paediatric) Hospitals
2053,G12287,Apotex Inc. 150 Signet,111,Ontario,325410,Pharmaceutical and Medicine Manufacturing
2054,G12372,Grande Pointe Greenhouse,,Ontario,111419,Other Food Crops Grown Under Cover
2055,G12379,Surge Valhalla South 06-18,32382,Alberta,211110,Oil and gas extraction (except oil sands)
2056,G12384,Petro-Canada CS 06-08,32079,Alberta,211110,Oil and gas extraction (except oil sands)
2057,G12406,Newell Sweet Gas Plant 04-22-017-14W4,,Alberta,211110,Oil and gas extraction (except oil sands)
2058,G12410,Valhalla 10-25,23620,Alberta,211110,Oil and gas extraction (except oil sands)
2059,G12441,Chicken 06-27 Compressor Station,25288,Alberta,211110,Oil and gas extraction (except oil sands)
2060,G12450,12- 14 Elmworth,31546,Alberta,211110,Oil and gas extraction (except oil sands)
2061,G12487,CAPITOL DIXONVILLE 2-25,21220,Alberta,211110,Oil and gas extraction (except oil sands)
2062,G12500,Violet Grove Comp Stn 16-29,,Alberta,211110,Oil and gas extraction (except oil sands)
2063,G12504,AG20 ABGP0001185 TWINNING 12-10 PLANT & BATTERY,,Alberta,211110,Oil and gas extraction (except oil sands)
2064,G12509,Weir Hill 05-34-005-06W2 MWB,,Saskatchewan,211110,Oil and gas extraction (except oil sands)
2065,G12510,Weir Hill 16-33-005-06W2 MWB,,Saskatchewan,211110,Oil and gas extraction (except oil sands)
2066,G12523,06-26-36-20 W4M,32266,Alberta,211110,Oil and gas extraction (except oil sands)
2067,G12567,Kakwa 03-21-063-05W6,30912,Alberta,211110,Oil and gas extraction (except oil sands)
2068,G12574,Turin 14-04,34769,Alberta,211110,Oil and gas extraction (except oil sands)
2069,G12579,Fonderie Laperle,4331,Quebec,331511,Iron Foundries
2070,G12584,Instow UMO Processing Facility,32236,Saskatchewan,324190,Other Petroleum and Coal Products Manufacturing
2071,G12586,Waskahigan 15-07-064-23 W5M,,Alberta,211110,Oil and gas extraction (except oil sands)
2072,G12588,Countess Gathering System 10-20-018-15W4 (2),,Alberta,211110,Oil and gas extraction (except oil sands)
2073,G12590,Rosemary Gathering System 08-21-021-15W,,Alberta,211110,Oil and gas extraction (except oil sands)
2074,G12592,Wapiti Gas Battery 01-31,,Alberta,211110,Oil and gas extraction (except oil sands)
2075,G12596,ABBT0125576,,Alberta,211110,Oil and gas extraction (except oil sands)
2076,G12598,MBBT0000106 Oil MWB 08-16-007-29W1,32302,Manitoba,211110,Oil and gas extraction (except oil sands)
2077,G12600,ABCS0037279,,Alberta,211110,Oil and gas extraction (except oil sands)
2078,G12605,Kakwa Comp Stn 01-06,22110,Alberta,211110,Oil and gas extraction (except oil sands)
2079,G12609,ABBT0064693,,Alberta,211110,Oil and gas extraction (except oil sands)
2080,G12615,John Lake Oil MWB 10-35-055-02W4,,Alberta,211110,Oil and gas extraction (except oil sands)
2081,G12616,Lookout Butte 4-13,17700,Alberta,211110,Oil and gas extraction (except oil sands)
2082,G12619,Alderson East Sweet Gas Plant 13-21-015-11W4,,Alberta,211110,Oil and gas extraction (except oil sands)
2083,G12622,16-36-078-17W6 Water Hub,29452,British Columbia,211110,Oil and gas extraction (except oil sands)
2084,G12624,17 WG/ 17 Esc Winnipeg,6661,Manitoba,911110,Defence Services
2085,G12630,ABBT0111465,,Alberta,211110,Oil and gas extraction (except oil sands)
2086,G12647,ABGS0146000,,Alberta,211110,Oil and gas extraction (except oil sands)
2087,G12661,Crestar Little Bow (00-16-31-014-18W4),33044,Alberta,211110,Oil and gas extraction (except oil sands)
2088,G12664,Martin Hills Core 13-24,32948,Alberta,211110,Oil and gas extraction (except oil sands)
2089,G12666,B-022-K/094-A-12 Well Pad,,British Columbia,211110,Oil and gas extraction (except oil sands)
2090,G12671,16-18-063-21W5 Gas Battery,,Alberta,211110,Oil and gas extraction (except oil sands)
2091,G12677,Taylorton 13-15-001-06 W2M,,Saskatchewan,211110,Oil and gas extraction (except oil sands)
2092,G12690,Pouce Coupe South Sour Gas Plant,16849,Alberta,211110,Oil and gas extraction (except oil sands)
2093,G12710,Wembley Oil MWB 01-14-072-08W6,32963,Alberta,211110,Oil and gas extraction (except oil sands)
2094,G10132,H.R.Milner Generating Station,1039,Alberta,221112,Fossil-Fuel Electric Power Generation
2095,G10181,Mackenzie Pulp Mill,1486,British Columbia,322112,Chemical Pulp Mills
2096,G10231,Powell River Division,723,British Columbia,322111,Mechanical Pulp Mills
2097,G10322,Williams Lake Power Plant,6688,British Columbia,221119,Other Electric Power Generation
2098,G10382,GenAlta Recycling Inc.,5367,Alberta,562920,Material Recovery Facilities
2099,G10383,General Scrap - Winnipeg,3768,Manitoba,562920,Material Recovery Facilities
2100,G10392,Navajo Metals,3775,Alberta,562920,Material Recovery Facilities
2101,G10677,Fanshawe College of Applied Arts and Technology,26457,Ontario,611210,Community Colleges and C.E.G.E.P.s
2102,G10703,Expert Manufacturing Inc.,,Ontario,337214,Office Furniture (except Wood) Manufacturing
2103,G10886,Portable Plant 020002,21075,Alberta,237310,"Highway, Street and Bridge Construction"
2104,G10969,Birch Comp Stn C-018-I,,British Columbia,211110,Oil and gas extraction (except oil sands)
2105,G10971,Prespatou  Comp Stn C-059-B,,British Columbia,211110,Oil and gas extraction (except oil sands)
2106,G10999,Jenner 11-21-20-8W4,17047,Alberta,211113,Conventional Oil and Gas Extraction
2107,G11002,Acheson Sour Gas Plant 05-02-053-26W4,30728,Alberta,211110,Oil and gas extraction (except oil sands)
2108,G11007,Brasserie de Montréal,1639,Quebec,312120,Breweries
2109,G11045,Steen River Gas Plant,17516,Alberta,211110,Oil and gas extraction (except oil sands)
2110,G11096,Kisbey Sour Gas Plant 05-13,22008,Saskatchewan,211110,Oil and gas extraction (except oil sands)
2111,G11152,"Centrales thermiques, Service des immeubles",6454,Quebec,611310,Universities
2112,G11169,Lindbergh Facility,6828,Alberta,325189,All Other Basic Inorganic Chemical Manufacturing
2113,G11182,Redwater Sour Gas Plant 01-29,438,Alberta,211113,Conventional Oil and Gas Extraction
2114,G11247,Ricinus Gas Plant,4161,Alberta,211110,Oil and gas extraction (except oil sands)
2115,G11250,Brazeau Sweet Gas Plant,16857,Alberta,211110,Oil and gas extraction (except oil sands)
2116,G11272,Placid Gas Battery 06-31,,Alberta,211110,Oil and gas extraction (except oil sands)
2117,G11333,Blackstone Dehy 09-23-044-16W5,24192,Alberta,211110,Oil and gas extraction (except oil sands)
2118,G11336,Bracemac-McLeod,8785,Quebec,212233,Copper-Zinc Ore Mining
2119,G11365,Chungo Compressor Station 05-26-043-18W5,25053,Alberta,211110,Oil and gas extraction (except oil sands)
2120,G11373,Resthaven Gas Battery 02-16,24427,Alberta,211110,Oil and gas extraction (except oil sands)
2121,G11403,Green D-039-C/094-G-10,27983,British Columbia,211110,Oil and gas extraction (except oil sands)
2122,G11408,Shaunavon Oil Battery 01-15,28034,Saskatchewan,211110,Oil and gas extraction (except oil sands)
2123,G11466,Lily Comp. Stn. A-46-G,,British Columbia,211110,Oil and gas extraction (except oil sands)
2124,G11473,Gleichen Comp Stn 13-26,16878,Alberta,211110,Oil and gas extraction (except oil sands)
2125,G11503,LRE - Kakwa 07-14,24143,Alberta,211110,Oil and gas extraction (except oil sands)
2126,G11564,Wainwright Multiwell Oil Battery 09-32-045-06W4,35358,Alberta,211110,Oil and gas extraction (except oil sands)
2127,G11596,Wilrich 16-27 Compressor Station,,Alberta,211110,Oil and gas extraction (except oil sands)
2128,G11727,Tupper West Field,,British Columbia,211110,Oil and gas extraction (except oil sands)
2129,G11741,Cabin Gas Plant,29397,British Columbia,211110,Oil and gas extraction (except oil sands)
2130,G11838,Sun Gro Farms Inc.,,Ontario,111419,Other Food Crops Grown Under Cover
2131,G11956,MASTERLOY PRODUCTS Company,4593,Ontario,331110,Iron and Steel Mills and Ferro-Alloy Manufacturing
2132,G11960,JW Oliver Waste Water Plant,6796,Saskatchewan,221320,Sewage Treatment Facilities
2133,G12035,Centrale de La Romaine,6146,Quebec,221112,Fossil-Fuel Electric Power Generation
2134,G12054,Centrale de Senneterre,6444,Quebec,221119,Other Electric Power Generation
2135,G12136,Fox Creek Division,5375,Alberta,321111,Sawmills (except Shingle and Shake Mills)
2136,G12142,Caribou Mine,8078,New Brunswick,212231,Lead-Zinc Ore Mining
2137,G12195,Wapiti 13-15-067-08W6M MWB,30642,Alberta,211110,Oil and gas extraction (except oil sands)
2138,G12199,TWO CREEKS 16-29 OIL BT,,Alberta,211110,Oil and gas extraction (except oil sands)
2139,G12203,Pbn 15-10-049-12w5 Mwob,26586,Alberta,211110,Oil and gas extraction (except oil sands)
2140,G12214,SCEPTRE PEMBINA 8-35,27404,Alberta,211110,Oil and gas extraction (except oil sands)
2141,G12233,Pembina Oil Battery 16-34-048-09W5,,Alberta,211110,Oil and gas extraction (except oil sands)
2142,G12236,Karr Oil MWB 06-10-064-02W6,30179,Alberta,211110,Oil and gas extraction (except oil sands)
2143,G12258,Ferrier Oil Battery 10-36-038-08W5,,Alberta,211110,Oil and gas extraction (except oil sands)
2144,G12271,Gilby Sweet Comp Stn 04-19,17207,Alberta,211110,Oil and gas extraction (except oil sands)
2145,G12279,FAIRBORNE HZ PINE CK 16-3-56-19,,Alberta,211110,Oil and gas extraction (except oil sands)
2146,G12281,July Lake Comp Stn A-071-G,,British Columbia,211110,Oil and gas extraction (except oil sands)
2147,G12288,Sylvan Lake Sweet Gas Plant 05-01,15200,Alberta,211110,Oil and gas extraction (except oil sands)
2148,G12293,Spruceland Millworks,33671,Alberta,321111,Sawmills (except Shingle and Shake Mills)
2149,G12296,Centrale de cogénération de la Haute-Yamaska,,Quebec,221119,Other Electric Power Generation
2150,G12341,HUSKY 102/01-12-052-04W4/00,31688,Alberta,211110,Oil and gas extraction (except oil sands)
2151,G12348,Kakwa 16-17-064-04W6,29847,Alberta,211110,Oil and gas extraction (except oil sands)
2152,G12388,Macoun Oil Battery 08-22,,Saskatchewan,211110,Oil and gas extraction (except oil sands)
2153,G12408,Carseland Gas Plant 16-21,16588,Alberta,211113,Conventional Oil and Gas Extraction
2154,G12414,JEDNEY NORTH b-76-C/94-G-8,17611,British Columbia,211110,Oil and gas extraction (except oil sands)
2155,G12420,Saddle Lake 09-09,,Alberta,211110,Oil and gas extraction (except oil sands)
2156,G12426,Cape MWB 01-19-064-21W5,31798,Alberta,211110,Oil and gas extraction (except oil sands)
2157,G12427,AG20 ABGS0002893 NEVIS/LAM 11-07 GGS,,Alberta,211110,Oil and gas extraction (except oil sands)
2158,G12431,Mountain Park Hanlan 10-17 GGS,19180,Alberta,211110,Oil and gas extraction (except oil sands)
2159,G12457,WILDMERE BT 01-24-048-06W4,32436,Alberta,211110,Oil and gas extraction (except oil sands)
2160,G12462,LPC Compressor Station COM /06-23-030-28W4/ 00,17741,Alberta,211110,Oil and gas extraction (except oil sands)
2161,G12463,Sunchild 01-04-044-11W5 MWGB ABBT0137474,33036,Alberta,211110,Oil and gas extraction (except oil sands)
2162,G12464,Pc Whitecourt South Bty 12-26,23780,Alberta,211110,Oil and gas extraction (except oil sands)
2163,G12465,TAQA FERRIER 07-11-041-08W5 GGS,,Alberta,211110,Oil and gas extraction (except oil sands)
2164,G12468,Permolex Ltd.,6698,Alberta,311211,Flour Milling
2165,G12469,Craigmyle East Compressor Station 13-28,27466,Alberta,211110,Oil and gas extraction (except oil sands)
2166,G12470,Martin Hills Core 05-35,32945,Alberta,211110,Oil and gas extraction (except oil sands)
2167,G12471,Martin Hills Core 10-35,32946,Alberta,211110,Oil and gas extraction (except oil sands)
2168,G12473,Astra 16-19-002-04 W2M,33085,Alberta,211110,Oil and gas extraction (except oil sands)
2169,G12476,Enerchem Slave Lake 16-31-073-05W5,32911,Alberta,211110,Oil and gas extraction (except oil sands)
2170,G12479,Marten Hills 01-29-074,32417,Alberta,211110,Oil and gas extraction (except oil sands)
2171,G12480,Marten Hills 15-12-074-25W4,32399,Alberta,211110,Oil and gas extraction (except oil sands)
2172,G12481,Ukalta 15-11-057-18W4,31086,Alberta,211110,Oil and gas extraction (except oil sands)
2173,G12482,Marten Hills 05-13-075,32414,Alberta,211110,Oil and gas extraction (except oil sands)
2174,G12493,PPY West Blair d-086-E/094-B-16,29061,British Columbia,211110,Oil and gas extraction (except oil sands)
2175,G12502,AG20 ABGS0116377 CLIVE GGS,,Alberta,211110,Oil and gas extraction (except oil sands)
2176,G12507,Weyburn 05-16-006-13W2 GP,,Saskatchewan,211110,Oil and gas extraction (except oil sands)
2177,G12511,Macoun 16-30-004-08W2 MWB,,Saskatchewan,211110,Oil and gas extraction (except oil sands)
2178,G12535,Merit Functional Foods,,Manitoba,311990,All Other Food Manufacturing
2179,G12557,Astra Minard 04-17-006-07 W2 MWB,33087,Saskatchewan,211110,Oil and gas extraction (except oil sands)
2180,G10297,Usine de Beauharnois,4808,Quebec,331313,Primary Production of Alumina and Aluminum
2181,G10486,West Pembina GP,4152,Alberta,211110,Oil and gas extraction (except oil sands)
2182,G10500,Northern Pulp Nova Scotia Corporation,815,Nova Scotia,322112,Chemical Pulp Mills
2183,G10529,Minnehik Buck Lake Gas Plant,1753,Alberta,211110,Oil and gas extraction (except oil sands)
2184,G10588,Grande Prairie OSB Mill,4880,Alberta,321217,Waferboard Mills
2185,G10702,Norbord High Level,6517,Alberta,321217,Waferboard Mills
2186,G10747,Deep Panuke,27550,Nova Scotia,211110,Oil and gas extraction (except oil sands)
2187,G10759,Fort Nelson North Processing Facility,28030,British Columbia,211110,Oil and gas extraction (except oil sands)
2188,G10818,Oungre Oil Battery 03-14,28212,Saskatchewan,211110,Oil and gas extraction (except oil sands)
2189,G10825,Tourmaline Musreau 02/09-13-062-06-W6,26649,Alberta,211110,Oil and gas extraction (except oil sands)
2190,G10861,Ball Advanced Aluminum Technologies Canada Inc.,8779,Quebec,331317,"Aluminum Rolling, Drawing, Extruding and Alloying"
2191,G10869,Kaybob Gas Plant 10-29-063,29453,Alberta,211110,Oil and gas extraction (except oil sands)
2192,G10942,Cutbank Comp Stn A-038-I,21413,British Columbia,211110,Oil and gas extraction (except oil sands)
2193,G10943,Cutbank Comp Stn B-100-B,21415,British Columbia,211110,Oil and gas extraction (except oil sands)
2194,G10980,LRE - Kenzie Oil Battery 13-04,22929,Alberta,211110,Oil and gas extraction (except oil sands)
2195,G10987,Usine Montréal,8601,Quebec,335229,Other Major Appliance Manufacturing
2196,G11094,Sonoco - Trent Valley Mill,7684,Ontario,322130,Paperboard Mills
2197,G11137,Amadou Compressor Station 14-03-074-20W4,17036,Alberta,211110,Oil and gas extraction (except oil sands)
2198,G11145,Sylvan Lake Gas Plant 01-21-038-02W5,16982,Alberta,211110,Oil and gas extraction (except oil sands)
2199,G11146,Cessford Comp Stn 04-14,,Alberta,211110,Oil and gas extraction (except oil sands)
2200,G11148,Maxhamish Comp Stn d-036-I,19972,British Columbia,211110,Oil and gas extraction (except oil sands)
2201,G11191,Ladyfern Comp Stn B-017-I,,British Columbia,211110,Oil and gas extraction (except oil sands)
2202,G11293,Rosemary Sweet Gas Plant 08-21-021-15W4,16559,Alberta,211110,Oil and gas extraction (except oil sands)
2203,G11299,Tide Lake Comp Stn 01-04-018-11W4,21457,Alberta,211110,Oil and gas extraction (except oil sands)
2204,G11300,Verger A Sweet Gas Plant 04-28-022-16W4,16560,Alberta,211110,Oil and gas extraction (except oil sands)
2205,G11354,Kerrobert 03-27-032-23W3 BTY,17662,Saskatchewan,211110,Oil and gas extraction (except oil sands)
2206,G11374,Cresecent Point Shaunavon Oil Battery 04-16,,Saskatchewan,211110,Oil and gas extraction (except oil sands)
2207,G11393,Kaybob Gas Plant 05-31,26501,Alberta,211110,Oil and gas extraction (except oil sands)
2208,G11450,Torc Macoun Oil Battery 06-24-004-09W2,23276,Saskatchewan,211110,Oil and gas extraction (except oil sands)
2209,G11467,Graham C-77-F,,British Columbia,211110,Oil and gas extraction (except oil sands)
2210,G11508,Cutbank 10-10-065-05 W6M,29487,Alberta,211110,Oil and gas extraction (except oil sands)
2211,G11631,Wembley Comp Station 06-27,,Alberta,211110,Oil and gas extraction (except oil sands)
2212,G11650,Wild River West Gas Battery 08-30,,Alberta,211110,Oil and gas extraction (except oil sands)
2213,G11756,Saguaro BC Linear Facilities Operation (LFO),,British Columbia,211110,Oil and gas extraction (except oil sands)
2214,G11814,Alderson West Sour Gas Plant 06-02-016-15W4,16763,Alberta,211110,Oil and gas extraction (except oil sands)
2215,G11815,Countess Sour Gas Plant 10-20-018-15W4,16760,Alberta,211110,Oil and gas extraction (except oil sands)
2216,G11918,Alberta Children's Hospital,,Alberta,622112,Paediatric Hospitals
2217,G11943,Oungre Oil MWB 15-31,30405,Saskatchewan,211110,Oil and gas extraction (except oil sands)
2218,G11964,PPY Townsend c-041-F/094-B-16 Comp Stn,,British Columbia,211110,Oil and gas extraction (except oil sands)
2219,G12011,Willesden Green Comp Stn 05-03,29618,Alberta,211110,Oil and gas extraction (except oil sands)
2220,G12020,Wintering Hills West Sweet Gas Plant 06-17-025-20W4,,Alberta,211110,Oil and gas extraction (except oil sands)
2221,G12041,TORC Pinto Oil MWB 06-03-002-04W2,,Saskatchewan,211110,Oil and gas extraction (except oil sands)
2222,G12049,Parkland Gas Plant (06-29-081-15W6M),,British Columbia,211110,Oil and gas extraction (except oil sands)
2223,G12061,Pinto 14-30-001-04 W2M,29934,Saskatchewan,211110,Oil and gas extraction (except oil sands)
2224,G12080,Mulligan Fourth Creek 15-13-082-09-W6,23386,Alberta,211110,Oil and gas extraction (except oil sands)
2225,G12109,Dodsland 10-8-31-20 W3,31589,Saskatchewan,211110,Oil and gas extraction (except oil sands)
2226,G12110,TEINE Dodsland 5-26,26204,Saskatchewan,211110,Oil and gas extraction (except oil sands)
2227,G12143,McAdam Wallboard Plant,5095,New Brunswick,327420,Gypsum Product Manufacturing
2228,G12177,Plato Oil MWB 01-33,,Saskatchewan,211110,Oil and gas extraction (except oil sands)
2229,G12189,Whiteside 04-07-030-26W3 (102/04-12) SWB,,Saskatchewan,211110,Oil and gas extraction (except oil sands)
2230,G12192,Whiteside 04-12-030-27W3 (101/13-12) SWB,,Saskatchewan,211110,Oil and gas extraction (except oil sands)
2231,G12226,WAINWRIGHT 02-17-046-06W4,30865,Alberta,211110,Oil and gas extraction (except oil sands)
2232,G12235,Mikwan Gas Plant,18171,Alberta,211110,Oil and gas extraction (except oil sands)
2233,G12252,Lougheed 11-12-006-15 W2M,22563,Saskatchewan,211110,Oil and gas extraction (except oil sands)
2234,G12260,Harmon Valley SAGD South Pilot 07-06,27452,Alberta,211110,Oil and gas extraction (except oil sands)
2235,G12263,Sawn Lake Battery 12-29-091-12W5,22460,Alberta,211110,Oil and gas extraction (except oil sands)
2236,G12280,SRL BUICKCREEK D-36-L/094-A-14 003,31663,British Columbia,211110,Oil and gas extraction (except oil sands)
2237,G12289,Chinook Regional Hospital,,Alberta,622111,General (except Paediatric) Hospitals
2238,G12321,SRL Aggregated Linear Facilities Operation (LFO),,British Columbia,211110,Oil and gas extraction (except oil sands)
2239,G12330,Aggregated Linear Facilities Operation (L-c),,British Columbia,211110,Oil and gas extraction (except oil sands)
2240,G12343,Bigstone Battery 07-11-060-23W5,32387,Alberta,211110,Oil and gas extraction (except oil sands)
2241,G12345,Plato 04-07 Bty,32232,Saskatchewan,211110,Oil and gas extraction (except oil sands)
2242,G12358,C-041-G/093-P-09 SCLH,29799,British Columbia,211110,Oil and gas extraction (except oil sands)
2243,G12360,Arriva  2-25-38-9 W5M,,Alberta,211110,Oil and gas extraction (except oil sands)
2244,G12365,PIPESTONE Compressor Station 15-30-072-08W6,31315,Alberta,211110,Oil and gas extraction (except oil sands)
2245,G12375,Ojay Comp Stn A-011-I,,British Columbia,211110,Oil and gas extraction (except oil sands)
2246,G12381,CELTIC BT 06-18-052-23W3,,Saskatchewan,211110,Oil and gas extraction (except oil sands)
2247,G12393,North Hoosier Oil Battery 13-21-032-27 W3M,30956,Saskatchewan,211110,Oil and gas extraction (except oil sands)
2248,G12396,Countess Gas Storage Facility,23285,Alberta,211110,Oil and gas extraction (except oil sands)
2249,G12403,Whiteside 01-05-030-25W3 GGS,,Saskatchewan,211110,Oil and gas extraction (except oil sands)
2250,G12405,Alderson 13-21-15-11 Plant,,Alberta,211110,Oil and gas extraction (except oil sands)
2251,G12413,TORC Kaybob Oil Battery 04-01-060-20W5,,Alberta,211110,Oil and gas extraction (except oil sands)
2252,G12415,Hanlan Compressor Station 09-09-045-16W5,19636,Alberta,211110,Oil and gas extraction (except oil sands)
2253,G12416,Nevis Oil Battery 12-36,19276,Alberta,211110,Oil and gas extraction (except oil sands)
2254,G12418,Kakwa 04-22-062-04W6,18779,Alberta,211110,Oil and gas extraction (except oil sands)
2255,G12419,Kakwa 16-06-064-05W6,31568,Alberta,211110,Oil and gas extraction (except oil sands)
2256,G12421,Garrington 03-36 Compressor Site,17167,Alberta,211110,Oil and gas extraction (except oil sands)
2257,G12424,AG20 ABGS0084730 BASHAW 13-20 GGS,,Alberta,211110,Oil and gas extraction (except oil sands)
2258,G12429,Kettle River North 15-14,,Alberta,211110,Oil and gas extraction (except oil sands)
2259,G12433,Fox Creek 15-24-060-22W5,15562,Alberta,211110,Oil and gas extraction (except oil sands)
2260,G12434,Crooked Lake Gas Battery 10-22-062-22W5,,Alberta,211110,Oil and gas extraction (except oil sands)
2261,G12438,Valhalla Compressor Station 05-28-073-09W6,,Alberta,211110,Oil and gas extraction (except oil sands)
2262,G12442,Pengrowth Mcleod 16-12,17444,Alberta,211110,Oil and gas extraction (except oil sands)
2263,G12443,CPC Trochu 16-32 GGS,18999,Alberta,211110,Oil and gas extraction (except oil sands)
2264,G12444,Clearview Sub-Regional Landfill,,British Columbia,562210,Waste Treatment and Disposal
2265,G12540,Limestone CS 04-36,31669,Alberta,211110,Oil and gas extraction (except oil sands)
2266,G12554,Molycop Canada Plant 2,,British Columbia,331511,Iron Foundries
2267,G12714,Macklin 05-24-039-28W3,25149,Saskatchewan,211110,Oil and gas extraction (except oil sands)
2268,G10035,Brunswick Smelter,4024,New Brunswick,331410,Non-Ferrous Metal (except Aluminum) Smelting and Refining
2269,G10202,Nevis Gas Plant,5337,Alberta,211110,Oil and gas extraction (except oil sands)
2270,G10224,Pikes Peak Thermal 04-06-050-23W3,17014,Saskatchewan,211110,Oil and gas extraction (except oil sands)
2271,G10319,Whitby Cogeneration,5934,Ontario,221112,Fossil-Fuel Electric Power Generation
2272,G10384,Goldboro Gas Plant,5012,Nova Scotia,211110,Oil and gas extraction (except oil sands)
2273,G10484,Gilby Gas Plant,1364,Alberta,211110,Oil and gas extraction (except oil sands)
2274,G10593,PLANT 051 - Toronto,7392,Ontario,311410,Frozen Food Manufacturing
2275,G10659,Seal 04-33-082-15W5,24130,Alberta,211110,Oil and gas extraction (except oil sands)
2276,G10691,Kruger Brompton S.E.C.,5471,Quebec,322122,Newsprint Mills
2277,G10699,Usine Abitibi-O (La Sarre) et Bois-Jointé,6303,Quebec,321111,Sawmills (except Shingle and Shake Mills)
2278,G10946,Kelly Comp Stn c-027-B,22889,British Columbia,211110,Oil and gas extraction (except oil sands)
2279,G10961,Nig Creek A-94-B/94-H-4,,British Columbia,211110,Oil and gas extraction (except oil sands)
2280,G10973,Septimus 08-22-081-19 W6M,27894,British Columbia,211110,Oil and gas extraction (except oil sands)
2281,G10992,Alder Flats Sweet Gas Plant 11-33,15187,Alberta,211110,Oil and gas extraction (except oil sands)
2282,G10997,Pouce Coupe Gas Plant 03-03,15203,Alberta,211110,Oil and gas extraction (except oil sands)
2283,G11061,Rothsay Quebec,5487,Quebec,311614,Rendering and Meat Processing from Carcasses
2284,G11065,Tom Howe Landfill Site,10688,Ontario,562210,Waste Treatment and Disposal
2285,G11071,14 Wing Greenwood,745,Nova Scotia,911110,Defence Services
2286,G11078,South Sturgeon Lake Gas Plant 02-02-069-22 W5M,5370,Alberta,211110,Oil and gas extraction (except oil sands)
2287,G11086,Usine de coulée continue de Montréal-Est,959,Quebec,331420,"Copper Rolling, Drawing, Extruding and Alloying"
2288,G11138,Ansell Gas Plant 07-27-051-19W5,17067,Alberta,211110,Oil and gas extraction (except oil sands)
2289,G11163,South Rosevear Gas Plant 16-11-054-15 W5M,2223,Alberta,211113,Conventional Oil and Gas Extraction
2290,G11192,Brintnell North Bitumen Battery 07-27,,Alberta,211110,Oil and gas extraction (except oil sands)
2291,G11204,Matziwin 06-10,,Alberta,211110,Oil and gas extraction (except oil sands)
2292,G11222,HARMCEN 7-12,16920,Alberta,211110,Oil and gas extraction (except oil sands)
2293,G11237,PFR Baie-Comeau,2001,Quebec,322122,Newsprint Mills
2294,G11244,Glen Ewen Gas Plant,15601,Saskatchewan,211113,Conventional Oil and Gas Extraction
2295,G11268,Lodgepole Sweet Gas Plant,,Alberta,211110,Oil and gas extraction (except oil sands)
2296,G11270,Peco Sweet Comp Station 11-12,,Alberta,211110,Oil and gas extraction (except oil sands)
2297,G11274,Resthaven Sweet Gas Plant,18388,Alberta,211110,Oil and gas extraction (except oil sands)
2298,G11310,Manatokan Custom Treating Facility 9-14,21219,Alberta,211110,Oil and gas extraction (except oil sands)
2299,G11347,Peco Gas Battery 14-07,,Alberta,211110,Oil and gas extraction (except oil sands)
2300,G11353,Viewfield Oil Battery 05-05,21580,Saskatchewan,211110,Oil and gas extraction (except oil sands)
2301,G11364,Ansell Compressor Station 03-06-049-18W5,19717,Alberta,211110,Oil and gas extraction (except oil sands)
2302,G11370,Edson Gas Storage Facility,,Alberta,493190,Other Warehousing and Storage
2303,G11371,Cynthia Battery,25302,Alberta,211110,Oil and gas extraction (except oil sands)
2304,G11383,Conroy LC (All wells),,British Columbia,211110,Oil and gas extraction (except oil sands)
2305,G11395,Melrose Oil Battery 09-14,26549,Saskatchewan,211110,Oil and gas extraction (except oil sands)
2306,G11400,Hoffer 04-05-02-15 W2M,27079,Saskatchewan,211110,Oil and gas extraction (except oil sands)
2307,G11406,South Kaybob 02-20,27901,Alberta,211110,Oil and gas extraction (except oil sands)
2308,G11410,Panther 10-13 Battery,27719,Alberta,211110,Oil and gas extraction (except oil sands)
2309,G11436,HUSKY ANSELL GS 02-20-050-18W5,28601,Alberta,211110,Oil and gas extraction (except oil sands)
2310,G11485,Tourmaline Chin/09-29 Ggs,22495,Alberta,211110,Oil and gas extraction (except oil sands)
2311,G11488,Air Liquide Canada- Dawson Creek,29035,British Columbia,325120,Industrial Gas Manufacturing
2312,G11550,Gilby West Sour Comp Stn 11-20,34714,Alberta,211110,Oil and gas extraction (except oil sands)
2313,G11558,Lloyd Single Well Oil Battery 02-17-052-23W3,,British Columbia,211110,Oil and gas extraction (except oil sands)
2314,G11581,Bromhead Oil SWB 03-18,,Saskatchewan,211110,Oil and gas extraction (except oil sands)
2315,G11585,Torquay Oil SWB 02-18,,Saskatchewan,211110,Oil and gas extraction (except oil sands)
2316,G11630,Steinbach Class 1 Waste Disposal Ground,29947,Manitoba,562210,Waste Treatment and Disposal
2317,G11634,Henry Goodrich,,Newfoundland and Labrador,213111,Oil and Gas Contract Drilling
2318,G11635,Transocean Barents,,Newfoundland and Labrador,213111,Oil and Gas Contract Drilling
2319,G11640,Anderson Gas Battery 15-03,,Alberta,211110,Oil and gas extraction (except oil sands)
2320,G11649,Verger Compressor Station 04-02,,Alberta,211110,Oil and gas extraction (except oil sands)
2321,G11652,Karr Creek Oil Battery 15-36,,Alberta,211110,Oil and gas extraction (except oil sands)
2322,G11654,Hamburg 11-33-096-08 W6M,,Alberta,211110,Oil and gas extraction (except oil sands)
2323,G11658,Gold Creek Gas Battery 10-05,,Alberta,211110,Oil and gas extraction (except oil sands)
2324,G11662,Fox Valley Compressor Station 12-10-017-25W3,,Saskatchewan,211110,Oil and gas extraction (except oil sands)
2325,G11664,Hatton Senate Compressor Station 04-28-014-29W3,,Saskatchewan,211110,Oil and gas extraction (except oil sands)
2326,G11688,Willesden Gn 16-12-42-6W5,,Alberta,211110,Oil and gas extraction (except oil sands)
2327,G11704,Paddle River Sour Gas Processing Plant,6537,Alberta,211110,Oil and gas extraction (except oil sands)
2328,G11798,TAQA NORTH CHINCHAGARIVER C-032-H/094-H-08,17699,British Columbia,211110,Oil and gas extraction (except oil sands)
2329,G11858,Torrington 08-28-032-26W4,21031,Alberta,211113,Conventional Oil and Gas Extraction
2330,G11859,16-07-29-26-W4M Acme,29012,Alberta,211110,Oil and gas extraction (except oil sands)
2331,G11860,NEVIS 12-07-041-22-W4,15369,Alberta,211113,Conventional Oil and Gas Extraction
2332,G11873,Twining Gas Battery and Comp Stn 12-10,23549,Alberta,211113,Conventional Oil and Gas Extraction
2333,G11889,Whiteside 04-07-030-26W3 (101/04-12) SWB,,Saskatchewan,211110,Oil and gas extraction (except oil sands)
2334,G11895,Société de Cogénération de St-Félicien,8603,Quebec,221119,Other Electric Power Generation
2335,G11904,Fir 01-32,27902,Alberta,211110,Oil and gas extraction (except oil sands)
2336,G11935,Fort MacLeod Power Plant 05-30,17187,Alberta,221112,Fossil-Fuel Electric Power Generation
2337,G11940,Magrath Wind Power Project,,Alberta,221119,Other Electric Power Generation
2338,G11945,Bromhead Oil MWB 05-31,30401,Saskatchewan,211110,Oil and gas extraction (except oil sands)
2339,G11968,CELTIC BT 10-17-052-23W3,,British Columbia,211110,Oil and gas extraction (except oil sands)
2340,G11969,HARVEST GREENSTREET A13-2 BT 13-02-052-27W3,,Saskatchewan,211110,Oil and gas extraction (except oil sands)
2341,G11973,TANGLEFLAGS SWB 02-30-050-25W3,,Saskatchewan,211110,Oil and gas extraction (except oil sands)
2342,G11974,WESTHAZEL MWB 01-36-051-23W3,,Saskatchewan,211110,Oil and gas extraction (except oil sands)
2343,G11985,Penhold Central Battery 15-29,21802,Alberta,211110,Oil and gas extraction (except oil sands)
2344,G11993,NAT-1 Ralston,,Alberta,221112,Fossil-Fuel Electric Power Generation
2345,G12003,Bigoray 15-07 Compressor,17165,Alberta,211110,Oil and gas extraction (except oil sands)
2346,G12028,Suffield Koomati River Booster 12-24,21454,Alberta,211110,Oil and gas extraction (except oil sands)
2347,G12044,Wapiti Compressor Station 13-31-066-12W6,,Alberta,211110,Oil and gas extraction (except oil sands)
2348,G12059,Gundy Compressor,28750,British Columbia,211110,Oil and gas extraction (except oil sands)
2349,G12065,4-15-27-20 MULTIWELL,31528,Saskatchewan,211110,Oil and gas extraction (except oil sands)
2350,G12093,Olds 6-9,21724,Alberta,211110,Oil and gas extraction (except oil sands)
2351,G12095,Dodsland 13-11-32-20-3,17054,Saskatchewan,211110,Oil and gas extraction (except oil sands)
2352,G12105,Dodsland 13-29-31-19 W3,30722,Saskatchewan,211110,Oil and gas extraction (except oil sands)
2353,G12106,TEINE Lucky Hills 11-7,27934,Saskatchewan,211110,Oil and gas extraction (except oil sands)
2354,G12108,Kerrobert 4-17-33-24 W3,31587,Saskatchewan,211110,Oil and gas extraction (except oil sands)
2355,G12124,Solettera Acme Co-Generation,33524,Alberta,221112,Fossil-Fuel Electric Power Generation
2356,G12126,Killam Sunrise,,Alberta,221112,Fossil-Fuel Electric Power Generation
2357,G12140,TVRP Fort McMurray,,Alberta,562210,Waste Treatment and Disposal
2358,G12159,XTO 07-20-061-19W5,31541,Alberta,211110,Oil and gas extraction (except oil sands)
2359,G12178,EDAM BT 10-05-049-19W3,,Saskatchewan,211110,Oil and gas extraction (except oil sands)
2360,G12196,Gold Creek Oil MWB 06-35-068-03W6,31334,Alberta,211110,Oil and gas extraction (except oil sands)
2361,G12205,WESTHAZEL BT 16-31-050-22W3,,Saskatchewan,211110,Oil and gas extraction (except oil sands)
2362,G12209,Makepeace Oil MWB 13-11-022-17W4,,Alberta,211110,Oil and gas extraction (except oil sands)
2363,G12212,Wainwright North Gas Plant 16-15-046-06W4,18962,Alberta,211110,Oil and gas extraction (except oil sands)
2364,G12213,Zama Field Compressor 10-14,15325,Alberta,211110,Oil and gas extraction (except oil sands)
2365,G12227,Alameda 09-08-004-03 W2M,29874,Saskatchewan,211110,Oil and gas extraction (except oil sands)
2366,G12230,ABBT0113985,,Alberta,211110,Oil and gas extraction (except oil sands)
2367,G12231,Gordondale Comp Stn 16-10,,Alberta,211110,Oil and gas extraction (except oil sands)
2368,G12234,TEINE Whiteside 14-24-29-25W3,29851,Saskatchewan,211110,Oil and gas extraction (except oil sands)
2369,G12240,STEELMAN UNIT #6  9-28 BA,,Saskatchewan,211110,Oil and gas extraction (except oil sands)
2370,G12241,Pinto 14-26-002-04 W2M,29933,Saskatchewan,211110,Oil and gas extraction (except oil sands)
2371,G12246,7G 06-18-063-04W6,29848,Alberta,211110,Oil and gas extraction (except oil sands)
2372,G12247,Sandhills (Ald East) Comp Stn 13-03-016-13W4,,Alberta,211110,Oil and gas extraction (except oil sands)
2373,G12249,Success 12-07-015-15W3 BTY,,Saskatchewan,211110,Oil and gas extraction (except oil sands)
2374,G12250,Three Hills Creek Comp Station 03-30,18682,Alberta,211110,Oil and gas extraction (except oil sands)
2375,G12254,Dodsland 07-36-030-21W3 BTY,,Saskatchewan,211110,Oil and gas extraction (except oil sands)
2376,G12256,BIG GULLY BT 16-12-050-26W3,,Saskatchewan,211110,Oil and gas extraction (except oil sands)
2377,G12257,NAL 09-22-031-19W3,,Saskatchewan,211110,Oil and gas extraction (except oil sands)
2378,G12266,CELTIC BT 05-16-052-23W3,,Saskatchewan,211110,Oil and gas extraction (except oil sands)
2379,G12269,Oldman 10-24,23195,Alberta,211110,Oil and gas extraction (except oil sands)
2380,G12272,Cypress Farrow 6-31-20-24W4,17755,Alberta,211110,Oil and gas extraction (except oil sands)
2381,G12274,CanEra Midale 16-23-006-11W2M,,Saskatchewan,211110,Oil and gas extraction (except oil sands)
2382,G12275,Calpine Canada Resources Company CS 01-30,,Alberta,211110,Oil and gas extraction (except oil sands)
2383,G12278,Gold Creek Oil MWB 04-01-069-03W6,31335,Alberta,211110,Oil and gas extraction (except oil sands)
2384,G12283,WestWard Ho 01-24,,Alberta,211110,Oil and gas extraction (except oil sands)
2385,G12284,BEARBERRY 07-09 GGS,22479,Alberta,211110,Oil and gas extraction (except oil sands)
2386,G12285,Torquay Oil SWB 02-17,,Saskatchewan,211110,Oil and gas extraction (except oil sands)
2387,G12295,GILBY 4-18-040-2W5,,Alberta,211110,Oil and gas extraction (except oil sands)
2388,G12301,GRIFFIN CANADA - WINNIPEG,1344,Manitoba,331514,Steel Foundries
2389,G12306,Skyjack Inc.,4447,Ontario,333920,Material Handling Equipment Manufacturing
2390,G12842,Complexe environnemental de la Rouge,33873,Quebec,562210,Waste Treatment and Disposal
2391,G10037,Burrard Generating Station,3240,British Columbia,221112,Fossil-Fuel Electric Power Generation
2392,G10077,Copper Cliff Nickel Refinery,1467,Ontario,331410,Non-Ferrous Metal (except Aluminum) Smelting and Refining
2393,G10078,Copper Cliff Smelter,444,Ontario,331410,Non-Ferrous Metal (except Aluminum) Smelting and Refining
2394,G10109,Enbridge Gas Distribution Inc.,,Ontario,221210,Natural Gas Distribution
2395,G10173,Kamloops Plant,5153,British Columbia,327310,Cement Manufacturing
2396,G10200,UG - Natural Gas Transmission and Distribution,,Ontario,221210,Natural Gas Distribution
2397,G10326,Zama Plant 4,28444,Alberta,211110,Oil and gas extraction (except oil sands)
2398,G10339,Ottawa Landfill,7399,Ontario,562210,Waste Treatment and Disposal
2399,G10393,Thebaud Platform,8023,Nova Scotia,211110,Oil and gas extraction (except oil sands)
2400,G10409,Jackfish 1 SAGD Plant,22267,Alberta,211141,In-situ oil sands extraction
2401,G10445,Cimenterie Kilmar,8599,Quebec,327310,Cement Manufacturing
2402,G10464,04-15-040-24-W4M Clive ENH,16932,Alberta,211113,Conventional Oil and Gas Extraction
2403,G10600,East Wastewater Treatment Plant,11467,Ontario,221320,Sewage Treatment Facilities
2404,G10624,UPEI Boiler,8008,Prince Edward Island,221330,Steam and Air-Conditioning Supply
2405,G10625,PEI Energy Systems,5015,Prince Edward Island,562210,Waste Treatment and Disposal
2406,G10636,West End Water Pollution Control Plant,10762,Ontario,221320,Sewage Treatment Facilities
2407,G10671,Jackfish 2 SAGD Plant,24465,Alberta,211141,In-situ oil sands extraction
2408,G10778,Jackfish 3 SAGD Plant,28033,Alberta,211141,In-situ oil sands extraction
2409,G10784,Tsea D-07-I C/S,26146,British Columbia,211110,Oil and gas extraction (except oil sands)
2410,G10845,Sunrise Gas Plant 13-36,,British Columbia,211110,Oil and gas extraction (except oil sands)
2411,G10862,Cliff Central Heating and Cooling Plant,10178,Ontario,911910,Other Federal Government Public Administration
2412,G10884,Border Paving,21077,Alberta,237310,"Highway, Street and Bridge Construction"
2413,G10905,Clarabelle Mill,1465,Ontario,212232,Nickel-Copper Ore Mining
2414,G10906,Coleman Mine,10199,Ontario,212232,Nickel-Copper Ore Mining
2415,G10918,Rabbit Lake Operation,1147,Saskatchewan,212291,Uranium Ore Mining
2416,G10956,Midwinter Comp Stn A-013-F,16481,British Columbia,211110,Oil and gas extraction (except oil sands)
2417,G10967,Brassey Comp Station D-013-F,,British Columbia,211110,Oil and gas extraction (except oil sands)
2418,G10972,West Tommy Lakes Comp Station 3 A-029-I,18906,British Columbia,211113,Conventional Oil and Gas Extraction
2419,G10995,Loverna Sour Gas Plant 16-25,15113,Saskatchewan,211110,Oil and gas extraction (except oil sands)
2420,G11024,Marten Creek Sour Gas Plant 10-02,22106,Alberta,211113,Conventional Oil and Gas Extraction
2421,G11083,ARCELORMITTAL TUBULAR PRODUCTS INC. - WOODSTOCK,4545,Ontario,331210,Iron and Steel Pipes and Tubes Manufacturing from Purchased Steel
2422,G11099,TRILOGY TWO CREEK 07-04,17422,Alberta,211110,Oil and gas extraction (except oil sands)
2423,G11101,Simonette Battery 16-17,16161,Alberta,211110,Oil and gas extraction (except oil sands)
2424,G11110,Chemtrade - Fort Saskatchewan Sulphides,2130,Alberta,325190,Other Basic Organic Chemical Manufacturing
2425,G11117,Peyto Galloway 09-34-053-20W5,22389,Alberta,211110,Oil and gas extraction (except oil sands)
2426,G11147,East Drumheller Sweet Gas Plant 02-05,,Alberta,211110,Oil and gas extraction (except oil sands)
2427,G11154,LRE - Alexis 03-36,22579,Alberta,211110,Oil and gas extraction (except oil sands)
2428,G11157,Battrum Oil Battery 10-21,,Saskatchewan,211110,Oil and gas extraction (except oil sands)
2429,G11170,EAST GARRINGTON PLANT,15539,Alberta,211110,Oil and gas extraction (except oil sands)
2430,G11185,Seal Lake 08-08-083-14W5,22491,Alberta,211110,Oil and gas extraction (except oil sands)
2431,G11193,Flat Lake 13-12,,Alberta,211110,Oil and gas extraction (except oil sands)
2432,G11197,Dunvegan 10-04,,Alberta,211110,Oil and gas extraction (except oil sands)
2433,G11202,Nipisi Gas Plant,4159,Alberta,211110,Oil and gas extraction (except oil sands)
2434,G11255,Point Tupper Fractionation Plant,5019,Nova Scotia,211110,Oil and gas extraction (except oil sands)
2435,G11273,Pembina Comp Stn 06-09,,Alberta,211110,Oil and gas extraction (except oil sands)
2436,G11292,Princess East Comp Stn 13-36-019-11W4,16526,Alberta,211110,Oil and gas extraction (except oil sands)
2437,G11306,Leismer 03-07,,Alberta,211110,Oil and gas extraction (except oil sands)
2438,G11321,Louis Dreyfus Company Canada ULC,24212,Saskatchewan,311225,Fat and Oil Refining and Blending
2439,G11323,West Gundy C-86-J/094-B-9,26211,British Columbia,211110,Oil and gas extraction (except oil sands)
2440,G11338,Winter Main 12-32,17316,Saskatchewan,211110,Oil and gas extraction (except oil sands)
2441,G11367,Kelt Copton 11-25,15772,Alberta,211110,Oil and gas extraction (except oil sands)
2442,G11381,Inga Gas Battery 15-03-088-23W6,27115,British Columbia,211110,Oil and gas extraction (except oil sands)
2443,G11414,Jensen CS 16-31-4-21W4,16604,Alberta,211110,Oil and gas extraction (except oil sands)
2444,G11419,Golden Lake 05-17-050-22W3,27728,Saskatchewan,211110,Oil and gas extraction (except oil sands)
2445,G11420,Seal 13-17-084-18W5,27808,Alberta,211110,Oil and gas extraction (except oil sands)
2446,G11446,HARMON VALLEY 05-13-084-19W5,28499,Alberta,211110,Oil and gas extraction (except oil sands)
2447,G11487,Edmonton Rail Terminal,29038,Alberta,486110,Pipeline Transportation of Crude Oil
2448,G11541,Cadotte Power Plant,500522,Alberta,221112,Fossil-Fuel Electric Power Generation
2449,G11544,Royal Alexandra Hospital,,Alberta,622111,General (except Paediatric) Hospitals
2450,G11560,Marsden Single Well Oil Battery 01-30-044-26W3,,Saskatchewan,211110,Oil and gas extraction (except oil sands)
2451,G11561,Marsden Single Well Oil Battery 13-16-044-26W3,,Saskatchewan,211110,Oil and gas extraction (except oil sands)
2452,G11563,Wainwright Multiwell Oil Battery 08-28-045-06W4,,Alberta,211110,Oil and gas extraction (except oil sands)
2453,G11571,Bromhead Oil SWB 01-21,30459,Saskatchewan,211110,Oil and gas extraction (except oil sands)
2454,G11573,Viewfield Oil SWB 04-13,,Saskatchewan,211110,Oil and gas extraction (except oil sands)
2455,G11574,Viewfield Oil SWB 13-12,,Saskatchewan,211110,Oil and gas extraction (except oil sands)
2456,G11604,TORC Pinto Oil Battery 02-25-002-03W2,,Saskatchewan,211110,Oil and gas extraction (except oil sands)
2457,G11615,101/13-25-029-24W3/0 (4B13-30) SWB,,Saskatchewan,211110,Oil and gas extraction (except oil sands)
2458,G11616,101/13-27-032-24W3/0 (3B3-27) SWB,,Saskatchewan,211110,Oil and gas extraction (except oil sands)
2459,G11623,Harmon Valley 04-14-084-19W5,,Alberta,211110,Oil and gas extraction (except oil sands)
2460,G11646,Botha Sour Gas Plant 07-16,,Alberta,211110,Oil and gas extraction (except oil sands)
2461,G11655,Narraway Gas Battery 08-33-063-13W6,,Alberta,211110,Oil and gas extraction (except oil sands)
2462,G11673,Chemtrade - Fort Mcmurray GP Inc.,29852,Alberta,325189,All Other Basic Inorganic Chemical Manufacturing
2463,G11674,Amoco Kirby,,Alberta,211110,Oil and gas extraction (except oil sands)
2464,G11690,WILSON CREEK 15-03-043-04W5 GGS,,Alberta,211110,Oil and gas extraction (except oil sands)
2465,G11705,West Seal Bitumen Battery 14-05,29274,Alberta,211110,Oil and gas extraction (except oil sands)
2466,G11706,Seal Bitumen Battery 13-05,26020,Alberta,211110,Oil and gas extraction (except oil sands)
2467,G11707,HV South Bitumen Battery 16-13,29733,Alberta,211110,Oil and gas extraction (except oil sands)
2468,G11708,Seal Bitumen Battery 16-01,28922,Alberta,211110,Oil and gas extraction (except oil sands)
2469,G11709,West Seal Battery 11-26,29269,Alberta,211110,Oil and gas extraction (except oil sands)
2470,G11710,West Seal Bitumen Battery 15-06,,Alberta,211110,Oil and gas extraction (except oil sands)
2471,G11711,Seal Bitumen Battery 05-32,28921,Alberta,211110,Oil and gas extraction (except oil sands)
2472,G11720,RYAM Matane,,Quebec,322111,Mechanical Pulp Mills
2473,G11807,01-31-026-19W3,29583,Saskatchewan,211110,Oil and gas extraction (except oil sands)
2474,G11818,Natural Gas Distribution System,,Ontario,221210,Natural Gas Distribution
2475,G11853,Edmonton TELUS Toll,32603,Alberta,518210,"Data Processing, Hosting, and Related Services"
2476,G11856,Entice System 2 Sweet Gas Plant 01-24,16591,Alberta,211113,Conventional Oil and Gas Extraction
2477,G11857,Entice Sweet Gas Plant 05-31,22289,Alberta,211113,Conventional Oil and Gas Extraction
2478,G11863,Ewing Lake Comp Stn 15-33,23527,Alberta,211113,Conventional Oil and Gas Extraction
2479,G11864,Linden Comp Stn 07-11,19577,Alberta,211113,Conventional Oil and Gas Extraction
2480,G11865,01-22-27-25-W4M Entice Comp Stn,16126,Alberta,211110,Oil and gas extraction (except oil sands)
2481,G11866,Gayford Sweet Gas Plant 10-31,16589,Alberta,211113,Conventional Oil and Gas Extraction
2482,G11867,NEVIS NORTH 06-11-042-23W4,19308,Alberta,211113,Conventional Oil and Gas Extraction
2483,G11868,14-35-29-24-W4M Swalwell Comp Stn,23547,Alberta,211110,Oil and gas extraction (except oil sands)
2484,G11869,Norfolk Gas Battery 13-13,18820,Alberta,211113,Conventional Oil and Gas Extraction
2485,G11870,Gayford South Comp Stn 12-35,16600,Alberta,211113,Conventional Oil and Gas Extraction
2486,G11871,06-24-039-23W4 Alix,15374,Alberta,211113,Conventional Oil and Gas Extraction
2487,G11872,Lyalta Comp Stn 14-26,16594,Alberta,211113,Conventional Oil and Gas Extraction
2488,G11883,Aspy D-11,,Nova Scotia,211110,Oil and gas extraction (except oil sands)
2489,G11890,102/01-21-028-24W3/0 (1C1-20) SWB,,Saskatchewan,211110,Oil and gas extraction (except oil sands)
2490,G11891,102/06-03-030-25W3/0 (1B6-4) SWB,,Saskatchewan,211110,Oil and gas extraction (except oil sands)
2491,G11892,SUFFIELD #18,,Saskatchewan,211110,Oil and gas extraction (except oil sands)
2492,G11911,Caribou B-19-H,28714,British Columbia,211110,Oil and gas extraction (except oil sands)
2493,G11920,Oldman River Hydroelectric Power Plant,,Alberta,221111,Hydro-Electric Power Generation
2494,G11946,Mannville 4-27 Power Generation,,Alberta,221112,Fossil-Fuel Electric Power Generation
2495,G11947,Alma Platform,8053,Nova Scotia,211110,Oil and gas extraction (except oil sands)
2496,G11962,LRE - Paddle North 01-06,16656,Alberta,211110,Oil and gas extraction (except oil sands)
2497,G11965,BIG GULLY BT 01-34-049-25W3,,Saskatchewan,211110,Oil and gas extraction (except oil sands)
2498,G11966,BIG GULLY BT 03-03-050-25W3,,Saskatchewan,211110,Oil and gas extraction (except oil sands)
2499,G11967,CELTIC BT 03-17-052-23W3,,Saskatchewan,211110,Oil and gas extraction (except oil sands)
2500,G11971,MARSDEN SOUTH BATTERY 11-19-44-26,,Saskatchewan,211110,Oil and gas extraction (except oil sands)
2501,G11972,MERVIN OIL BTY 06-17-050-19W3,,Saskatchewan,211110,Oil and gas extraction (except oil sands)
2502,G11975,TNSH BT 12-15-050-24W3,,Saskatchewan,211110,Oil and gas extraction (except oil sands)
2503,G11983,CHIGWELL 14-13 Gas Plant,,Alberta,211110,Oil and gas extraction (except oil sands)
2504,G11984,Twining Battery 09-33,21806,Alberta,211110,Oil and gas extraction (except oil sands)
2505,G11994,CORNWALL SITE,28,Ontario,325190,Other Basic Organic Chemical Manufacturing
2506,G12002,7G 9-28-064-04W6,30689,Alberta,211110,Oil and gas extraction (except oil sands)
2507,G12004,Cynthia Compressor Station 04-05,,Alberta,211110,Oil and gas extraction (except oil sands)
2508,G12005,West Seal Bitumen Battery 13-30,29273,Alberta,211110,Oil and gas extraction (except oil sands)
2509,G12006,Amoco Willesden Green Oil Battery 13-27,,Alberta,211110,Oil and gas extraction (except oil sands)
2510,G12007,Cadotte Bitumen Battery 03-29,29730,Alberta,211110,Oil and gas extraction (except oil sands)
2511,G12012,Bassano Lathom Sweet Gas Plant 10-05-022-18W4,16561,Alberta,211110,Oil and gas extraction (except oil sands)
2512,G12013,Elk Point Custom Treating Facility,21097,Alberta,211110,Oil and gas extraction (except oil sands)
2513,G12017,Princess West Comp Stn 13-03-020-12W4,,Alberta,211110,Oil and gas extraction (except oil sands)
2514,G12019,Verger South Brooks Comp Stn 16-20-021-14W4,,Alberta,211110,Oil and gas extraction (except oil sands)
2515,G12021,IRISH 16-36-54-6w4,,Alberta,211110,Oil and gas extraction (except oil sands)
2516,G12029,Kelt Fireweed C-A-16-A/94-A-13,20196,British Columbia,211110,Oil and gas extraction (except oil sands)
2517,G12032,Garson Mine,10202,Ontario,212232,Nickel-Copper Ore Mining
2518,G12033,Copper Cliff Mine (South),10204,Ontario,212232,Nickel-Copper Ore Mining
2519,G12038,Wapiti Comp Stn 11-18-066-10W6,,Alberta,211110,Oil and gas extraction (except oil sands)
2520,G12040,TORC Pinto Oil MWB 14-13-002-02W2,,Saskatchewan,211110,Oil and gas extraction (except oil sands)
2521,G12047,Vesta Cygnet Oil MWB 11-09-038-28W4,30396,Alberta,211110,Oil and gas extraction (except oil sands)
2522,G12050,Boundary Gas Plant (11/14-24-084-15W6M),,British Columbia,211110,Oil and gas extraction (except oil sands)
2523,G12058,Seal 03-05-083-14W5,27833,Alberta,211110,Oil and gas extraction (except oil sands)
2524,G12060,Oungre 01-28-002-14 W2M,19327,Saskatchewan,211110,Oil and gas extraction (except oil sands)
2525,G12062,TANGLEFLAGS 08-24-050-25W3,26161,Saskatchewan,211141,In-situ oil sands extraction
2526,G12063,Carruthers	15-18-047-24W3,28967,Saskatchewan,211141,In-situ oil sands extraction
2527,G12064,16-34-031-25W3,,Saskatchewan,211110,Oil and gas extraction (except oil sands)
2528,G12067,01-34-032-02W4,29997,Alberta,211110,Oil and gas extraction (except oil sands)
2529,G12068,01-01-030-25W3,,Saskatchewan,211110,Oil and gas extraction (except oil sands)
2530,G12069,04-01-030-25W3,,Saskatchewan,211110,Oil and gas extraction (except oil sands)
2531,G12070,04-33-032-25W3,,Saskatchewan,211110,Oil and gas extraction (except oil sands)
2532,G12071,05-15-032-25W3,,Saskatchewan,211110,Oil and gas extraction (except oil sands)
2533,G12072,08-01-030-23W3,,Saskatchewan,211110,Oil and gas extraction (except oil sands)
2534,G12073,09-25-030-23W3,,Saskatchewan,211110,Oil and gas extraction (except oil sands)
2535,G12074,11-28-030-25W3,,Saskatchewan,211110,Oil and gas extraction (except oil sands)
2536,G12075,13-02-030-25W3,,Saskatchewan,211110,Oil and gas extraction (except oil sands)
2537,G12076,13-13-031-22W3,,Saskatchewan,211110,Oil and gas extraction (except oil sands)
2538,G12077,13-14-032-25W3,,Saskatchewan,211110,Oil and gas extraction (except oil sands)
2539,G12078,16-25-030-23W3,,Saskatchewan,211110,Oil and gas extraction (except oil sands)
2540,G12079,06-16-051-22W3,,Saskatchewan,211110,Oil and gas extraction (except oil sands)
2541,G12081,Zama Battery 03-10,15319,Alberta,211110,Oil and gas extraction (except oil sands)
2542,G12082,Zama Battery 14-12,15320,Alberta,211110,Oil and gas extraction (except oil sands)
2543,G12088,MONITOR 02-03-035-05W4 COMPRESSOR STATION,30836,Alberta,211110,Oil and gas extraction (except oil sands)
2544,G12098,Provost Battery 15-2-37-7W4,17556,Alberta,211110,Oil and gas extraction (except oil sands)
2545,G12099,Neutral Hills Oil Battery 04-15,28394,Alberta,211110,Oil and gas extraction (except oil sands)
2546,G12100,Provost Oil Battery 02-11,24301,Alberta,211110,Oil and gas extraction (except oil sands)
2547,G12101,Signalta Sedgewick 16-04-042-12W4,21203,Alberta,211110,Oil and gas extraction (except oil sands)
2548,G12102,CLEO PROVOST 13-23-40-8W4,30794,Alberta,211110,Oil and gas extraction (except oil sands)
2549,G12103,CLEO PROVOST 14-14-039-10W4,30793,Alberta,211110,Oil and gas extraction (except oil sands)
2550,G12111,Ecowaste Industries Ltd.,,British Columbia,562210,Waste Treatment and Disposal
2551,G12118,Palisades Generating Station,19926,Alberta,221112,Fossil-Fuel Electric Power Generation
2552,G12121,GADSBY 12-15-037-19W4,15342,Alberta,211113,Conventional Oil and Gas Extraction
2553,G12122,02-01-041-24W4 Chigwell Gas Battery,22281,Alberta,211110,Oil and gas extraction (except oil sands)
2554,G12123,13-15-36-24-W4M Ghost Pine Comp Stn,29014,Alberta,211110,Oil and gas extraction (except oil sands)
2555,G12125,Elnora Gas Battery 15-32,22307,Alberta,211113,Conventional Oil and Gas Extraction
2556,G12127,09-14-030-27W4 Lonepine South,21028,Alberta,211113,Conventional Oil and Gas Extraction
2557,G12128,01-03-035-19W4,16125,Alberta,211110,Oil and gas extraction (except oil sands)
2558,G12129,05-19-31-22-W4M Ghost Hills Comp Stn,21422,Alberta,211113,Conventional Oil and Gas Extraction
2559,G12130,16-18-26-26-W4M Lyalta Comp Stn,16135,Alberta,211110,Oil and gas extraction (except oil sands)
2560,G12131,Stewart 07-07-032-27W4,19306,Alberta,211113,Conventional Oil and Gas Extraction
2561,G12132,04-01-042-22W4 Bashaw,21400,Alberta,211110,Oil and gas extraction (except oil sands)
2562,G12133,01-36-30-26-W4M Twining Comp Stn,24477,Alberta,211110,Oil and gas extraction (except oil sands)
2563,G12134,12-11-041-24W4 Chigwell Gas Plant,15375,Alberta,211113,Conventional Oil and Gas Extraction
2564,G12248,Wapiti 12-16 CS,29801,Alberta,211110,Oil and gas extraction (except oil sands)
2565,G10002,Aciérie - ArcelorMittal Contrecoeur,3649,Quebec,331110,Iron and Steel Mills and Ferro-Alloy Manufacturing
2566,G10305,Usine de réduction - ArcelorMittal Contrecoeur,6168,Quebec,331110,Iron and Steel Mills and Ferro-Alloy Manufacturing
2567,G10335,Lake Superior Power,10697,Ontario,221112,Fossil-Fuel Electric Power Generation
2568,G10377,Sierra Gas Plant,3935,British Columbia,211110,Oil and gas extraction (except oil sands)
2569,G10462,Essar Power Canada Ltd,11793,Ontario,221119,Other Electric Power Generation
2570,G10717,"Praxair Canada Inc.,  Varennes Carbon Dioxide Plant",8796,Quebec,325120,Industrial Gas Manufacturing
2571,G10794,Tolko Athabasca,23236,Alberta,321217,Waferboard Mills
2572,G10875,Clover Bar Landfill Gas Generating Station,21512,Alberta,221119,Other Electric Power Generation
2573,G10951,Kobes Battery (B-24-A/94-B-9),,British Columbia,211110,Oil and gas extraction (except oil sands)
2574,G10965,Sundown Sour b-067-H,24487,British Columbia,211110,Oil and gas extraction (except oil sands)
2575,G10984,SAMSON RAINBOW,17854,Alberta,211110,Oil and gas extraction (except oil sands)
2576,G10988,LRE - Dreau 14-11,22930,Alberta,211110,Oil and gas extraction (except oil sands)
2577,G10996,Mikwan Sweet Gas Plant 05-22,15198,Alberta,211110,Oil and gas extraction (except oil sands)
2578,G11023,Hoole South Sour Gas Plant 16-36,15127,Alberta,211110,Oil and gas extraction (except oil sands)
2579,G11033,General Mills - Winnipeg,23559,Manitoba,311990,All Other Food Manufacturing
2580,G11062,Usine St-Éphrem,4981,Quebec,336990,Other Transportation Equipment Manufacturing
2581,G11063,Usine Ste-Clotilde,6230,Quebec,336990,Other Transportation Equipment Manufacturing
2582,G11118,Baytex Darwin Gas Plant 16-28-094-18W5,15449,Alberta,211110,Oil and gas extraction (except oil sands)
2583,G11141,Mikwan Gas Plant 05-19-035-22W4,16983,Alberta,211110,Oil and gas extraction (except oil sands)
2584,G11149,Forget Oil Battery 09-32,23453,Saskatchewan,211110,Oil and gas extraction (except oil sands)
2585,G11188,BIGSTONE 7-29-60-23W5,,Alberta,211110,Oil and gas extraction (except oil sands)
2586,G11189,HILLSDOWN 13-04,,Alberta,211110,Oil and gas extraction (except oil sands)
2587,G11194,Wild River 11-13,,Alberta,211110,Oil and gas extraction (except oil sands)
2588,G11198,Big Bend 13-36,,Alberta,211110,Oil and gas extraction (except oil sands)
2589,G11199,Brintnell South Compressor Station 13-01,,Alberta,211110,Oil and gas extraction (except oil sands)
2590,G11201,Greencourt 09-26,15916,Alberta,211110,Oil and gas extraction (except oil sands)
2591,G11214,Hamburg 10-10,,Alberta,211110,Oil and gas extraction (except oil sands)
2592,G11218,North Bingley (Willesden Green) Facility,15316,Alberta,211110,Oil and gas extraction (except oil sands)
2593,G11223,Tilley North Gas Battery 12-18,,Alberta,211110,Oil and gas extraction (except oil sands)
2594,G11230,Laminoir fil machine - ArcelorMittal Contrecoeur,6166,Quebec,331110,Iron and Steel Mills and Ferro-Alloy Manufacturing
2595,G11246,South Caroline Compressor Station,4146,Alberta,211110,Oil and gas extraction (except oil sands)
2596,G11248,Amoco Ricinus D Lease Battery,15540,Alberta,211110,Oil and gas extraction (except oil sands)
2597,G11254,Venture Platform,8024,Nova Scotia,211110,Oil and gas extraction (except oil sands)
2598,G11259,Carson Creek 13-36,16909,Alberta,211110,Oil and gas extraction (except oil sands)
2599,G11261,Boundary Lake 01-14-85-13w6,,Alberta,211110,Oil and gas extraction (except oil sands)
2600,G11278,Cavalier Sweet Gas Plant,16511,Alberta,211110,Oil and gas extraction (except oil sands)
2601,G11289,Countess (South) Comp Stn 10-20-018-15W4,16760,Alberta,211110,Oil and gas extraction (except oil sands)
2602,G11291,Primrose Comp Stn 12-01,16700,Alberta,211110,Oil and gas extraction (except oil sands)
2603,G11295,Suffield B2 Comp Stn 14-15,16741,Alberta,211110,Oil and gas extraction (except oil sands)
2604,G11305,LRE - Puskwaskau 03-26,16304,Alberta,211110,Oil and gas extraction (except oil sands)
2605,G11314,Pcp Westerose 11-20,,Alberta,211110,Oil and gas extraction (except oil sands)
2606,G11316,Sandhills Sweet Gas Plant 07-25,21901,Alberta,211110,Oil and gas extraction (except oil sands)
2607,G11317,Scollard Gas Battery 16-30,21902,Alberta,211110,Oil and gas extraction (except oil sands)
2608,G11318,Thunder Sweet Gas Plant 09-06,23238,Alberta,211110,Oil and gas extraction (except oil sands)
2609,G11329,Wildmere #1 Gas Plant 10-19-047-04W4,17100,Alberta,211110,Oil and gas extraction (except oil sands)
2610,G11334,FBV Central 5-14,16240,Alberta,211110,Oil and gas extraction (except oil sands)
2611,G11346,Innes Oil Battery 08-25,24008,Saskatchewan,211110,Oil and gas extraction (except oil sands)
2612,G11350,Sukunka Comp Stn B-065-B,18089,British Columbia,211110,Oil and gas extraction (except oil sands)
2613,G11352,Viewfield Oil Battery 03-20,21578,Saskatchewan,211110,Oil and gas extraction (except oil sands)
2614,G11356,PROGRESS NE GUNDY A-058-H/094-B-16,26250,British Columbia,211110,Oil and gas extraction (except oil sands)
2615,G11358,Progress Town South D-059-J/094-B-16,25293,British Columbia,211110,Oil and gas extraction (except oil sands)
2616,G11359,Flat Rock Comp Stn 15-20,,British Columbia,211110,Oil and gas extraction (except oil sands)
2617,G11384,Progress Gold Creek 06-03-069-06W6,26210,Alberta,211110,Oil and gas extraction (except oil sands)
2618,G11396,Rapdan Battery 16-02,,Saskatchewan,211110,Oil and gas extraction (except oil sands)
2619,G11399,Centrale de cogénération,26642,Quebec,221119,Other Electric Power Generation
2620,G11401,Whitecap Lucky Hills 01-29-030-23 W3M,27904,Saskatchewan,211110,Oil and gas extraction (except oil sands)
2621,G11417,Cuthbert 02-02,17288,Saskatchewan,211110,Oil and gas extraction (except oil sands)
2622,G11422,HBMS Reed Mine,28028,Manitoba,212233,Copper-Zinc Ore Mining
2623,G11424,Whitemud SWB 09-15,27623,Saskatchewan,211110,Oil and gas extraction (except oil sands)
2624,G11429,Progress Caribou C-016-F/094-G-07,28712,British Columbia,211110,Oil and gas extraction (except oil sands)
2625,G11441,Pinto Oil Battery 03-07,,Saskatchewan,211110,Oil and gas extraction (except oil sands)
2626,G11442,Pinto Oil Battery 16-21,,Saskatchewan,211110,Oil and gas extraction (except oil sands)
2627,G11444,HARMON VALLEY 01-02-084-19W5,28460,Alberta,211110,Oil and gas extraction (except oil sands)
2628,G11445,SEAL 01-18-084-17W5,28493,Alberta,211110,Oil and gas extraction (except oil sands)
2629,G11447,Progress Gold Creek 5-11,28716,Alberta,211110,Oil and gas extraction (except oil sands)
2630,G11468,Wildboy Compressor Station C-051-L,23642,British Columbia,211110,Oil and gas extraction (except oil sands)
2631,G11529,ARCRES HZ INGA 14-24-86-23,,British Columbia,211110,Oil and gas extraction (except oil sands)
2632,G11547,Berrymoor Sour Gas Plant 11-31,17921,Alberta,211110,Oil and gas extraction (except oil sands)
2633,G11554,Lloyd Single Well Oil Battery 03-14-049-27W3,,Saskatchewan,211110,Oil and gas extraction (except oil sands)
2634,G11555,Celtic Single Well Oil Battery 14-06-052-23W3,,Saskatchewan,211110,Oil and gas extraction (except oil sands)
2635,G11556,Celtic Single Well Oil Battery 16-06-052-23W3,,Saskatchewan,211110,Oil and gas extraction (except oil sands)
2636,G11559,Maidstone Single Well Oil Battery A16-34 BT 16-34-050-23W3,,Saskatchewan,211110,Oil and gas extraction (except oil sands)
2637,G11562,TANGLEFLAGS Oil Battery 05-19-051-25W3,,Saskatchewan,211110,Oil and gas extraction (except oil sands)
2638,G11565,Wainwright Multiwell Oil Battery 16-09-045-06W4,,Alberta,211110,Oil and gas extraction (except oil sands)
2639,G11566,Whitemud Oil MWB 03-21,29336,Saskatchewan,211110,Oil and gas extraction (except oil sands)
2640,G11569,Torquay Oil SWB 02-16,,Saskatchewan,211110,Oil and gas extraction (except oil sands)
2641,G11570,Bromhead Oil SWB 13-36,,Saskatchewan,211110,Oil and gas extraction (except oil sands)
2642,G11572,Torquay Oil SWB 04-26,,Saskatchewan,211110,Oil and gas extraction (except oil sands)
2643,G11577,Avon Hill Oil MWB 03-16,,Saskatchewan,211110,Oil and gas extraction (except oil sands)
2644,G11578,Viewfield Oil SWB 06-18,,Saskatchewan,211110,Oil and gas extraction (except oil sands)
2645,G11579,Torquay Oil SWB 02-31,,Saskatchewan,211110,Oil and gas extraction (except oil sands)
2646,G11580,Lucky Hills Oil MWB 15-10,,Saskatchewan,211110,Oil and gas extraction (except oil sands)
2647,G11582,North Rapdan Oil MWB 06-09,28211,Saskatchewan,211110,Oil and gas extraction (except oil sands)
2648,G11583,Oungre Oil SWB 04-34,,Saskatchewan,211110,Oil and gas extraction (except oil sands)
2649,G11584,Torquay Oil SWB 01-31,,Saskatchewan,211110,Oil and gas extraction (except oil sands)
2650,G11586,Viewfield Oil SWB 01-14,,Saskatchewan,211110,Oil and gas extraction (except oil sands)
2651,G11587,Oungre Oil MWB 14-27,,Saskatchewan,211110,Oil and gas extraction (except oil sands)
2652,G11588,Oungre Oil SWB 03-12,,Saskatchewan,211110,Oil and gas extraction (except oil sands)
2653,G11589,Viewfield Oil SWB 03-18,,Saskatchewan,211110,Oil and gas extraction (except oil sands)
2654,G11591,Oungre Oil SWB 04-02,,Saskatchewan,211110,Oil and gas extraction (except oil sands)
2655,G11592,Sinclair C02 03-04-008-29 W1M,,Manitoba,211110,Oil and gas extraction (except oil sands)
2656,G11595,Sunrise 09-10,,British Columbia,211110,Oil and gas extraction (except oil sands)
2657,G11600,PRAXAIR CANADA INC. CHATHAM CARBON DIOXIDE PLANT,29827,Ontario,325120,Industrial Gas Manufacturing
2658,G11606,101/01-21-028-24W3/0 (4B1-20) SWB,,Saskatchewan,211110,Oil and gas extraction (except oil sands)
2659,G11607,101/01-29-033-23W3/0 (3A1-29) SWB,,Saskatchewan,211110,Oil and gas extraction (except oil sands)
2660,G11608,101/03-03-030-25W3/0 (3D3-4) SWB,,Saskatchewan,211110,Oil and gas extraction (except oil sands)
2661,G11609,101/04-26-032-24W3/0 (8B1-26) SWB,,Saskatchewan,211110,Oil and gas extraction (except oil sands)
2662,G11610,101/06-26-032-24W3/0 (4B8-26) SWB,,Saskatchewan,211110,Oil and gas extraction (except oil sands)
2663,G11611,101/09-28-032-24W3/0 (8B12-28) SWB,,Saskatchewan,211110,Oil and gas extraction (except oil sands)
2664,G11612,101/12-05-030-24W3/0 (2D12-4) SWB,,Saskatchewan,211110,Oil and gas extraction (except oil sands)
2665,G11613,101/12-28-029-25W3/0 (4C12-27) SWB,,Saskatchewan,211110,Oil and gas extraction (except oil sands)
2666,G11614,101/13-05-030-25W3/0 (3A4-5) SWB,,Saskatchewan,211110,Oil and gas extraction (except oil sands)
2667,G11617,105/03-24-033-24W3/0 (7A2-23) SWB,,Saskatchewan,211110,Oil and gas extraction (except oil sands)
2668,G11618,192/14-27-032-24W3/0 (2D3-27) SWB,,Saskatchewan,211110,Oil and gas extraction (except oil sands)
2669,G11621,Tangleflags 01-16-051-24W3,,Saskatchewan,211110,Oil and gas extraction (except oil sands)
2670,G11622,CELTIC 15-30-051-22W3,,Saskatchewan,211110,Oil and gas extraction (except oil sands)
2671,G11625,HOME QUARTER 1-5-30-25W3 GGS,,Saskatchewan,211110,Oil and gas extraction (except oil sands)
2672,G11627,WHITESIDE 15-32-29-25W3,,Saskatchewan,211110,Oil and gas extraction (except oil sands)
2673,G11628,COMPASS 16-16,29363,Saskatchewan,211110,Oil and gas extraction (except oil sands)
2674,G11629,101/01-21-033-23W3/0 (3A6-21) SWB,,Saskatchewan,211110,Oil and gas extraction (except oil sands)
2675,G11659,Hatton Senate Compressor Station 01-04,,Saskatchewan,211110,Oil and gas extraction (except oil sands)
2676,G11660,Bilbo Compressor Station 06-08-065-09W6,,Alberta,211110,Oil and gas extraction (except oil sands)
2677,G11663,North Hotchkiss Sour Gas Plant 02-35-094-02W6,,Alberta,211110,Oil and gas extraction (except oil sands)
2678,G11668,Hatton Senate Compressor Station 16-15-016-28W3,,Saskatchewan,211110,Oil and gas extraction (except oil sands)
2679,G11670,Wilde Hills Compressor Station 04-09,,Saskatchewan,211110,Oil and gas extraction (except oil sands)
2680,G11671,Princess Gas Battery 01-14,,Alberta,211110,Oil and gas extraction (except oil sands)
2681,G11685,Hanlan 6-21 Dehy,,Alberta,211110,Oil and gas extraction (except oil sands)
2682,G11686,TALISMAN LOVETT RIVER 2-20,19076,Alberta,211110,Oil and gas extraction (except oil sands)
2683,G11703,Chain Gas Plant 06-11,,Alberta,211110,Oil and gas extraction (except oil sands)
2684,G11753,St. Joseph's Healthcare Hamilton,,Ontario,622111,General (except Paediatric) Hospitals
2685,G11758,TEINE Denzil GP 9-33,32521,Saskatchewan,211110,Oil and gas extraction (except oil sands)
2686,G11762,TEINE Dodsland BTY 12-3,32522,Saskatchewan,211110,Oil and gas extraction (except oil sands)
2687,G11764,TEINE Dodsland PRP 2-8,29574,Saskatchewan,211110,Oil and gas extraction (except oil sands)
2688,G11805,RRX Beadle 13-19,29579,Saskatchewan,211110,Oil and gas extraction (except oil sands)
2689,G11806,RRX Gleneath 12-11,16848,Saskatchewan,211110,Oil and gas extraction (except oil sands)
2690,G11817,Countess (Scandia) Sweet Gas Plant 04-12-018-17W4,,Alberta,211110,Oil and gas extraction (except oil sands)
2691,G11861,Irricana Compressor Station 10-22,21426,Alberta,211113,Conventional Oil and Gas Extraction
2692,G11862,Torrington Comp Stn 08-31,18836,Alberta,211110,Oil and gas extraction (except oil sands)
2693,G10190,Mississauga Cogeneration Plant,4873,Ontario,221112,Fossil-Fuel Electric Power Generation
2694,G10218,Pavilion Plant,6827,British Columbia,327410,Lime Manufacturing
2695,G10301,Usine de fluorure,,Quebec,331313,Primary Production of Alumina and Aluminum
2696,G10387,Lakehead Scrap Metal,3769,Ontario,339990,All Other Miscellaneous Manufacturing
2697,G10541,Mine Bachelor,8769,Quebec,212220,Gold and Silver Ore Mining
2698,G10542,Mine Barry,8800,Quebec,212220,Gold and Silver Ore Mining
2699,G10741,Ramshorn Canada LFO,,British Columbia,211113,Conventional Oil and Gas Extraction
2700,G10851,Fairydell Battery 03-21-057-24W4,21249,Alberta,211113,Conventional Oil and Gas Extraction
2701,G10852,Youngstown Gas Plant 11-29-030-09W4,21252,Alberta,211113,Conventional Oil and Gas Extraction
2702,G10853,Markerville Compressor Station 11-21-036-02W5,27702,Alberta,211113,Conventional Oil and Gas Extraction
2703,G10855,Wayne Rosedale 10-3-27-20W4,29522,Alberta,211113,Conventional Oil and Gas Extraction
2704,G10856,Kidney 8-24-90-6W5,29521,Alberta,211113,Conventional Oil and Gas Extraction
2705,G10898,Shelburne Basin Venture,,Nova Scotia,213111,Oil and Gas Contract Drilling
2706,G10615,Caribou Sour Gas Plant c-004-G,20061,British Columbia,211113,Conventional Oil and Gas Extraction
2707,G10700,Valley Power LP,25131,Alberta,221119,Other Electric Power Generation
2708,G10723,STP McKay Thermal Project,26148,Alberta,211114,Non-Conventional Oil Extraction
2709,G10754,mine langlois,4922,Quebec,212233,Copper-Zinc Ore Mining
2710,G10820,New Brunswick Division,1996,New Brunswick,212396,Potash Mining
2711,G10090,Usine Laurentide,2587,Quebec,322121,Paper (except Newsprint) Mills
2712,G10116,Fort Frances Division,917,Ontario,322121,Paper (except Newsprint) Mills
2713,G10153,Usine de Joliette,6185,Quebec,327410,Lime Manufacturing
2714,G10197,Shell Albian Sands Muskeg River Mine,6647,Alberta,211114,Non-Conventional Oil Extraction
2715,G10266,Shell Burnt Timber Gas Plant,2781,Alberta,211113,Conventional Oil and Gas Extraction
2716,G10287,Thunder Bay Generating Station,3048,Ontario,221112,Fossil-Fuel Electric Power Generation
2717,G10308,Usine Shawinigan,3057,Quebec,331313,Primary Production of Alumina and Aluminum
2718,G10314,Windfall 8-17 GP,4138,Alberta,211113,Conventional Oil and Gas Extraction
2719,G10374,Neucel Specialty Cellulose (SFO),2377,British Columbia,322112,Chemical Pulp Mills
2720,G10378,FortisBC Energy Vancouver Island,,British Columbia,221210,Natural Gas Distribution
2721,G10391,Mazeppa Sour Gas Plant,653,Alberta,211113,Conventional Oil and Gas Extraction
2722,G10425,Ingredion Canada Incorporated  - Port Colborne Plant,2695,Ontario,311221,Wet Corn Milling
2723,G10654,Shell Albian Sands Jackpine Mine,6647,Alberta,211114,Non-Conventional Oil Extraction
2724,G10743,BRINTNELL 9-2-81-23w4,5395,Alberta,211113,Conventional Oil and Gas Extraction
2725,G10764,Fortune Creek LFO,25461,British Columbia,211113,Conventional Oil and Gas Extraction
2726,G10775,Elk Point South Battery,,Alberta,211113,Conventional Oil and Gas Extraction
2727,G10781,Germain SAGD Plant,27953,Alberta,211114,Non-Conventional Oil Extraction
2728,G10084,Dartmouth Refinery,3698,Nova Scotia,324110,Petroleum Refineries
2729,G10175,Lambton Generating Station,1809,Ontario,221112,Fossil-Fuel Electric Power Generation
2730,G10189,Mines Wabush - Sept-Iles,5459,Quebec,212210,Iron Ore Mining
2731,G10198,Nanticoke Generating Station,1861,Ontario,221112,Fossil-Fuel Electric Power Generation
2732,G10395,Burlington Automotive Catalyst Manufacturing Plant,4438,Ontario,325999,All Other Miscellaneous Chemical Product Manufacturing
2733,G10397,Wheat City Metals,3772,Saskatchewan,339990,All Other Miscellaneous Manufacturing
2734,G10532,Plasco Trail Road,11712,Ontario,221119,Other Electric Power Generation
2735,G10628,PRODUITS AMERICAN BILTRITE LTEE. - SHERBROOKE,1083,Quebec,326290,Other Rubber Product Manufacturing
2736,G10655,Brunswick Mine,54,New Brunswick,212231,Lead-Zinc Ore Mining
2737,G10748,Wainwright B Battery,,Alberta,211113,Conventional Oil and Gas Extraction
2738,G10752,James Mine and Silveryards,25157,Newfoundland and Labrador,212210,Iron Ore Mining
2739,G10755,Port Hawkesbury Paper,2221,Nova Scotia,322122,Newsprint Mills
2740,G10062,Centrale de cogénération de Kingsey Falls,8726,Quebec,221112,Fossil-Fuel Electric Power Generation
2741,G10083,Dalhousie Generating Station,1712,New Brunswick,221112,Fossil-Fuel Electric Power Generation
2742,G10156,Judy Creek Production Complex,4566,Alberta,211113,Conventional Oil and Gas Extraction
2743,G10331,Maitland,3807,Ontario,325313,Chemical Fertilizer (except Potash) Manufacturing
2744,G10629,Division Panneaux OSB,4386,Quebec,321217,Waferboard Mills
2745,G10708,PELICAN 12-09,18514,Alberta,211113,Conventional Oil and Gas Extraction
2746,G10731,B-55 Well Pad,,British Columbia,211113,Conventional Oil and Gas Extraction
2747,G10732,B70 Well Pad,,British Columbia,211113,Conventional Oil and Gas Extraction
2748,G10733,D-68 Sales PL,,British Columbia,211113,Conventional Oil and Gas Extraction
2749,G10734,PW Inj. Facility,,British Columbia,211113,Conventional Oil and Gas Extraction
2750,G10766,St-Mathieu de Beloeil,4933,Quebec,326150,Urethane and Other Foam Product (except Polystyrene) Manufacturing
2751,G10017,Balzac Gas Plant,1902,Alberta,211113,Conventional Oil and Gas Extraction
2752,G10019,Formulation Plant,1408,Saskatchewan,325320,Pesticide and Other Agricultural Chemical Manufacturing
2753,G10194,Raffinerie de Montréal-Est,3127,Quebec,324110,Petroleum Refineries
2754,G10242,Rainbow Lake Generating Station (Units 1-3),6613,Alberta,221112,Fossil-Fuel Electric Power Generation
2755,G10362,Electrolux Canada Corporation,8566,Quebec,335223,Major Kitchen Appliance Manufacturing
2756,G10422,Bruce Power,7041,Ontario,221113,Nuclear Electric Power Generation
2757,G10448,Coleman Gas Plant,5211,Alberta,211113,Conventional Oil and Gas Extraction
2758,G10463,Lone Pine Creek Gas Plant,3939,Alberta,211113,Conventional Oil and Gas Extraction
2759,G10494,Natural Gas Transmission,,Nova Scotia,486210,Pipeline Transportation of Natural Gas
2760,G10498,Minas Basin Pulp and Power Company Limited,6045,Nova Scotia,322130,Paperboard Mills
2761,G10603,Collingwood Ethanol,3588,Ontario,325190,Other Basic Organic Chemical Manufacturing
2762,G10630,PRODUITS TECHNI-SEAL - CANDIAC,8644,Quebec,325999,All Other Miscellaneous Chemical Product Manufacturing
2763,G10682,North Vancouver Office,,British Columbia,212220,Gold and Silver Ore Mining
2764,G10695,QUINSAM COAL CORP,,British Columbia,212114,Bituminous Coal Mining
2765,G10701,Centrale de Dolbeau,6426,Quebec,221119,Other Electric Power Generation
2766,G10129,Grand Lake Generating Station,1708,New Brunswick,221112,Fossil-Fuel Electric Power Generation
2767,G10270,Silicium Bécancour inc.,5582,Quebec,331110,Iron and Steel Mills and Ferro-Alloy Manufacturing
2768,G10311,Wabamun Thermal Electric Power Generating Plant,2282,Alberta,221112,Fossil-Fuel Electric Power Generation
2769,G10336,Metal Systems of Canada,5740,Ontario,336370,Motor Vehicle Metal Stamping
2770,G10449,Devon Elmworth Gas Gathering System,21976,Alberta,211113,Conventional Oil and Gas Extraction
2771,G10483,Chinchaga Gas Plant,5222,Alberta,211113,Conventional Oil and Gas Extraction
2772,G10637,Usine de Matane,5406,Quebec,322130,Paperboard Mills
2773,G10642,Usine Senneterre,6204,Quebec,321111,Sawmills (except Shingle and Shake Mills)
2774,G10063,Centrale de Tracy,1443,Quebec,221112,Fossil-Fuel Electric Power Generation
2775,G10102,Elk Falls Division,333,British Columbia,322122,Newsprint Mills
2776,G10110,Eurocan Pulp and Paper Mill,3171,British Columbia,322121,Paper (except Newsprint) Mills
2777,G10216,Paper Recycling Division,7743,British Columbia,322111,Mechanical Pulp Mills
2778,G10286,Thorold Division,775,Ontario,322122,Newsprint Mills
2779,G10418,Kapuskasing Phosphate Operations,5684,Ontario,212398,All Other Non-Metallic Mineral Mining and Quarrying
2780,G10450,Horse-Leland Gas Plant,16384,Alberta,211113,Conventional Oil and Gas Extraction
2781,G10473,Hanson Brick - Aldershot,637,Ontario,327990,All Other Non-Metallic Mineral Product Manufacturing
2782,G10474,Hanson Brick - Burlington,635,Ontario,327990,All Other Non-Metallic Mineral Product Manufacturing
2783,G10502,Aklavik Plant,6801,Northwest Territories,221112,Fossil-Fuel Electric Power Generation
2784,G10503,Colville Lake Plant,6802,Northwest Territories,221112,Fossil-Fuel Electric Power Generation
2785,G10504,Deline Plant,6803,Northwest Territories,221112,Fossil-Fuel Electric Power Generation
2786,G10505,Fort Good Hope Plant,6804,Northwest Territories,221112,Fossil-Fuel Electric Power Generation
2787,G10506,Fort Liard Plant,6805,Northwest Territories,221112,Fossil-Fuel Electric Power Generation
2788,G10507,Fort McPherson Plant,6806,Northwest Territories,221112,Fossil-Fuel Electric Power Generation
2789,G10508,Fort Resolution Plant,6841,Northwest Territories,221112,Fossil-Fuel Electric Power Generation
2790,G10509,Fort Simpson Plant,6807,Northwest Territories,221112,Fossil-Fuel Electric Power Generation
2791,G10511,Frank's Channel,29058,Northwest Territories,221112,Fossil-Fuel Electric Power Generation
2792,G10512,Holman Plant,6809,Northwest Territories,221112,Fossil-Fuel Electric Power Generation
2793,G10515,Jean Marie River Plant,6811,Northwest Territories,221112,Fossil-Fuel Electric Power Generation
2794,G10516,Lutsel K'e Plant,6812,Northwest Territories,221112,Fossil-Fuel Electric Power Generation
2795,G10517,Nahanni Butte Plant,6813,Northwest Territories,221112,Fossil-Fuel Electric Power Generation
2796,G10518,Norman Wells Plant,19959,Northwest Territories,221112,Fossil-Fuel Electric Power Generation
2797,G10519,Paulatuk Plant,6814,Northwest Territories,221112,Fossil-Fuel Electric Power Generation
2798,G10520,Rae Lakes Plant,6815,Northwest Territories,221112,Fossil-Fuel Electric Power Generation
2799,G10521,Sachs Harbour Plant,6816,Northwest Territories,221112,Fossil-Fuel Electric Power Generation
2800,G10522,Tsiigehtchic Plant,6817,Northwest Territories,221112,Fossil-Fuel Electric Power Generation
2801,G10523,Tuktoyaktuk Plant,6818,Northwest Territories,221112,Fossil-Fuel Electric Power Generation
2802,G10524,Tulita Plant,6819,Northwest Territories,221112,Fossil-Fuel Electric Power Generation
2803,G10525,Wha Ti Plant,6820,Northwest Territories,221112,Fossil-Fuel Electric Power Generation
2804,G10526,Wrigley Plant,6821,Northwest Territories,221112,Fossil-Fuel Electric Power Generation
2805,G10530,Wimborne Gas Plant,22470,Alberta,211113,Conventional Oil and Gas Extraction
2806,G10543,Richmond Plywood Corporation Limited,5143,British Columbia,321212,Softwood Veneer and Plywood Mills
2807,G10547,Société de Cogénération de St-Félicien,8603,Quebec,221119,Other Electric Power Generation
2808,G10574,Blue Ridge Lumber Inc,5358,Alberta,321111,Sawmills (except Shingle and Shake Mills)
2809,G10023,Bonnie Glen Gas Plant,424,Alberta,211113,Conventional Oil and Gas Extraction
2810,G10056,Carstairs - Crossfield Gas Plant,1411,Alberta,211113,Conventional Oil and Gas Extraction
2811,G10123,Foster Creek Cogeneration Facility,6627,Alberta,221112,Fossil-Fuel Electric Power Generation
2812,G10124,Foster Creek SAGD Bitumen Battery,6627,Alberta,211114,Non-Conventional Oil Extraction
2813,G10172,Lafarge Canada Inc. - Woodstock Plant,5798,Ontario,327310,Cement Manufacturing
2814,G10201,Natural Gas Transmission System,,Ontario,486210,Pipeline Transportation of Natural Gas
2815,G10222,Pétromont - Usine de Varennes,3634,Quebec,325110,Petrochemical Manufacturing
2816,G10325,"Works 84, Owen Sound Flat Glass Plant",4861,Ontario,327214,Glass Manufacturing
2817,G10405,Grande Praire Combined Heat and Power Plant,19958,Alberta,221119,Other Electric Power Generation
2818,G10005,AGC Flat glass North America ltée,6229,Quebec,327214,Glass Manufacturing
2819,G10034,Brooklyn Energy Centre,5014,Nova Scotia,221119,Other Electric Power Generation
2820,G10087,Division Belgo,2752,Quebec,322122,Newsprint Mills
2821,G10205,Norsk Hydro Canada Inc,747,Quebec,331410,Non-Ferrous Metal (except Aluminum) Smelting and Refining
2822,G10214,Oshawa Truck Assembly Centre,3870,Ontario,336110,Automobile and Light-Duty Motor Vehicle Manufacturing
2823,G10288,"Timminco Metals, Haley Plant",4419,Ontario,331410,Non-Ferrous Metal (except Aluminum) Smelting and Refining
2824,G10294,UPM Kymmene Miramichi Inc.,1617,New Brunswick,322121,Paper (except Newsprint) Mills
2825,G10345,Sturgeon Generating Station,10283,Alberta,221112,Fossil-Fuel Electric Power Generation
2826,G10081,Courtenay Bay Generating Station #2,8003,New Brunswick,221330,Steam and Air-Conditioning Supply
2827,G10233,Prince Albert Pulp and Paper,3610,Saskatchewan,322112,Chemical Pulp Mills
2828,G10245,Norampac Red Rock,3013,Ontario,322121,Paper (except Newsprint) Mills
2829,G10333,Hamilton Specialty Bar Corporation,2161,Ontario,331110,Iron and Steel Mills and Ferro-Alloy Manufacturing
2830,G10347,Tooga Plant,16483,British Columbia,211113,Conventional Oil and Gas Extraction
2831,G10363,ESCO Limited,315,Ontario,331514,Steel Foundries
2832,G10367,Health Sciences Centre,5356,Manitoba,622111,General (except Paediatric) Hospitals
2833,G10372,PCI Chemicals Canada Co. Dalhousie Works,1449,New Brunswick,325181,Alkali and Chlorine Manufacturing
2834,G10092,Domtar Inc - Usine d'Ottawa/Hull,1980,Ontario,322121,Paper (except Newsprint) Mills
2835,G10166,Kitimat Ammonia Plants,5104,British Columbia,325313,Chemical Fertilizer (except Potash) Manufacturing
2836,G10167,Kitimat Methanol Plant,872,British Columbia,325190,Other Basic Organic Chemical Manufacturing
2837,G10174,Lakeview Generating Station,2844,Ontario,221112,Fossil-Fuel Electric Power Generation
2838,G10212,Oakville Refinery,3901,Ontario,324110,Petroleum Refineries
2839,G10303,Usine de New Richmond,3292,Quebec,322130,Paperboard Mills
2840,G10340,Plant 22,6163,Ontario,336410,Aerospace Product and Parts Manufacturing
2841,G10094,Domtar Papers Cornwall,1197,Ontario,322112,Chemical Pulp Mills
2842,G10282,Tecumseh Gas Storage,10097,Ontario,221210,Natural Gas Distribution
2843,G10317,Western Pulp Limited,2872,British Columbia,322112,Chemical Pulp Mills
