year,source_category,quantity_co2e_tonnes,facility_id
2024,Stationary Fuel Combustion,33771.671,1183
2024,On-site Transportation,1240.479,1183
2023,Fugitives (Flaring),7619.6069,160
2023,Fugitives (Leakage),112.5796,160
2023,Stationary Fuel Combustion,84716.9549,160
2023,Industrial Process,326.43,160
2024,Fugitives (Flaring),700.62,1555
2024,Stationary Fuel Combustion,8716.889135,1555
2022,Stationary Fuel Combustion,39074.545,1
2022,On-site Transportation,287.754,1
2022,Waste,16654.68,1
2024,Stationary Fuel Combustion,10142.208,1432
2024,On-site Transportation,130.4665,1432
2024,Stationary Fuel Combustion,17430.6266,1116
2024,On-site Transportation,179.72739,1116
2024,Stationary Fuel Combustion,4794.451536,1595
2024,On-site Transportation,111.23326,1595
2022,CO2 from Biomass Combustion,0.0,757
2022,Stationary Fuel Combustion,33103.47,757
2022,Industrial Process,84.06451,757
2022,On-site Transportation,4527.01605,757
2022,Wastewater,7238.17956,757
2023,CO2 from Biomass Combustion,0.0,757
2023,Stationary Fuel Combustion,29616.75,757
2023,Industrial Process,4515.75025,757
2023,On-site Transportation,4188.01573,757
2023,Wastewater,7298.230425,757
2024,CO2 from Biomass Combustion,0.0,757
2024,Stationary Fuel Combustion,26988.89,757
2024,Industrial Process,3608.58828,757
2024,On-site Transportation,3806.99292,757
2024,Wastewater,7318.0,757
2024,Stationary Fuel Combustion,75028.98528,381
2024,On-site Transportation,191.3808,381
2024,CO2 from Biomass Combustion,0.0,1250
2024,Stationary Fuel Combustion,383.889,1250
2024,On-site Transportation,26.199962,1250
2023,Stationary Fuel Combustion,4305.441,537
2023,Industrial Process,204024.776,537
2023,On-site Transportation,13.743,537
2023,Stationary Fuel Combustion,4570.154,536
2023,Industrial Process,234141.673,536
2023,On-site Transportation,15.859,536
2022,Stationary Fuel Combustion,5782.477,537
2022,Industrial Process,156205.982,537
2022,On-site Transportation,24.834,537
2022,Stationary Fuel Combustion,4942.621,536
2022,Industrial Process,135989.9,536
2022,On-site Transportation,14.575,536
2024,Stationary Fuel Combustion,19011.721,775
2024,On-site Transportation,201.485,775
2024,Stationary Fuel Combustion,14826.24755,1690
2024,On-site Transportation,2530.48868,1690
2024,CO2 from Biomass Combustion,0.0,224
2024,Stationary Fuel Combustion,297224.0567,224
2024,Industrial Process,71294.23,224
2024,On-site Transportation,2573.1355,224
2023,CO2 from Biomass Combustion,0.0,224
2023,Fugitives (Leakage),1454.8856,224
2023,Stationary Fuel Combustion,295108.5896,224
2023,Industrial Process,73809.7326,224
2023,On-site Transportation,2486.23632,224
2022,CO2 from Biomass Combustion,0.0,224
2022,Fugitives (Leakage),1249.08,224
2022,Stationary Fuel Combustion,256609.9445,224
2022,Industrial Process,74994.48,224
2022,On-site Transportation,2494.955,224
2022,Stationary Fuel Combustion,378618.547,1126
2022,Industrial Process,1726.4,1126
2022,On-site Transportation,470.8556,1126
2024,Stationary Fuel Combustion,352079.7502,1126
2024,Industrial Process,72.58602,1126
2024,On-site Transportation,538.977465,1126
2023,Stationary Fuel Combustion,405907.3813,1126
2023,Industrial Process,71.5,1126
2023,On-site Transportation,672.861185,1126
2024,Stationary Fuel Combustion,11155.085,800
2022,Stationary Fuel Combustion,2542.1581,581
2022,Industrial Process,50530.496,581
2024,Stationary Fuel Combustion,10899.1328,799
2024,On-site Transportation,16.135,799
2024,Stationary Fuel Combustion,27617.16587,813
2024,Industrial Process,757.133,813
2024,CO2 from Biomass Combustion,0.0,935
2024,Stationary Fuel Combustion,11362.298,935
2024,On-site Transportation,11258.792,935
2024,Stationary Fuel Combustion,122955.108,352
2024,CO2 from Biomass Combustion,0.0,746
2024,Stationary Fuel Combustion,9224.68913,746
2024,Industrial Process,1019.55384,746
2024,On-site Transportation,781.23153,746
2024,CO2 from Biomass Combustion,0.0,212
2024,Stationary Fuel Combustion,330667.678,212
2024,Industrial Process,591422.5518,212
2024,On-site Transportation,4790.6053,212
2024,Stationary Fuel Combustion,54680.124,485
2024,On-site Transportation,56.3902,485
2023,Fugitives (Leakage),462.28684,1059
2023,Stationary Fuel Combustion,5892.91399,1059
2023,Fugitives (Venting),12018.54996,1059
2023,Fugitives (Leakage),104.80107,1060
2023,Stationary Fuel Combustion,361.09657,1060
2023,Fugitives (Venting),2264.25386,1060
2024,CO2 from Biomass Combustion,0.0,223
2024,Stationary Fuel Combustion,1958.63,223
2024,On-site Transportation,389.715,223
2022,CO2 from Biomass Combustion,0.0,175
2022,Stationary Fuel Combustion,51733.4437,175
2022,On-site Transportation,1424.7122,175
2022,Wastewater,809.628,175
2024,Stationary Fuel Combustion,421779.7282,444
2024,Stationary Fuel Combustion,25768.90466,132
2024,Fugitives (Flaring),1759.0,788
2024,Stationary Fuel Combustion,10642.77,788
2022,Fugitives (Flaring),7267.40727,1669
2022,Stationary Fuel Combustion,32814.3353,1669
2022,Industrial Process,3091.2306,1669
2022,On-site Transportation,38.0388,1669
2022,Wastewater,512.2824,1669
2024,Fugitives (Flaring),6527.83763,1669
2024,Stationary Fuel Combustion,33516.1204,1669
2024,Industrial Process,804.231672,1669
2024,On-site Transportation,36.2368,1669
2024,Wastewater,2090.2336,1669
2024,CO2 from Biomass Combustion,0.0,243
2024,Stationary Fuel Combustion,86544.04055,243
2024,On-site Transportation,1492.2939,243
2024,Waste,22437.52,243
2024,Fugitives (Leakage),3167.59736,1748
2024,Stationary Fuel Combustion,14518.47941,1748
2024,Fugitives (Venting),5650.65417,1748
2024,Stationary Fuel Combustion,44734.678,627
2024,Industrial Process,4694.28,627
2024,On-site Transportation,726.0961,627
2024,CO2 from Biomass Combustion,0.0,407
2024,Stationary Fuel Combustion,417.98919,407
2024,Waste,64579.512,407
2024,Wastewater,12965.96,407
2024,Stationary Fuel Combustion,59384.25782,413
2024,Industrial Process,544.144847,413
2024,On-site Transportation,198.9532,413
2024,Stationary Fuel Combustion,21294.046,440
2024,Industrial Process,15770.0,440
2024,On-site Transportation,290.452145,440
2023,CO2 from Biomass Combustion,0.0,335
2023,Stationary Fuel Combustion,124502.9062,335
2023,On-site Transportation,2345.721,335
2024,Fugitives (Flaring),2527.45415,160
2024,Fugitives (Leakage),89.4488,160
2024,Stationary Fuel Combustion,37051.7781,160
2024,Stationary Fuel Combustion,12304.864,1127
2024,Industrial Process,1199.02,1127
2024,On-site Transportation,245.88172,1127
2024,Stationary Fuel Combustion,742.936,516
2024,On-site Transportation,2775.035,516
2024,Waste,64759.24,516
2024,Stationary Fuel Combustion,38083.867,801
2023,Stationary Fuel Combustion,1349.9566,1735
2023,On-site Transportation,58.76932,1735
2023,Wastewater,1967.476,1735
2024,Fugitives (Leakage),1.27,1735
2024,Stationary Fuel Combustion,1269.4885,1735
2024,Industrial Process,1424.4091,1735
2024,On-site Transportation,45.43005,1735
2024,Wastewater,1446.76,1735
2024,CO2 from Biomass Combustion,0.0,175
2024,Stationary Fuel Combustion,55206.5512,175
2024,On-site Transportation,1190.7867,175
2024,Wastewater,722.0985,175
2024,Stationary Fuel Combustion,14669.25,585
2023,CO2 from Biomass Combustion,0.0,257
2023,Stationary Fuel Combustion,58.044,257
2023,On-site Transportation,2658.55565,257
2023,Waste,119928.314,257
2023,Stationary Fuel Combustion,14646.04,585
2024,Fugitives (Flaring),437.99595,9
2024,Stationary Fuel Combustion,947202.0761,9
2024,Industrial Process,3254970.996,9
2024,On-site Transportation,24120.25,9
2024,Stationary Fuel Combustion,21865.9292,1204
2024,On-site Transportation,9.2801,1204
2024,Fugitives (Flaring),8639.77,1181
2024,Fugitives (Leakage),47.2864,1181
2024,Stationary Fuel Combustion,1149.279,1181
2024,On-site Transportation,359.399,1181
2024,Wastewater,207.18511,1181
2022,Stationary Fuel Combustion,1799.94002,1756
2022,On-site Transportation,1.37612,1756
2024,Stationary Fuel Combustion,50788.46435,905
2024,On-site Transportation,710.533021,905
2024,Stationary Fuel Combustion,9514.612,867
2024,On-site Transportation,9.39015,867
2023,CO2 from Biomass Combustion,0.0,360
2023,Stationary Fuel Combustion,14700.989,360
2023,On-site Transportation,352.2896,360
2024,CO2 from Biomass Combustion,0.0,360
2024,Stationary Fuel Combustion,15287.6355,360
2024,On-site Transportation,305.9006,360
2024,Stationary Fuel Combustion,11992.9919,933
2024,Industrial Process,5561.9623,933
2024,On-site Transportation,439.4371,933
2024,CO2 from Biomass Combustion,0.0,1357
2024,Fugitives (Flaring),59.92,1357
2024,Stationary Fuel Combustion,5.45,1357
2024,On-site Transportation,207.698,1357
2024,Waste,112140.0,1357
2024,CO2 from Biomass Combustion,0.0,455
2024,Stationary Fuel Combustion,55235.5311,455
2024,Industrial Process,839.8151,455
2024,On-site Transportation,2159.2719,455
2024,Waste,2107.9846,455
2024,Fugitives (Flaring),8489.9453,149
2024,Fugitives (Leakage),324.366,149
2024,Stationary Fuel Combustion,390141.4039,149
2024,Industrial Process,38972.7844,149
2024,On-site Transportation,113.8741,149
2024,Fugitives (Venting),41.207366,149
2024,Wastewater,396.3277,149
2023,Stationary Fuel Combustion,492.708,1323
2023,On-site Transportation,835.069,1323
2023,Waste,54642.923,1323
2024,Stationary Fuel Combustion,316.19645,1323
2024,On-site Transportation,925.7341,1323
2024,Waste,57962.684,1323
2024,CO2 from Biomass Combustion,0.0,234
2024,Stationary Fuel Combustion,218240.438,234
2024,On-site Transportation,2693.109,234
2024,Wastewater,858.6,234
2023,Waste,70644.0,218
2023,CO2 from Biomass Combustion,0.0,21
2023,Waste,261452.996,21
2024,CO2 from Biomass Combustion,0.0,21
2024,Waste,279720.0,21
2024,CO2 from Biomass Combustion,0.0,826
2024,Stationary Fuel Combustion,8497.27,826
2024,On-site Transportation,894.291,826
2024,Waste,1074.36,826
2024,CO2 from Biomass Combustion,0.0,213
2024,Fugitives (Leakage),26.3312,213
2024,Stationary Fuel Combustion,163656.665,213
2024,Industrial Process,321878.3638,213
2024,On-site Transportation,2244.9018,213
2024,On-site Transportation,211.7978,1068
2024,Waste,27116.5272,1068
2024,Stationary Fuel Combustion,24953.524,667
2024,CO2 from Biomass Combustion,0.0,167
2024,Stationary Fuel Combustion,166242.33,167
2024,Industrial Process,4733.0344,167
2024,Wastewater,3121.7844,167
2024,Fugitives (Flaring),13719.213,371
2024,Fugitives (Leakage),0.2324,371
2024,Stationary Fuel Combustion,37507.8689,371
2024,On-site Transportation,461.3444,371
2024,Fugitives (Venting),4.7937,371
2024,Fugitives (Flaring),89059.0657,159
2024,Fugitives (Leakage),266.448,159
2024,Stationary Fuel Combustion,852334.4321,159
2024,Industrial Process,353.3002,159
2024,On-site Transportation,983.3206,159
2024,Fugitives (Venting),17.1948,159
2024,Wastewater,2261.666,159
2024,Fugitives (Flaring),3523.9656,161
2024,Fugitives (Leakage),7.4872,161
2024,Stationary Fuel Combustion,62828.5277,161
2024,On-site Transportation,183.1227,161
2023,Fugitives (Flaring),168569.6341,1038
2023,Fugitives (Leakage),78.344,1038
2023,Stationary Fuel Combustion,452473.7566,1038
2023,On-site Transportation,200.4528,1038
2023,Fugitives (Venting),36266.7668,1038
2023,Wastewater,9.07564,1038
2022,Fugitives (Flaring),218086.5995,1038
2022,Fugitives (Leakage),2.632952,1038
2022,Stationary Fuel Combustion,442401.3326,1038
2022,On-site Transportation,473.1848,1038
2022,Fugitives (Venting),35410.26332,1038
2022,Wastewater,7.632072,1038
2024,Fugitives (Leakage),7.3,728
2024,Stationary Fuel Combustion,32083.2834,728
2024,Stationary Fuel Combustion,29009.27477,1143
2024,Fugitives (Flaring),1674.5313,322
2024,Fugitives (Leakage),101.472,322
2024,Stationary Fuel Combustion,31857.78513,322
2024,Fugitives (Venting),9320.0013,322
2024,Stationary Fuel Combustion,6245.916275,228
2022,Stationary Fuel Combustion,19633.4164,710
2022,On-site Transportation,171.85,710
2023,Stationary Fuel Combustion,22475.92,646
2023,Industrial Process,10561.088,646
2023,On-site Transportation,393.8206,646
2023,Stationary Fuel Combustion,12263.98323,645
2023,Industrial Process,6645.0,645
2023,On-site Transportation,615.26667,645
2023,Stationary Fuel Combustion,64919.445,410
2023,On-site Transportation,1003.4723,410
2023,Wastewater,1311.485,410
2024,CO2 from Biomass Combustion,0.0,204
2024,Stationary Fuel Combustion,78861.062,204
2024,Industrial Process,1364.0,204
2024,On-site Transportation,2013.333,204
2024,Waste,1153.88,204
2023,CO2 from Biomass Combustion,0.0,204
2023,Stationary Fuel Combustion,74271.651,204
2023,Industrial Process,993.0,204
2023,On-site Transportation,1740.286,204
2023,Waste,1138.48,204
2024,Stationary Fuel Combustion,14005.79386,1223
2024,On-site Transportation,57.69086,1223
2024,Fugitives (Leakage),0.7672,294
2024,Stationary Fuel Combustion,22742.0475,294
2024,Industrial Process,69000.356,294
2024,On-site Transportation,2000.1104,294
2023,CO2 from Biomass Combustion,0.0,1105
2023,Stationary Fuel Combustion,22.257,1105
2023,On-site Transportation,381.714,1105
2023,Waste,48478.485,1105
2024,CO2 from Biomass Combustion,0.0,1221
2024,Stationary Fuel Combustion,4926.5898,1221
2024,On-site Transportation,172.38171,1221
2024,CO2 from Biomass Combustion,0.0,135
2024,Stationary Fuel Combustion,146412.697,135
2024,Industrial Process,363863.22,135
2024,On-site Transportation,883.332733,135
2024,Stationary Fuel Combustion,138.662102,603
2024,On-site Transportation,386.453212,603
2024,Waste,79892.94043,603
2024,Industrial Process,12280.165,772
2024,Stationary Fuel Combustion,33640.80705,1288
2024,Stationary Fuel Combustion,10989.19804,1289
2024,Stationary Fuel Combustion,13934.31288,1330
2024,On-site Transportation,279.384,1330
2024,Stationary Fuel Combustion,580151.6191,44
2024,Industrial Process,97315.427,44
2024,On-site Transportation,133434.4347,44
2024,Stationary Fuel Combustion,3943.321,1158
2024,Industrial Process,326.4,1158
2024,On-site Transportation,9416.121,1158
2022,Stationary Fuel Combustion,3991.955,1566
2022,Industrial Process,7844.65,1566
2022,On-site Transportation,431.637,1566
2024,Stationary Fuel Combustion,1.48,1328
2024,On-site Transportation,558.5867,1328
2024,Waste,54628.3905,1328
2024,Stationary Fuel Combustion,46403.68,465
2024,On-site Transportation,379.144,465
2022,CO2 from Biomass Combustion,0.0,692
2022,Fugitives (Flaring),346.6,692
2022,Stationary Fuel Combustion,26943.22,692
2022,Wastewater,538.1,692
2023,CO2 from Biomass Combustion,0.0,692
2023,Fugitives (Flaring),497.5,692
2023,Stationary Fuel Combustion,22199.8435,692
2023,Wastewater,106.0,692
2024,CO2 from Biomass Combustion,0.0,692
2024,Fugitives (Flaring),164.355,692
2024,Stationary Fuel Combustion,21327.0342,692
2024,Wastewater,356.2925,692
2024,Stationary Fuel Combustion,35693.904,1130
2024,On-site Transportation,27245.813,1130
2024,Stationary Fuel Combustion,50227.46,514
2024,On-site Transportation,677.06,514
2023,CO2 from Biomass Combustion,0.0,760
2023,Stationary Fuel Combustion,13211.19,760
2023,Wastewater,41633.128,760
2023,Stationary Fuel Combustion,35671.672,1
2023,On-site Transportation,221.999,1
2023,Waste,16241.12,1
2023,Stationary Fuel Combustion,14248.1696,933
2023,Industrial Process,4137.5184,933
2023,On-site Transportation,517.6258,933
2022,Stationary Fuel Combustion,29976.6636,164
2023,Stationary Fuel Combustion,28703.54624,164
2024,Waste,26936.0,1467
2024,Stationary Fuel Combustion,18373.78,1045
2024,Industrial Process,313.495,1045
2024,Stationary Fuel Combustion,3872.2686,648
2024,On-site Transportation,5147.263,648
2024,Stationary Fuel Combustion,23112.908,1701
2024,On-site Transportation,46.863075,1701
2023,Fugitives (Flaring),1207.05676,788
2023,Stationary Fuel Combustion,10427.347,788
2022,Fugitives (Flaring),1663.9448,788
2022,Stationary Fuel Combustion,12471.495,788
2024,Fugitives (Flaring),45506.8734,1329
2024,Fugitives (Leakage),11.4244,1329
2024,Stationary Fuel Combustion,21850.28552,1329
2024,Fugitives (Venting),42.503,1329
2023,Fugitives (Flaring),45326.69169,1329
2023,Fugitives (Leakage),57.47739,1329
2023,Stationary Fuel Combustion,23215.40969,1329
2023,Fugitives (Venting),30.905,1329
2024,Stationary Fuel Combustion,27481.02556,1139
2024,Stationary Fuel Combustion,23857.66215,1207
2024,On-site Transportation,1395.421025,1207
2024,Stationary Fuel Combustion,16070.13148,1206
2024,On-site Transportation,411.07424,1206
2024,CO2 from Biomass Combustion,0.0,263
2024,Stationary Fuel Combustion,46038.3552,263
2024,On-site Transportation,33.375085,263
2024,Wastewater,662.802,263
2024,Fugitives (Flaring),6728.325532,1142
2024,Fugitives (Leakage),212.78488,1142
2024,Stationary Fuel Combustion,43739.95277,1142
2024,Fugitives (Venting),585.663518,1142
2024,Stationary Fuel Combustion,33700.9311,803
2024,On-site Transportation,55.162,803
2022,CO2 from Biomass Combustion,0.0,739
2022,Stationary Fuel Combustion,17773.35746,739
2022,Industrial Process,407.3021,739
2022,Wastewater,159.0,739
2023,CO2 from Biomass Combustion,0.0,739
2023,Stationary Fuel Combustion,16009.5543,739
2023,Industrial Process,388.07081,739
2023,Wastewater,132.5,739
2023,Stationary Fuel Combustion,8727.5549,737
2023,Industrial Process,111.4,737
2023,Wastewater,15.9,737
2022,Stationary Fuel Combustion,9128.412,737
2022,Industrial Process,119.6,737
2022,Wastewater,15.9,737
2024,CO2 from Biomass Combustion,0.0,115
2024,Stationary Fuel Combustion,118059.0795,115
2024,Industrial Process,871.6721,115
2024,On-site Transportation,1752.7527,115
2024,Wastewater,26.4735,115
2024,Stationary Fuel Combustion,24845.144,1370
2024,On-site Transportation,5.2315,1370
2024,Stationary Fuel Combustion,65030.37932,438
2024,Industrial Process,52531.915,438
2024,On-site Transportation,1453.93637,438
2024,CO2 from Biomass Combustion,0.0,443
2024,Fugitives (Flaring),347.056,443
2024,Stationary Fuel Combustion,57855.3905,443
2024,On-site Transportation,1492.1761,443
2024,Wastewater,12992.0,443
2024,Stationary Fuel Combustion,9509.616915,1567
2024,CO2 from Biomass Combustion,0.0,473
2024,Stationary Fuel Combustion,39094.115,473
2024,On-site Transportation,1276.2142,473
2024,Wastewater,15.105,473
2024,CO2 from Biomass Combustion,0.0,1117
2024,Fugitives (Flaring),258.36,1117
2024,Stationary Fuel Combustion,118758.8419,1117
2024,On-site Transportation,731.1914,1117
2024,Wastewater,8013.4292,1117
2023,Stationary Fuel Combustion,4077.826,1566
2023,Industrial Process,9547.37,1566
2023,On-site Transportation,382.56,1566
2022,Stationary Fuel Combustion,10744.58,1120
2022,Industrial Process,3372.23,1120
2022,On-site Transportation,56.96328,1120
2024,Stationary Fuel Combustion,4249.885,1566
2024,Industrial Process,9531.23,1566
2024,On-site Transportation,405.033,1566
2024,Stationary Fuel Combustion,18567.9592,761
2024,On-site Transportation,122.7183,761
2024,Fugitives (Flaring),1064.00359,990
2024,Stationary Fuel Combustion,82711.62,990
2024,Fugitives (Venting),170.60117,990
2024,Stationary Fuel Combustion,34647.48809,486
2024,On-site Transportation,569.98252,486
2024,Stationary Fuel Combustion,8520.6488,1378
2024,Industrial Process,11592.0,1378
2024,On-site Transportation,457.49905,1378
2024,Stationary Fuel Combustion,202927.1177,1429
2024,Industrial Process,54791.1875,1429
2024,On-site Transportation,36911.5156,1429
2024,CO2 from Biomass Combustion,0.0,72
2024,Stationary Fuel Combustion,837915.1623,72
2024,Industrial Process,3303725.455,72
2024,On-site Transportation,23175.5653,72
2024,CO2 from Biomass Combustion,0.0,636
2024,Stationary Fuel Combustion,4606.72,636
2024,Industrial Process,32.37,636
2024,On-site Transportation,14082.816,636
2024,Waste,7.926,636
2024,Stationary Fuel Combustion,2006.870234,120
2024,Fugitives (Leakage),15998.9872,271
2024,Stationary Fuel Combustion,7373.6206,271
2024,On-site Transportation,75102.3292,271
2024,Waste,4897.0,271
2024,Wastewater,1011.5052,271
2024,Stationary Fuel Combustion,22289.53,744
2024,On-site Transportation,1836.114485,744
2024,CO2 from Biomass Combustion,0.0,843
2024,Stationary Fuel Combustion,26391.513,843
2024,On-site Transportation,944.064,843
2024,Waste,16487.66,843
2024,Stationary Fuel Combustion,36165.4735,1231
2024,On-site Transportation,194.3511,1231
2024,Stationary Fuel Combustion,33368.7992,1839
2024,Stationary Fuel Combustion,6766.701099,1679
2024,On-site Transportation,1544.693454,1679
2024,Stationary Fuel Combustion,159652.5811,358
2024,Stationary Fuel Combustion,164297.8591,169
2024,Industrial Process,393231.7984,169
2024,On-site Transportation,2850.604888,169
2024,Stationary Fuel Combustion,1173781.548,349
2024,Industrial Process,150.984554,349
2024,On-site Transportation,2.75294,349
2024,Fugitives (Venting),11.618,349
2024,Stationary Fuel Combustion,19616.13184,774
2024,On-site Transportation,7.608865,774
2024,Stationary Fuel Combustion,11055.066,403
2024,Stationary Fuel Combustion,11193.77,1145
2024,Stationary Fuel Combustion,66291.206,495
2024,Industrial Process,734.9,495
2024,Stationary Fuel Combustion,3589.3165,581
2024,Industrial Process,52425.647,581
2024,CO2 from Biomass Combustion,0.0,1039
2024,Stationary Fuel Combustion,1.3325,1039
2024,On-site Transportation,374.0,1039
2024,Waste,11396.0,1039
2024,Stationary Fuel Combustion,17121.18826,1202
2024,Stationary Fuel Combustion,16029.36503,1756
2024,On-site Transportation,216.14614,1756
2023,Stationary Fuel Combustion,15118.6992,1756
2023,On-site Transportation,175.03546,1756
2024,Stationary Fuel Combustion,41233.762,591
2024,On-site Transportation,132.773,591
2024,Stationary Fuel Combustion,8941.94,737
2024,Industrial Process,121.9,737
2024,Wastewater,26.5,737
2024,Stationary Fuel Combustion,6854.41379,22
2024,On-site Transportation,24.06568,22
2024,CO2 from Biomass Combustion,0.0,7
2024,Stationary Fuel Combustion,135535.3394,7
2024,Industrial Process,612.9505,7
2024,On-site Transportation,4066.9235,7
2024,Fugitives (Venting),8.4917,7
2024,Waste,4433.52,7
2024,Wastewater,148.4,7
2024,Stationary Fuel Combustion,13144.3258,1609
2024,Industrial Process,99.604322,1609
2024,Fugitives (Venting),418.874,1609
2024,Stationary Fuel Combustion,7359.718166,638
2024,On-site Transportation,3399.171,638
2024,Fugitives (Flaring),35813.5188,195
2024,Fugitives (Leakage),491.6436,195
2024,Stationary Fuel Combustion,591124.089,195
2024,Fugitives (Venting),162339.0963,195
2024,Wastewater,267.9468,195
2024,Stationary Fuel Combustion,21484.632,1125
2024,On-site Transportation,27.10865,1125
2024,Stationary Fuel Combustion,29899.1105,717
2024,On-site Transportation,4.129787,717
2024,CO2 from Biomass Combustion,0.0,124
2024,Stationary Fuel Combustion,113968.4342,124
2024,On-site Transportation,2390.8897,124
2024,Fugitives (Flaring),208825.2526,1038
2024,Fugitives (Leakage),4.638338,1038
2024,Stationary Fuel Combustion,478643.8777,1038
2024,On-site Transportation,1117.222817,1038
2024,Fugitives (Venting),21137.52651,1038
2024,Wastewater,8.388352,1038
2022,Fugitives (Flaring),173.7315,1605
2022,Fugitives (Leakage),359.0804,1605
2022,Stationary Fuel Combustion,11797.8649,1605
2022,Fugitives (Venting),164.5385,1605
2023,Fugitives (Flaring),52.0222,1705
2023,Fugitives (Leakage),23.5955,1705
2023,Stationary Fuel Combustion,13246.9837,1705
2023,Fugitives (Venting),384.6376,1705
2023,Fugitives (Flaring),151.8127,1605
2023,Fugitives (Leakage),82.4751,1605
2023,Stationary Fuel Combustion,11656.4753,1605
2023,Fugitives (Venting),243.9526,1605
2024,Fugitives (Leakage),16543.016,215
2024,Stationary Fuel Combustion,592413.2148,215
2024,Industrial Process,3147374.0,215
2024,On-site Transportation,13658.99,215
2024,Stationary Fuel Combustion,5056.1219,31
2024,Industrial Process,215907.8626,31
2024,On-site Transportation,91.7749,31
2024,Stationary Fuel Combustion,128839.39,48
2024,Stationary Fuel Combustion,9531.4204,1189
2024,CO2 from Biomass Combustion,0.0,136
2024,Stationary Fuel Combustion,233605.576,136
2024,Industrial Process,432930.5714,136
2024,On-site Transportation,1916.4271,136
2024,Stationary Fuel Combustion,11068.1607,805
2024,On-site Transportation,97.2302,805
2024,Wastewater,63.2532,805
2024,Stationary Fuel Combustion,21938.874,711
2023,Stationary Fuel Combustion,10740.6769,805
2023,Industrial Process,1.4799,805
2023,On-site Transportation,115.70247,805
2023,Wastewater,131.230065,805
2022,CO2 from Biomass Combustion,0.0,859
2022,Waste,17035.264,859
2024,Stationary Fuel Combustion,9223.813996,1243
2024,Stationary Fuel Combustion,28192.3656,307
2024,Stationary Fuel Combustion,22310.6926,646
2024,Industrial Process,9644.1275,646
2024,On-site Transportation,376.499,646
2024,Stationary Fuel Combustion,63511.7355,281
2024,Industrial Process,17749.0,281
2024,On-site Transportation,510.3761,281
2024,Stationary Fuel Combustion,12677.1427,1146
2024,Stationary Fuel Combustion,10200.691,1496
2024,On-site Transportation,533.042,1496
2024,CO2 from Biomass Combustion,0.0,238
2024,On-site Transportation,1253.657,238
2024,Waste,109060.0,238
2024,Stationary Fuel Combustion,22686.4339,1201
2024,Industrial Process,9185.5,1201
2024,On-site Transportation,21.453751,1201
2023,Fugitives (Flaring),297.142,1568
2023,Fugitives (Leakage),691.766,1568
2023,Stationary Fuel Combustion,21025.637,1568
2023,Fugitives (Venting),11.09,1568
2024,Fugitives (Leakage),1.7,401
2024,Stationary Fuel Combustion,67612.3926,401
2024,Industrial Process,5.28377,401
2024,On-site Transportation,597.044,401
2023,Fugitives (Flaring),8004.887,1142
2023,Fugitives (Leakage),96.347511,1142
2023,Stationary Fuel Combustion,43218.69196,1142
2023,Fugitives (Venting),162.011485,1142
2022,Fugitives (Flaring),6371.334,1142
2022,Fugitives (Leakage),355.711,1142
2022,Stationary Fuel Combustion,35806.026,1142
2022,Fugitives (Venting),1229.925,1142
2024,Stationary Fuel Combustion,5610.8859,1161
2024,CO2 from Biomass Combustion,0.0,137
2024,Stationary Fuel Combustion,130911.0485,137
2024,Industrial Process,374545.8331,137
2024,On-site Transportation,823.0594,137
2024,Stationary Fuel Combustion,15624.47312,415
2024,Industrial Process,83.97,415
2024,On-site Transportation,6435.426,415
2024,Waste,1064.0,415
2024,Fugitives (Flaring),69626.9047,1841
2024,Fugitives (Leakage),8.4,1841
2024,Stationary Fuel Combustion,386.2672,1841
2024,On-site Transportation,541.7484,1841
2024,Fugitives (Venting),127.4505,1841
2024,Wastewater,30.4276,1841
2024,Fugitives (Flaring),24426.91191,193
2024,Fugitives (Leakage),2.930732,193
2024,Stationary Fuel Combustion,154234.6804,193
2024,Fugitives (Venting),3.962116,193
2024,Stationary Fuel Combustion,46480.3937,691
2024,Fugitives (Venting),705.1149,691
2024,Wastewater,92.8019,691
2023,Stationary Fuel Combustion,10395.598,1496
2023,On-site Transportation,610.498,1496
2024,CO2 from Biomass Combustion,0.0,214
2024,Fugitives (Flaring),765.21005,214
2024,Fugitives (Leakage),19000.996,214
2024,Stationary Fuel Combustion,234492.9119,214
2024,On-site Transportation,3029.11364,214
2024,Waste,150.7603,214
2024,Wastewater,16.0598,214
2024,CO2 from Biomass Combustion,0.0,739
2024,Stationary Fuel Combustion,15063.03133,739
2024,Industrial Process,51.7414,739
2024,Wastewater,144.5045,739
2024,Fugitives (Leakage),120.4,849
2024,Stationary Fuel Combustion,3808.962,849
2024,Industrial Process,6267.0,849
2024,Stationary Fuel Combustion,91479.31226,759
2023,Stationary Fuel Combustion,30196.3576,1013
2023,Industrial Process,10.7717,1013
2023,On-site Transportation,81.6867,1013
2023,Fugitives (Venting),11.3398,1013
2024,Stationary Fuel Combustion,11755.47119,786
2024,Industrial Process,76.583,786
2024,On-site Transportation,2120.854827,786
2024,Waste,392.962045,786
2024,Wastewater,53.64395,786
2024,Stationary Fuel Combustion,15445.7909,321
2024,Industrial Process,39.51,321
2024,On-site Transportation,135.71511,321
2024,Stationary Fuel Combustion,7725.948,104
2024,Industrial Process,177844.18,104
2024,Stationary Fuel Combustion,20632.7052,777
2024,On-site Transportation,56.95672,777
2024,CO2 from Biomass Combustion,0.0,1185
2024,Fugitives (Flaring),54.329,1185
2024,Stationary Fuel Combustion,18980.10385,1185
2024,Industrial Process,13.4645,1185
2024,Stationary Fuel Combustion,10444.6342,1509
2024,On-site Transportation,40.6003,1509
2024,Stationary Fuel Combustion,46790.7367,1136
2024,Fugitives (Leakage),13056.37558,139
2024,Stationary Fuel Combustion,1641164.696,139
2024,Industrial Process,2520.61,139
2024,On-site Transportation,851.18256,139
2024,Fugitives (Leakage),1283.868628,172
2024,Stationary Fuel Combustion,876083.4098,172
2024,On-site Transportation,753.838222,172
2024,Fugitives (Leakage),7467.805436,226
2024,Stationary Fuel Combustion,858399.2946,226
2024,Industrial Process,48.175,226
2024,On-site Transportation,264.312504,226
2024,Fugitives (Leakage),5779.809896,173
2024,Stationary Fuel Combustion,587593.8364,173
2024,Industrial Process,180.01,173
2024,On-site Transportation,93.061241,173
2024,Fugitives (Flaring),7986.3617,221
2024,Stationary Fuel Combustion,221050.4054,221
2024,Industrial Process,352921.5841,221
2024,Stationary Fuel Combustion,11386.77771,929
2024,On-site Transportation,798.5731,929
2024,CO2 from Biomass Combustion,0.0,722
2024,Stationary Fuel Combustion,38337.284,722
2024,Stationary Fuel Combustion,11173.59183,731
2024,On-site Transportation,114.713951,731
2024,Stationary Fuel Combustion,18273.36689,1513
2024,Stationary Fuel Combustion,2659.3197,1733
2024,Industrial Process,15.7727,1733
2024,Fugitives (Venting),426.776,1733
2024,Stationary Fuel Combustion,2344.8779,1732
2024,Industrial Process,52.4807,1732
2024,Fugitives (Venting),5174.317,1732
2024,Fugitives (Leakage),97.723,1734
2024,Stationary Fuel Combustion,800.2003,1734
2024,Industrial Process,502.914,1734
2024,Fugitives (Leakage),409.382,1561
2024,Stationary Fuel Combustion,336.9618,1561
2024,Stationary Fuel Combustion,19420.038,637
2023,CO2 from Biomass Combustion,0.0,1674
2023,Stationary Fuel Combustion,266880.39,1674
2023,On-site Transportation,2994.9,1674
2022,CO2 from Biomass Combustion,0.0,1674
2022,Stationary Fuel Combustion,119342.35,1674
2022,On-site Transportation,2368.89,1674
2024,Stationary Fuel Combustion,3078.639866,1515
2024,Industrial Process,165.1,1515
2023,Stationary Fuel Combustion,2034.786,1361
2023,On-site Transportation,66201.853,1361
2024,Stationary Fuel Combustion,1679.562,1361
2024,On-site Transportation,70670.693,1361
2023,Stationary Fuel Combustion,33585.984,379
2023,Industrial Process,20837.098,379
2023,On-site Transportation,537.3225,379
2023,Wastewater,10.067,379
2024,Stationary Fuel Combustion,28922.971,379
2024,Industrial Process,20606.262,379
2024,On-site Transportation,481.62,379
2024,Wastewater,6.273,379
2024,Stationary Fuel Combustion,66271.276,262
2024,Industrial Process,1733.4983,262
2024,On-site Transportation,29778.5187,262
2024,Stationary Fuel Combustion,80377.472,356
2023,CO2 from Biomass Combustion,0.0,1883
2023,Stationary Fuel Combustion,5383.544,1883
2023,On-site Transportation,5545.489,1883
2023,Waste,39.63,1883
2024,Stationary Fuel Combustion,11470.6022,1162
2024,Stationary Fuel Combustion,8346.506,1163
2024,Fugitives (Flaring),4573.4073,876
2024,Fugitives (Leakage),239.5791,876
2024,Stationary Fuel Combustion,14905.2276,876
2024,Fugitives (Venting),20.61924,876
2023,Fugitives (Flaring),4861.4395,876
2023,Fugitives (Leakage),1465.8245,876
2023,Stationary Fuel Combustion,13002.6123,876
2023,Fugitives (Venting),14.27292,876
2023,Fugitives (Flaring),776.42,1953
2023,Stationary Fuel Combustion,9877.73,1953
2023,Fugitives (Venting),73.872955,1953
2022,Fugitives (Flaring),783.4935,1953
2022,Fugitives (Leakage),14.9136,1953
2022,Stationary Fuel Combustion,12880.7955,1953
2022,Fugitives (Venting),63.318476,1953
2024,Stationary Fuel Combustion,94336.0936,377
2024,Industrial Process,7.05,377
2024,On-site Transportation,3560.3402,377
2024,Wastewater,13.9944,377
2024,Stationary Fuel Combustion,62954.914,118
2024,Industrial Process,36791.07,118
2024,Stationary Fuel Combustion,11312.12255,1220
2024,Fugitives (Flaring),165.0,200
2024,Stationary Fuel Combustion,457034.3516,200
2024,Industrial Process,100934.1568,200
2024,On-site Transportation,828.7725,200
2024,Stationary Fuel Combustion,10877.463,1522
2024,Industrial Process,1127.805,1522
2024,Fugitives (Flaring),103097.0377,127
2024,Fugitives (Leakage),2019.19686,127
2024,Stationary Fuel Combustion,239870.3709,127
2024,On-site Transportation,28.4973,127
2024,Fugitives (Venting),212.4668,127
2024,Fugitives (Flaring),5808.7645,1303
2024,Fugitives (Leakage),18.13566,1303
2024,Stationary Fuel Combustion,87191.65473,1303
2024,Fugitives (Venting),2233.30939,1303
2023,CO2 from Biomass Combustion,0.0,1866
2023,Fugitives (Flaring),742.0,1866
2023,Fugitives (Leakage),1022.0,1866
2023,Stationary Fuel Combustion,1444.5,1866
2023,Wastewater,8143.8,1866
2023,CO2 from Biomass Combustion,0.0,1861
2023,Fugitives (Flaring),624.4,1861
2023,Fugitives (Leakage),982.8,1861
2023,Stationary Fuel Combustion,649.2,1861
2023,Wastewater,10183.8,1861
2024,Stationary Fuel Combustion,3506.7079,1197
2024,On-site Transportation,43.544,1197
2024,Fugitives (Flaring),11271.9849,1282
2024,Fugitives (Leakage),754.92709,1282
2024,Stationary Fuel Combustion,26017.8611,1282
2024,Fugitives (Venting),170.04193,1282
2024,Stationary Fuel Combustion,58344.335,498
2024,Stationary Fuel Combustion,11.11411,1677
2024,On-site Transportation,339.9201,1677
2024,Waste,47964.0,1677
2024,Stationary Fuel Combustion,847335.419,392
2024,Stationary Fuel Combustion,4819.627,1493
2024,Stationary Fuel Combustion,15204.789,644
2024,On-site Transportation,29967.67,644
2024,Stationary Fuel Combustion,781478.3936,26
2023,Stationary Fuel Combustion,15717.88,1868
2023,On-site Transportation,1491.591725,1868
2022,Stationary Fuel Combustion,15741.75,1868
2022,On-site Transportation,1370.68,1868
2024,Fugitives (Flaring),20958.9506,1706
2024,Fugitives (Leakage),5.1938,1706
2024,Stationary Fuel Combustion,1114.8716,1706
2024,Fugitives (Venting),222.8781,1706
2024,Fugitives (Flaring),491.8841,844
2024,Fugitives (Leakage),19.36233,844
2024,Stationary Fuel Combustion,49495.63052,844
2024,Stationary Fuel Combustion,46765.6268,1011
2024,CO2 from Biomass Combustion,0.0,752
2024,Stationary Fuel Combustion,15815.8318,752
2024,On-site Transportation,242.564,752
2024,Stationary Fuel Combustion,17070.221,730
2024,Stationary Fuel Combustion,7166.2014,1426
2024,On-site Transportation,20.4212,1426
2023,Stationary Fuel Combustion,21464.619,489
2023,On-site Transportation,62.073,489
2024,Fugitives (Flaring),373.3044,1484
2024,Stationary Fuel Combustion,10388.7542,1484
2024,Fugitives (Venting),134.0379,1484
2024,Stationary Fuel Combustion,1208341.268,459
2024,Stationary Fuel Combustion,1471876.538,1349
2024,Stationary Fuel Combustion,1065290.01,305
2024,Stationary Fuel Combustion,20775.9,1236
2024,Stationary Fuel Combustion,21467.76,1180
2024,CO2 from Biomass Combustion,0.0,355
2024,Fugitives (Flaring),480.116454,355
2024,Stationary Fuel Combustion,130779.1009,355
2024,On-site Transportation,112.109129,355
2024,Stationary Fuel Combustion,10488.4459,1599
2024,Stationary Fuel Combustion,11465.97743,1615
2024,On-site Transportation,847.956564,1615
2022,Stationary Fuel Combustion,18059.6547,1122
2022,Industrial Process,95.0484,1122
2022,On-site Transportation,0.8116,1122
2024,Fugitives (Flaring),6721.380547,574
2024,Fugitives (Leakage),103558.387,574
2024,Stationary Fuel Combustion,963728.7836,574
2024,Industrial Process,2316.331971,574
2024,On-site Transportation,592860.5439,574
2024,Wastewater,117.769774,574
2024,Fugitives (Flaring),4342.3516,398
2024,Fugitives (Leakage),88.232514,398
2024,Stationary Fuel Combustion,60698.9596,398
2024,Fugitives (Venting),1104.4823,398
2024,CO2 from Biomass Combustion,0.0,346
2024,Stationary Fuel Combustion,29275.552,346
2024,On-site Transportation,158.2971,346
2024,Stationary Fuel Combustion,24375.801,474
2024,Industrial Process,18238.48,474
2024,On-site Transportation,338.96,474
2024,CO2 from Biomass Combustion,0.0,1840
2024,Fugitives (Flaring),35.4704,1840
2024,Stationary Fuel Combustion,9.412358,1840
2024,On-site Transportation,162.649291,1840
2024,Waste,22402.52,1840
2024,Wastewater,78.746,1840
2023,Stationary Fuel Combustion,738934.2359,1030
2023,On-site Transportation,6309.5056,1030
2024,Fugitives (Leakage),170433.792,130
2024,Stationary Fuel Combustion,1249776.683,130
2024,Fugitives (Venting),147676.866,130
2024,Fugitives (Flaring),51624.8773,36
2024,Stationary Fuel Combustion,841883.2759,36
2024,Industrial Process,761509.57,36
2024,On-site Transportation,815.0744,36
2024,Stationary Fuel Combustion,10012.954,1842
2024,Fugitives (Flaring),559.7,494
2024,Stationary Fuel Combustion,5342.812,494
2024,Stationary Fuel Combustion,50312.474,340
2024,Stationary Fuel Combustion,10877.972,1843
2024,Stationary Fuel Combustion,10878.441,337
2024,Stationary Fuel Combustion,16122.515,1165
2023,Fugitives (Flaring),5718.965,487
2023,Fugitives (Leakage),355.6,487
2023,Stationary Fuel Combustion,318445.65,487
2023,On-site Transportation,171.118,487
2023,Fugitives (Venting),378.881,487
2024,Fugitives (Flaring),10.766,210
2024,Stationary Fuel Combustion,417954.612,210
2024,Industrial Process,272111.673,210
2023,CO2 from Biomass Combustion,0.0,606
2023,Stationary Fuel Combustion,25010.32,606
2023,Industrial Process,538.58,606
2023,On-site Transportation,508.0258,606
2023,Wastewater,0.5512,606
2022,CO2 from Biomass Combustion,0.0,606
2022,Stationary Fuel Combustion,58926.95,606
2022,Industrial Process,55.588,606
2022,On-site Transportation,299.9677,606
2024,CO2 from Biomass Combustion,0.0,606
2024,Stationary Fuel Combustion,34188.76,606
2024,Industrial Process,54.235,606
2024,On-site Transportation,366.3308,606
2024,Fugitives (Flaring),14192.703,51
2024,Fugitives (Leakage),993.44,51
2024,Stationary Fuel Combustion,960922.631,51
2024,Fugitives (Venting),762729.915,51
2024,Wastewater,5968.22,51
2024,Stationary Fuel Combustion,1186776.07,197
2024,Industrial Process,21.3145,197
2024,On-site Transportation,63.620176,197
2024,CO2 from Biomass Combustion,0.0,20
2024,Stationary Fuel Combustion,198864.2855,20
2024,Industrial Process,1218.683,20
2024,On-site Transportation,2461.423751,20
2023,Fugitives (Flaring),3152.801225,1934
2023,Stationary Fuel Combustion,5608.607175,1934
2023,Fugitives (Venting),1138.1888,1934
2024,Stationary Fuel Combustion,20670.568,709
2024,On-site Transportation,83.2853,709
2022,CO2 from Biomass Combustion,0.0,1583
2022,Stationary Fuel Combustion,2324.66495,1583
2022,On-site Transportation,0.276067,1583
2022,Wastewater,52450.16,1583
2023,Fugitives (Flaring),1117.03317,1385
2023,Fugitives (Leakage),3382.29204,1385
2023,Stationary Fuel Combustion,21497.30363,1385
2023,On-site Transportation,21.1792,1385
2023,Fugitives (Flaring),4116.353422,895
2023,Fugitives (Leakage),447.5163,895
2023,Stationary Fuel Combustion,11147.69409,895
2023,Fugitives (Venting),3879.98633,895
2023,Fugitives (Flaring),729.9818,1002
2023,Fugitives (Leakage),514.8334,1002
2023,Stationary Fuel Combustion,380884.5137,1002
2023,On-site Transportation,215.6224,1002
2023,Fugitives (Venting),4.167,1002
2024,Fugitives (Leakage),402.38219,323
2024,Stationary Fuel Combustion,12950.68453,323
2024,Fugitives (Venting),291.71545,323
2024,Fugitives (Flaring),127087.11,188
2024,Fugitives (Leakage),1965.208,188
2024,Stationary Fuel Combustion,1707984.7,188
2024,On-site Transportation,1219.2715,188
2024,Fugitives (Venting),1101122.61,188
2024,Wastewater,20668.96,188
2022,Fugitives (Flaring),9788.12688,304
2022,Fugitives (Leakage),105.15091,304
2022,Stationary Fuel Combustion,555310.9164,304
2024,Stationary Fuel Combustion,96527.629,456
2024,On-site Transportation,1098.769,456
2024,CO2 from Biomass Combustion,0.0,1583
2024,Stationary Fuel Combustion,1654.475498,1583
2024,On-site Transportation,0.256678,1583
2024,Wastewater,54049.84,1583
2024,CO2 from Biomass Combustion,0.0,1656
2024,Fugitives (Flaring),441.5313,1656
2024,Stationary Fuel Combustion,1992.1219,1656
2024,On-site Transportation,15.6014,1656
2024,Fugitives (Venting),125.048,1656
2024,Wastewater,26400.8969,1656
2024,Fugitives (Leakage),4481.0276,635
2024,Stationary Fuel Combustion,542.8743,635
2024,On-site Transportation,11867.6208,635
2024,Fugitives (Leakage),7442.2768,378
2024,Stationary Fuel Combustion,3630.9425,378
2024,On-site Transportation,31259.48,378
2022,Fugitives (Flaring),6132.0849,2070
2022,Stationary Fuel Combustion,3844.8321,2070
2022,On-site Transportation,0.9728,2070
2022,Fugitives (Venting),17.8931,2070
2024,Stationary Fuel Combustion,15332.24409,812
2024,On-site Transportation,32.9751,812
2022,Stationary Fuel Combustion,8169.301,629
2022,On-site Transportation,6064.661,629
2024,Industrial Process,4258.0,961
2024,Fugitives (Venting),12183.94,961
2024,Industrial Process,3.13,1295
2024,Fugitives (Venting),27779.24,1295
2024,Fugitives (Flaring),657.06833,1090
2024,Fugitives (Leakage),91.2576,1090
2024,Stationary Fuel Combustion,12486.46936,1090
2024,Fugitives (Venting),7314.8516,1090
2024,Fugitives (Flaring),11380.62851,1368
2024,Stationary Fuel Combustion,6911.466679,1368
2024,Fugitives (Flaring),2722.102753,1418
2024,Fugitives (Leakage),692.1628,1418
2024,Stationary Fuel Combustion,17388.06329,1418
2024,Fugitives (Venting),1586.521048,1418
2024,Fugitives (Flaring),10477.9528,1091
2024,Stationary Fuel Combustion,24580.49432,1091
2024,Fugitives (Venting),1036.7784,1091
2023,Fugitives (Flaring),60.31644,1186
2023,Stationary Fuel Combustion,10328.6137,1186
2023,Fugitives (Venting),154.2035,1186
2023,Waste,0.109361,1186
2024,Fugitives (Flaring),7721.257023,24
2024,Fugitives (Leakage),243.652475,24
2024,Stationary Fuel Combustion,89214.2651,24
2024,On-site Transportation,43.143653,24
2024,Fugitives (Venting),169.857343,24
2024,Wastewater,0.041748,24
2024,Fugitives (Flaring),65454.978,185
2024,Fugitives (Leakage),83.7874,185
2024,Stationary Fuel Combustion,90744.0495,185
2024,On-site Transportation,312.261,185
2024,Fugitives (Venting),1454.0647,185
2024,Wastewater,4.4604,185
2023,Fugitives (Flaring),8367.09352,543
2023,Fugitives (Leakage),554.08941,543
2023,Stationary Fuel Combustion,46519.62833,543
2023,Fugitives (Venting),1188.54386,543
2024,Fugitives (Flaring),10722.85775,543
2024,Fugitives (Leakage),2791.10057,543
2024,Stationary Fuel Combustion,87705.88449,543
2024,Fugitives (Venting),1489.9243,543
2022,Fugitives (Flaring),10999.34214,246
2022,Fugitives (Leakage),21065.44414,246
2022,Stationary Fuel Combustion,3545919.649,246
2022,Industrial Process,0.329,246
2022,On-site Transportation,2611.571816,246
2022,Fugitives (Venting),854.010328,246
2023,Fugitives (Flaring),7523.74422,246
2023,Fugitives (Leakage),20404.51843,246
2023,Stationary Fuel Combustion,3531024.354,246
2023,Industrial Process,0.329,246
2023,On-site Transportation,3609.517429,246
2023,Fugitives (Venting),1099.071959,246
2024,Fugitives (Flaring),893.4585,1728
2024,Fugitives (Leakage),3565.632,1728
2024,Stationary Fuel Combustion,56080.37289,1728
2024,Fugitives (Venting),40029.00595,1728
2024,Fugitives (Flaring),2763.04547,1727
2024,Fugitives (Leakage),362.544,1727
2024,Stationary Fuel Combustion,39287.65554,1727
2024,Fugitives (Venting),5291.04083,1727
2024,Stationary Fuel Combustion,13550.07994,830
2024,Fugitives (Venting),701.85687,830
2024,Fugitives (Leakage),80.304,1715
2024,Stationary Fuel Combustion,29069.10479,1715
2024,Fugitives (Venting),7786.83629,1715
2024,Fugitives (Flaring),546.6498,1647
2024,Fugitives (Leakage),98.112,1647
2024,Stationary Fuel Combustion,15899.85019,1647
2024,Fugitives (Venting),2115.11561,1647
2024,Fugitives (Flaring),1905.90196,1661
2024,Stationary Fuel Combustion,31590.41933,1661
2024,Fugitives (Venting),114.21877,1661
2024,Fugitives (Flaring),1117.66415,1652
2024,Fugitives (Leakage),149.856,1652
2024,Stationary Fuel Combustion,33290.46577,1652
2024,Fugitives (Venting),57.32189,1652
2024,Fugitives (Flaring),420.68028,1639
2024,Fugitives (Leakage),69.216,1639
2024,Stationary Fuel Combustion,16859.66398,1639
2024,Fugitives (Venting),535.74807,1639
2024,Fugitives (Flaring),16.0692,913
2024,Fugitives (Leakage),13.104,913
2024,Stationary Fuel Combustion,11614.46464,913
2024,Stationary Fuel Combustion,12631.60623,818
2024,Fugitives (Venting),690.71418,818
2024,Fugitives (Flaring),1598.47683,1716
2024,Fugitives (Leakage),673.008,1716
2024,Stationary Fuel Combustion,1822.71758,1716
2024,Fugitives (Venting),10402.8085,1716
2024,Fugitives (Flaring),0.77765,1722
2024,Fugitives (Leakage),1569.456,1722
2024,Stationary Fuel Combustion,3824.45675,1722
2024,Fugitives (Venting),8840.90383,1722
2024,CO2 from Biomass Combustion,0.0,301
2024,Fugitives (Flaring),202953.6529,301
2024,Fugitives (Leakage),342405.0177,301
2024,Stationary Fuel Combustion,3624240.497,301
2024,Industrial Process,968391.5704,301
2024,On-site Transportation,750713.8207,301
2024,Fugitives (Venting),123202.3066,301
2024,Waste,3194.75492,301
2024,Wastewater,1711.366586,301
2024,Fugitives (Leakage),18522.9632,295
2024,Stationary Fuel Combustion,9771.52404,295
2024,On-site Transportation,49666.64606,295
2024,Fugitives (Leakage),28791.4662,463
2024,Stationary Fuel Combustion,8552.94055,463
2024,On-site Transportation,61834.77638,463
2024,Fugitives (Leakage),22652.3136,296
2024,Stationary Fuel Combustion,2444.57424,296
2024,On-site Transportation,13097.59082,296
2024,CO2 from Biomass Combustion,0.0,1802
2024,Fugitives (Leakage),40123.5184,1802
2024,Stationary Fuel Combustion,10762.83228,1802
2024,On-site Transportation,55724.93564,1802
2024,Fugitives (Flaring),2540.33858,1057
2024,Fugitives (Leakage),365.73392,1057
2024,Stationary Fuel Combustion,30339.39311,1057
2024,Fugitives (Venting),1155.00854,1057
2024,Fugitives (Flaring),35334.9436,339
2024,Fugitives (Leakage),936.2677,339
2024,Stationary Fuel Combustion,25901.886,339
2024,Fugitives (Venting),25557.0985,339
2024,Fugitives (Flaring),5361.18455,345
2024,Fugitives (Leakage),4679.02774,345
2024,Stationary Fuel Combustion,3613805.295,345
2024,On-site Transportation,15645.036,345
2024,Fugitives (Venting),206.29626,345
2024,Stationary Fuel Combustion,12558.4469,1757
2024,On-site Transportation,52.09825,1757
2023,CO2 from Biomass Combustion,0.0,147
2023,Fugitives (Flaring),491833.6628,147
2023,Fugitives (Leakage),509579.9278,147
2023,Stationary Fuel Combustion,9631435.782,147
2023,Industrial Process,1914989.926,147
2023,On-site Transportation,1102707.932,147
2023,Fugitives (Venting),6805.74245,147
2023,Wastewater,24.307757,147
2023,Stationary Fuel Combustion,23038.76,776
2023,Industrial Process,1691.99,776
2024,Stationary Fuel Combustion,33219.255,778
2024,On-site Transportation,192.116,778
2024,Wastewater,0.01484,778
2024,Fugitives (Flaring),63674.56052,145
2024,Fugitives (Leakage),1087.44646,145
2024,Stationary Fuel Combustion,9487.68562,145
2024,Fugitives (Venting),57396.99192,145
2024,Wastewater,0.76267,145
2024,Fugitives (Flaring),5992.75977,92
2024,Fugitives (Leakage),72.67226,92
2024,Stationary Fuel Combustion,49327.68379,92
2024,Fugitives (Venting),48781.01512,92
2024,Wastewater,0.24857,92
2023,Stationary Fuel Combustion,5507.2431,1893
2023,Fugitives (Venting),12.14436,1893
2024,Stationary Fuel Combustion,28668.958,547
2024,Industrial Process,887.0,547
2024,On-site Transportation,116.1827,547
2024,Stationary Fuel Combustion,38358.318,1
2024,On-site Transportation,245.646,1
2024,Waste,14733.6,1
2024,Fugitives (Flaring),14419.45947,1034
2024,Fugitives (Leakage),62.66309,1034
2024,Stationary Fuel Combustion,259633.8904,1034
2024,On-site Transportation,1178.7374,1034
2024,Fugitives (Venting),87.62628,1034
2024,Fugitives (Leakage),1638.5376,150
2024,Stationary Fuel Combustion,368940.8819,150
2024,Industrial Process,671547.1816,150
2024,On-site Transportation,2772.9958,150
2024,Stationary Fuel Combustion,60802.8564,814
2024,Stationary Fuel Combustion,41886.77772,347
2024,On-site Transportation,253.94605,347
2024,Fugitives (Flaring),2264.89,1055
2024,Fugitives (Leakage),1444.43,1055
2024,Stationary Fuel Combustion,26085.4,1055
2024,Fugitives (Venting),566.79,1055
2024,Fugitives (Flaring),1155.18,567
2024,Fugitives (Leakage),2512.84,567
2024,Stationary Fuel Combustion,85846.01461,567
2024,Fugitives (Venting),2018.33,567
2023,Fugitives (Flaring),286.95,1317
2023,Fugitives (Leakage),45.612,1317
2023,Stationary Fuel Combustion,15056.535,1317
2023,Fugitives (Venting),463.597,1317
2024,Fugitives (Flaring),4208.63915,895
2024,Fugitives (Leakage),98.04923,895
2024,Stationary Fuel Combustion,10638.92142,895
2024,Fugitives (Venting),129.20599,895
2024,CO2 from Biomass Combustion,0.0,714
2024,Stationary Fuel Combustion,16838.0175,714
2024,Industrial Process,2101.6,714
2024,On-site Transportation,2317.5209,714
2024,Fugitives (Venting),6.987,714
2024,Waste,1283.324,714
2024,Wastewater,21.516145,714
2023,Stationary Fuel Combustion,13343.23,1330
2023,On-site Transportation,282.44,1330
2024,Fugitives (Flaring),332.03391,1102
2024,Stationary Fuel Combustion,40113.81057,1102
2024,Fugitives (Venting),1304.7383,1102
2024,Fugitives (Flaring),107.30913,1854
2024,Fugitives (Leakage),267.792,1854
2024,Stationary Fuel Combustion,13259.61412,1854
2024,Fugitives (Venting),479.9012,1854
2024,Fugitives (Flaring),213.06059,1494
2024,Fugitives (Leakage),25.2,1494
2024,Stationary Fuel Combustion,18274.90676,1494
2024,Fugitives (Venting),105.06657,1494
2024,Fugitives (Flaring),127.52482,921
2024,Stationary Fuel Combustion,23594.82046,921
2024,Fugitives (Venting),142.0114,921
2024,Fugitives (Flaring),395.27719,1103
2024,Fugitives (Leakage),578.256,1103
2024,Stationary Fuel Combustion,38054.41665,1103
2024,Fugitives (Venting),513.53257,1103
2024,Fugitives (Flaring),80.61163,911
2024,Fugitives (Leakage),1377.6,911
2024,Stationary Fuel Combustion,20420.77872,911
2024,Fugitives (Venting),166.65431,911
2024,Fugitives (Flaring),546.90804,1333
2024,Fugitives (Leakage),127.008,1333
2024,Stationary Fuel Combustion,38177.30934,1333
2024,Fugitives (Venting),1697.89839,1333
2024,Fugitives (Flaring),516.58346,560
2024,Fugitives (Leakage),158.256,560
2024,Stationary Fuel Combustion,72648.08041,560
2024,Fugitives (Venting),1764.08677,560
2024,Fugitives (Flaring),233.53689,1033
2024,Fugitives (Leakage),127.008,1033
2024,Stationary Fuel Combustion,53193.11369,1033
2024,Fugitives (Venting),638.83515,1033
2024,Fugitives (Flaring),2597.94768,1451
2024,Fugitives (Leakage),1078.224,1451
2024,Stationary Fuel Combustion,43709.73457,1451
2024,Fugitives (Venting),1285.80693,1451
2024,Stationary Fuel Combustion,10972.08388,1875
2024,Fugitives (Venting),104.65632,1875
2024,Fugitives (Flaring),109.12267,1098
2024,Fugitives (Leakage),212.352,1098
2024,Stationary Fuel Combustion,24372.03074,1098
2024,Fugitives (Venting),314.30975,1098
2024,Fugitives (Flaring),201.13788,1853
2024,Fugitives (Leakage),81.648,1853
2024,Stationary Fuel Combustion,11425.56159,1853
2024,Fugitives (Venting),300.13041,1853
2024,Fugitives (Leakage),259.056,1611
2024,Stationary Fuel Combustion,14673.02699,1611
2024,Fugitives (Venting),186.50378,1611
2024,Fugitives (Leakage),216.384,1249
2024,Stationary Fuel Combustion,42789.92222,1249
2024,Fugitives (Venting),1294.97141,1249
2024,Fugitives (Leakage),129.024,1852
2024,Stationary Fuel Combustion,12128.30887,1852
2024,Fugitives (Venting),920.18573,1852
2024,Fugitives (Leakage),107.856,1097
2024,Stationary Fuel Combustion,12719.99133,1097
2024,Fugitives (Venting),538.48895,1097
2024,Fugitives (Flaring),1975.87128,1087
2024,Fugitives (Leakage),58.128,1087
2024,Stationary Fuel Combustion,24544.87782,1087
2024,Fugitives (Venting),642.20404,1087
2024,Fugitives (Flaring),140.74431,1005
2024,Fugitives (Leakage),27.216,1005
2024,Stationary Fuel Combustion,27945.95552,1005
2024,Fugitives (Venting),1030.34509,1005
2024,Fugitives (Flaring),279.15567,1032
2024,Fugitives (Leakage),45.36,1032
2024,Stationary Fuel Combustion,27321.59862,1032
2024,Fugitives (Venting),553.92455,1032
2024,Fugitives (Flaring),425.60442,332
2024,Fugitives (Leakage),435.12,332
2024,Stationary Fuel Combustion,30399.33684,332
2024,Fugitives (Venting),286.51155,332
2024,Fugitives (Leakage),234.528,1100
2024,Stationary Fuel Combustion,18237.80655,1100
2024,Fugitives (Venting),1546.87923,1100
2024,Fugitives (Flaring),269.30767,1006
2024,Fugitives (Leakage),101.808,1006
2024,Stationary Fuel Combustion,41174.86993,1006
2024,Fugitives (Venting),31.41249,1006
2024,Fugitives (Flaring),575.16084,575
2024,Fugitives (Leakage),69.216,575
2024,Stationary Fuel Combustion,35849.84749,575
2024,Fugitives (Venting),292.26309,575
2024,Fugitives (Flaring),2936.46103,1487
2024,Fugitives (Leakage),62.16,1487
2024,Stationary Fuel Combustion,39858.7035,1487
2024,Fugitives (Venting),344.67524,1487
2024,Fugitives (Flaring),339.54924,557
2024,Fugitives (Leakage),310.464,557
2024,Stationary Fuel Combustion,65958.72187,557
2024,Fugitives (Venting),3401.28956,557
2024,Fugitives (Flaring),23.5869,1397
2024,Fugitives (Leakage),654.192,1397
2024,Stationary Fuel Combustion,10611.59514,1397
2024,Fugitives (Venting),103.57215,1397
2024,Fugitives (Flaring),93.0511,992
2024,Fugitives (Leakage),148.176,992
2024,Stationary Fuel Combustion,23299.00706,992
2024,Fugitives (Venting),213.42368,992
2024,Fugitives (Flaring),605.48807,1434
2024,Fugitives (Leakage),23.52,1434
2024,Stationary Fuel Combustion,11196.65863,1434
2024,Fugitives (Flaring),7460.50942,559
2024,Stationary Fuel Combustion,35766.09186,559
2024,Fugitives (Venting),406.11274,559
2024,Fugitives (Flaring),143.59639,943
2024,Stationary Fuel Combustion,19830.70147,943
2024,Fugitives (Venting),112.65293,943
2024,Fugitives (Flaring),48.20997,1031
2024,Fugitives (Leakage),28.56,1031
2024,Stationary Fuel Combustion,12158.61007,1031
2024,Fugitives (Venting),76.05343,1031
2024,Fugitives (Flaring),48.98762,702
2024,Stationary Fuel Combustion,11791.49887,702
2024,Fugitives (Venting),984.73625,702
2024,Fugitives (Flaring),184.54955,671
2024,Fugitives (Leakage),259.728,671
2024,Stationary Fuel Combustion,40006.68562,671
2024,Fugitives (Venting),559.38671,671
2024,Fugitives (Flaring),325.29386,962
2024,Stationary Fuel Combustion,50957.49803,962
2024,Fugitives (Venting),516.4261,962
2024,Fugitives (Flaring),81.12839,1391
2024,Fugitives (Leakage),115.584,1391
2024,Stationary Fuel Combustion,29453.91793,1391
2024,Fugitives (Venting),33.50679,1391
2024,Fugitives (Flaring),2138.38895,1455
2024,Fugitives (Leakage),22.848,1455
2024,Stationary Fuel Combustion,52438.7517,1455
2024,Fugitives (Venting),483.8156,1455
2024,Fugitives (Flaring),351.73284,912
2024,Fugitives (Leakage),371.952,912
2024,Stationary Fuel Combustion,64241.62377,912
2024,Fugitives (Venting),986.62247,912
2024,Fugitives (Flaring),412.38465,561
2024,Fugitives (Leakage),887.04,561
2024,Stationary Fuel Combustion,81379.77294,561
2024,Fugitives (Venting),2457.17951,561
2024,Fugitives (Leakage),107.184,1101
2024,Stationary Fuel Combustion,12889.05287,1101
2024,Fugitives (Venting),768.14942,1101
2024,Stationary Fuel Combustion,9880.79263,1099
2024,Fugitives (Venting),121.53046,1099
2024,Stationary Fuel Combustion,11707.667,916
2024,Industrial Process,1989.065,916
2024,On-site Transportation,11.798765,916
2024,Fugitives (Venting),6015.3682,916
2024,Fugitives (Flaring),282.785484,1129
2024,Fugitives (Leakage),276.75,1129
2024,Stationary Fuel Combustion,20304.3291,1129
2024,Fugitives (Venting),1877.51,1129
2024,Stationary Fuel Combustion,15607.2216,488
2024,On-site Transportation,104.683,488
2024,CO2 from Biomass Combustion,0.0,395
2024,Fugitives (Flaring),48780.98676,395
2024,Fugitives (Leakage),1390.591916,395
2024,Stationary Fuel Combustion,5691198.236,395
2024,Industrial Process,293.3505,395
2024,On-site Transportation,1469.59072,395
2024,Fugitives (Venting),3314.589772,395
2024,Waste,58.379023,395
2023,CO2 from Biomass Combustion,0.0,81
2023,Stationary Fuel Combustion,775.13588,81
2023,Industrial Process,114875.9429,81
2023,On-site Transportation,310.0627,81
2024,CO2 from Biomass Combustion,0.0,81
2024,Stationary Fuel Combustion,777.03087,81
2024,Industrial Process,114616.1607,81
2024,On-site Transportation,279.422,81
2022,CO2 from Biomass Combustion,0.0,1381
2022,Stationary Fuel Combustion,9291.385,1381
2022,On-site Transportation,543.398,1381
2023,CO2 from Biomass Combustion,0.0,1381
2023,Stationary Fuel Combustion,15536.39667,1381
2023,On-site Transportation,437.811,1381
2024,CO2 from Biomass Combustion,0.0,1381
2024,Stationary Fuel Combustion,4667.3142,1381
2024,On-site Transportation,441.076,1381
2024,Stationary Fuel Combustion,11139.93,1519
2024,CO2 from Biomass Combustion,0.0,396
2024,Fugitives (Flaring),1.1437,396
2024,Stationary Fuel Combustion,146293.968,396
2023,Fugitives (Flaring),50.015,1820
2023,Stationary Fuel Combustion,9957.0959,1820
2023,Fugitives (Venting),382.4923,1820
2023,Fugitives (Flaring),3118.3213,956
2023,Fugitives (Leakage),684.8856,956
2023,Stationary Fuel Combustion,529285.8957,956
2023,On-site Transportation,2155.1557,956
2024,Stationary Fuel Combustion,3863.93,1640
2024,On-site Transportation,12490.532,1640
2024,CO2 from Biomass Combustion,0.0,56
2024,Stationary Fuel Combustion,300595.3594,56
2024,Industrial Process,411976.8127,56
2024,On-site Transportation,1755.7776,56
2023,CO2 from Biomass Combustion,0.0,56
2023,Fugitives (Leakage),604.8,56
2023,Stationary Fuel Combustion,291855.9908,56
2023,Industrial Process,384710.2526,56
2023,On-site Transportation,1701.0757,56
2022,CO2 from Biomass Combustion,0.0,102
2022,Fugitives (Leakage),78.3194,102
2022,Stationary Fuel Combustion,116395.7816,102
2022,Industrial Process,2926.6447,102
2022,On-site Transportation,3172.59,102
2022,Waste,37660.9856,102
2023,CO2 from Biomass Combustion,0.0,102
2023,Fugitives (Leakage),77.997,102
2023,Stationary Fuel Combustion,112534.8342,102
2023,Industrial Process,2388.448251,102
2023,On-site Transportation,3199.4678,102
2023,Waste,37893.8168,102
2024,CO2 from Biomass Combustion,0.0,102
2024,Fugitives (Leakage),80.87,102
2024,Stationary Fuel Combustion,119429.4504,102
2024,Industrial Process,1476.718436,102
2024,On-site Transportation,3086.07,102
2024,Waste,37746.24,102
2023,Stationary Fuel Combustion,30308.8014,850
2023,Industrial Process,17.817618,850
2023,On-site Transportation,92.3731,850
2022,Stationary Fuel Combustion,30730.286,850
2022,Industrial Process,79.25843,850
2022,On-site Transportation,70.53423,850
2024,Stationary Fuel Combustion,167886.8519,90
2024,Industrial Process,205024.6502,90
2024,On-site Transportation,565.0771,90
2022,Stationary Fuel Combustion,17361.08716,855
2022,Wastewater,271.4055,855
2024,Stationary Fuel Combustion,29310.68002,164
2024,On-site Transportation,2.387658,164
2024,Stationary Fuel Combustion,36429.509,233
2024,Industrial Process,490639.0661,233
2024,On-site Transportation,1588.683,233
2024,Fugitives (Flaring),5074.03172,1721
2024,Fugitives (Leakage),241.34075,1721
2024,Stationary Fuel Combustion,8526.57671,1721
2024,Fugitives (Venting),12557.60675,1721
2024,Fugitives (Flaring),597.71185,1037
2024,Fugitives (Leakage),88.704,1037
2024,Stationary Fuel Combustion,26005.31692,1037
2024,Fugitives (Venting),235.59452,1037
2024,Stationary Fuel Combustion,30014.30034,1147
2024,Stationary Fuel Combustion,106345.8075,1301
2024,Industrial Process,864931.3929,1301
2024,On-site Transportation,2762.98001,1301
2024,Stationary Fuel Combustion,28724.85618,241
2024,Stationary Fuel Combustion,26971.613,11
2024,Industrial Process,515695.522,11
2024,On-site Transportation,2721.828,11
2024,CO2 from Biomass Combustion,0.0,369
2024,Fugitives (Flaring),587.941069,369
2024,Stationary Fuel Combustion,61049.28759,369
2024,On-site Transportation,796.924316,369
2024,Wastewater,69.820734,369
2024,Fugitives (Flaring),3961.15484,1616
2024,Fugitives (Leakage),1152.61845,1616
2024,Stationary Fuel Combustion,5014.13744,1616
2024,Fugitives (Venting),2651.73631,1616
2024,Stationary Fuel Combustion,3790.34,1591
2024,CO2 from Biomass Combustion,0.0,950
2024,Fugitives (Flaring),9943.7693,950
2024,Fugitives (Leakage),29824.7289,950
2024,Stationary Fuel Combustion,1778647.7,950
2024,Industrial Process,1762.15679,950
2024,On-site Transportation,815857.8741,950
2024,Fugitives (Venting),913.5187,950
2024,Wastewater,245.3786,950
2024,CO2 from Biomass Combustion,0.0,147
2024,Fugitives (Flaring),573012.9388,147
2024,Fugitives (Leakage),441550.556,147
2024,Stationary Fuel Combustion,9786153.94,147
2024,Industrial Process,1860711.443,147
2024,On-site Transportation,1005536.309,147
2024,Fugitives (Venting),10052.6972,147
2024,Wastewater,640.398,147
2024,CO2 from Biomass Combustion,0.0,219
2024,Fugitives (Flaring),184174.959,219
2024,Fugitives (Leakage),320536.8916,219
2024,Stationary Fuel Combustion,5832640.38,219
2024,Industrial Process,750540.4586,219
2024,On-site Transportation,924388.5742,219
2024,Fugitives (Venting),22855.5231,219
2024,Wastewater,1734.3271,219
2023,Fugitives (Flaring),243.795,1826
2023,Stationary Fuel Combustion,8039.55,1826
2023,Fugitives (Venting),17136.0,1826
2022,Fugitives (Flaring),214.995,1826
2022,Stationary Fuel Combustion,6782.0,1826
2022,Fugitives (Venting),18844.0,1826
2024,Stationary Fuel Combustion,8748.076797,1540
2024,On-site Transportation,27.4801,1540
2024,Stationary Fuel Combustion,80050.6704,314
2024,On-site Transportation,1084.3636,314
2024,Stationary Fuel Combustion,10962.956,1210
2024,Stationary Fuel Combustion,20938.9761,930
2024,On-site Transportation,228.5445,930
2024,Fugitives (Flaring),63535.4456,106
2024,Fugitives (Leakage),248.6889,106
2024,Stationary Fuel Combustion,98631.5368,106
2024,On-site Transportation,60.2708,106
2024,Fugitives (Flaring),69417.1106,244
2024,Fugitives (Leakage),730.498,244
2024,Stationary Fuel Combustion,58356.0907,244
2024,On-site Transportation,132.3253,244
2024,Fugitives (Venting),0.0028,244
2024,Fugitives (Flaring),263.39189,827
2024,Fugitives (Leakage),43.66188,827
2024,Stationary Fuel Combustion,11571.21339,827
2024,Fugitives (Venting),357.48284,827
2024,Stationary Fuel Combustion,29153.025,822
2024,Industrial Process,3.946,822
2024,On-site Transportation,909.419,822
2023,Stationary Fuel Combustion,1586157.133,18
2023,On-site Transportation,600.5697,18
2024,Stationary Fuel Combustion,30646.7641,1424
2024,On-site Transportation,2.5349,1424
2024,Fugitives (Leakage),250.0,1562
2024,Stationary Fuel Combustion,269.305,1562
2024,Fugitives (Venting),4281.0,1562
2024,Stationary Fuel Combustion,283.2599,60
2024,CO2 from Biomass Combustion,0.0,1448
2024,Fugitives (Flaring),8.12,1448
2024,Stationary Fuel Combustion,1.67475,1448
2024,On-site Transportation,329.047,1448
2024,Waste,47236.0,1448
2024,Stationary Fuel Combustion,18.558,1237
2024,On-site Transportation,109.1154,1237
2024,Waste,82145.8932,1237
2024,Stationary Fuel Combustion,26471.6084,1645
2024,On-site Transportation,12.5727,1645
2023,Stationary Fuel Combustion,26748.3884,1645
2023,On-site Transportation,74.6048,1645
2024,Fugitives (Leakage),0.372064,446
2024,Stationary Fuel Combustion,1154.244546,446
2024,On-site Transportation,12627.98239,446
2024,Wastewater,22.354668,446
2024,On-site Transportation,20016.17,1141
2024,Stationary Fuel Combustion,14748.3822,863
2024,On-site Transportation,24.0217,863
2024,Stationary Fuel Combustion,29261.5521,668
2024,On-site Transportation,22.3028,668
2024,Stationary Fuel Combustion,17233.892,864
2024,On-site Transportation,110.7128,864
2024,Stationary Fuel Combustion,12373.37,1597
2024,Stationary Fuel Combustion,19245.4564,1346
2024,On-site Transportation,1580.1628,1346
2024,Stationary Fuel Combustion,186963.1676,402
2024,On-site Transportation,0.608047,402
2024,Fugitives (Flaring),4755.442,956
2024,Fugitives (Leakage),806.4,956
2024,Stationary Fuel Combustion,526280.9641,956
2024,On-site Transportation,1772.7847,956
2024,Fugitives (Flaring),3615.11,105
2024,Fugitives (Leakage),532.7896,105
2024,Stationary Fuel Combustion,186575.552,105
2024,On-site Transportation,4558.9576,105
2024,CO2 from Biomass Combustion,0.0,1017
2024,Stationary Fuel Combustion,5060.2,1017
2024,Industrial Process,2714.5135,1017
2024,On-site Transportation,95807.639,1017
2024,Stationary Fuel Combustion,32269.1046,1205
2024,Wastewater,62.487,1205
2024,Stationary Fuel Combustion,22699.9305,1122
2024,On-site Transportation,4.9892,1122
2024,Wastewater,2112.188537,1122
2023,Fugitives (Flaring),307.408885,1035
2023,Fugitives (Leakage),108.45974,1035
2023,Stationary Fuel Combustion,31210.24225,1035
2023,Fugitives (Leakage),30.296364,1694
2023,Stationary Fuel Combustion,21521.72683,1694
2023,Fugitives (Venting),1201.478673,1694
2024,Fugitives (Flaring),289.5414,1035
2024,Fugitives (Leakage),349.0384,1035
2024,Stationary Fuel Combustion,27157.1984,1035
2024,Fugitives (Venting),1531.6385,1035
2024,Fugitives (Flaring),451.1054,1673
2024,Fugitives (Leakage),455.0992,1673
2024,Stationary Fuel Combustion,8668.2832,1673
2024,Fugitives (Venting),622.41,1673
2024,Fugitives (Leakage),221.9892,1694
2024,Stationary Fuel Combustion,12478.8014,1694
2024,Fugitives (Venting),1186.1479,1694
2024,Fugitives (Flaring),465.3325,1291
2024,Fugitives (Leakage),529.096,1291
2024,Stationary Fuel Combustion,14490.1462,1291
2024,Fugitives (Venting),443.3875,1291
2024,Fugitives (Flaring),364.2462,1334
2024,Fugitives (Leakage),449.8751,1334
2024,Stationary Fuel Combustion,7100.1196,1334
2024,Fugitives (Venting),1419.1736,1334
2024,Fugitives (Flaring),232.8874,1838
2024,Fugitives (Leakage),4454.9996,1838
2024,Stationary Fuel Combustion,4106.998,1838
2024,Fugitives (Venting),1270.0057,1838
2024,CO2 from Biomass Combustion,0.0,439
2024,Stationary Fuel Combustion,14743.5996,439
2024,On-site Transportation,9468.4289,439
2024,Waste,3.2346,439
2022,CO2 from Biomass Combustion,0.0,1818
2022,Stationary Fuel Combustion,14503.39762,1818
2023,CO2 from Biomass Combustion,0.0,1818
2023,Stationary Fuel Combustion,14847.38511,1818
2024,CO2 from Biomass Combustion,0.0,1576
2024,Stationary Fuel Combustion,9905.3914,1576
2024,On-site Transportation,796.8864,1576
2022,Stationary Fuel Combustion,19320.9227,1806
2022,Industrial Process,26624.69,1806
2022,On-site Transportation,5.94569,1806
2022,Wastewater,183.613,1806
2023,Stationary Fuel Combustion,18545.4968,1806
2023,Industrial Process,26350.09,1806
2023,On-site Transportation,9.54297,1806
2023,Wastewater,149.4854,1806
2024,Stationary Fuel Combustion,45917.29604,457
2024,On-site Transportation,354.651048,457
2024,CO2 from Biomass Combustion,0.0,1765
2024,On-site Transportation,220.8853,1765
2024,Waste,12393.08,1765
2024,CO2 from Biomass Combustion,0.0,1769
2024,On-site Transportation,122.53052,1769
2024,Waste,9999.2536,1769
2024,Stationary Fuel Combustion,40789.6283,1343
2024,Stationary Fuel Combustion,16115.07,1051
2024,Stationary Fuel Combustion,4472.547,536
2024,Industrial Process,110334.15,536
2024,On-site Transportation,16.5989,536
2024,Stationary Fuel Combustion,4090.421,537
2024,Industrial Process,148783.08,537
2024,On-site Transportation,33.1343,537
2024,CO2 from Biomass Combustion,0.0,1878
2024,Stationary Fuel Combustion,9564.9004,1878
2024,On-site Transportation,767.6006,1878
2024,Stationary Fuel Combustion,50902.7444,1431
2024,Industrial Process,712.8428,1431
2024,On-site Transportation,1132.9359,1431
2024,Stationary Fuel Combustion,30235.2085,1013
2024,Industrial Process,7.31,1013
2024,On-site Transportation,94.3203,1013
2024,Fugitives (Venting),12.247,1013
2024,Stationary Fuel Combustion,16705.8474,1154
2024,On-site Transportation,5157.1368,1154
2024,Stationary Fuel Combustion,19606.883,1036
2024,On-site Transportation,6186.222,1036
2024,Fugitives (Leakage),2.297,1410
2024,Stationary Fuel Combustion,12230.45,1410
2024,Fugitives (Venting),159.7,1410
2024,Fugitives (Flaring),250.7893,1399
2024,Fugitives (Leakage),43.905,1399
2024,Stationary Fuel Combustion,13609.12,1399
2024,Fugitives (Venting),584.75,1399
2024,CO2 from Biomass Combustion,0.0,1879
2024,Stationary Fuel Combustion,414.1655,1879
2024,On-site Transportation,518.9535,1879
2024,Waste,48168.96,1879
2024,CO2 from Biomass Combustion,0.0,1345
2024,Fugitives (Flaring),686.28,1345
2024,Stationary Fuel Combustion,2.4828,1345
2024,On-site Transportation,259.66,1345
2024,Waste,58805.62,1345
2024,Fugitives (Flaring),28.4139,1388
2024,Fugitives (Leakage),5.32,1388
2024,Stationary Fuel Combustion,12823.22,1388
2024,Fugitives (Venting),596.32,1388
2024,Waste,13719.72,418
2024,CO2 from Biomass Combustion,0.0,478
2024,Stationary Fuel Combustion,4278.33,478
2024,On-site Transportation,345.884,478
2023,CO2 from Biomass Combustion,0.0,417
2023,Waste,91284.87,417
2024,Stationary Fuel Combustion,10806.7983,1411
2024,Fugitives (Venting),447.7556,1411
2024,Waste,26506.89,1043
2024,CO2 from Biomass Combustion,0.0,367
2024,Stationary Fuel Combustion,70237.58,367
2024,On-site Transportation,858.0,367
2024,Waste,2537.136,367
2023,CO2 from Biomass Combustion,0.0,507
2023,Stationary Fuel Combustion,18.169,507
2023,On-site Transportation,392.298,507
2023,Waste,64495.925,507
2024,CO2 from Biomass Combustion,0.0,1676
2024,On-site Transportation,118.289,1676
2024,Waste,16590.0,1676
2024,Stationary Fuel Combustion,84333.75,363
2024,Industrial Process,6.9246,363
2024,On-site Transportation,197.966,363
2024,Stationary Fuel Combustion,11483.561,639
2024,On-site Transportation,9659.242,639
2024,Fugitives (Flaring),1259.8106,718
2024,Fugitives (Leakage),46.0902,718
2024,Stationary Fuel Combustion,19336.1164,718
2024,Fugitives (Venting),642.1145,718
2024,Stationary Fuel Combustion,70.3558,735
2024,Stationary Fuel Combustion,20357.36367,1579
2024,On-site Transportation,36.755157,1579
2024,Stationary Fuel Combustion,11153.76139,1164
2024,CO2 from Biomass Combustion,0.0,412
2024,Fugitives (Leakage),22.56268,412
2024,Stationary Fuel Combustion,3158.36864,412
2024,On-site Transportation,0.567828,412
2024,Waste,386.0892,412
2024,Fugitives (Flaring),75.9534,1618
2024,Fugitives (Leakage),244.373,1618
2024,Stationary Fuel Combustion,9357.437,1618
2024,Fugitives (Venting),229.6473,1618
2024,CO2 from Biomass Combustion,0.0,1400
2024,On-site Transportation,180.0557,1400
2024,Waste,18554.62,1400
2024,CO2 from Biomass Combustion,0.0,1877
2024,Stationary Fuel Combustion,3308.8121,1877
2024,Industrial Process,193.82,1877
2024,On-site Transportation,9426.23293,1877
2024,Fugitives (Flaring),277.984,1564
2024,Fugitives (Leakage),382.144,1564
2024,Stationary Fuel Combustion,17825.802,1564
2024,Fugitives (Venting),354.116,1564
2024,Fugitives (Flaring),311.572,1317
2024,Fugitives (Leakage),206.696,1317
2024,Stationary Fuel Combustion,13736.932,1317
2024,Fugitives (Venting),413.392,1317
2024,CO2 from Biomass Combustion,0.0,1683
2024,Fugitives (Flaring),149.8,1683
2024,On-site Transportation,188.09,1683
2024,Waste,21717.64,1683
2024,CO2 from Biomass Combustion,0.0,1702
2024,On-site Transportation,117.5902,1702
2024,Waste,10499.9083,1702
2024,On-site Transportation,164.34525,1520
2024,Waste,11466.0,1520
2024,Stationary Fuel Combustion,13831.8,1538
2024,On-site Transportation,68.6455,1538
2024,Stationary Fuel Combustion,10972.315,860
2024,On-site Transportation,1970.88,860
2024,CO2 from Biomass Combustion,0.0,276
2024,Stationary Fuel Combustion,55457.34232,276
2024,On-site Transportation,4344.06643,276
2024,Stationary Fuel Combustion,17656.5628,1766
2024,Stationary Fuel Combustion,22745.1461,1427
2024,CO2 from Biomass Combustion,0.0,1876
2024,On-site Transportation,808.97547,1876
2024,Waste,23293.5892,1876
2024,Fugitives (Flaring),8810.863802,734
2024,Fugitives (Leakage),205.263324,734
2024,Stationary Fuel Combustion,49511.72478,734
2024,On-site Transportation,105.457676,734
2024,Wastewater,429.1,734
2024,Stationary Fuel Combustion,86886.322,343
2024,Stationary Fuel Combustion,125585.5888,342
2024,CO2 from Biomass Combustion,0.0,286
2024,Stationary Fuel Combustion,143465.348,286
2024,On-site Transportation,12357.9,286
2024,CO2 from Biomass Combustion,0.0,1239
2024,Stationary Fuel Combustion,2.617484,1239
2024,On-site Transportation,479.5702,1239
2024,Waste,77129.0949,1239
2024,Stationary Fuel Combustion,9404.7194,1319
2024,On-site Transportation,123.654,1319
2024,CO2 from Biomass Combustion,0.0,64
2024,Stationary Fuel Combustion,169099.911,64
2024,Industrial Process,608130.536,64
2024,On-site Transportation,9782.8485,64
2024,Stationary Fuel Combustion,10724.13347,1195
2024,Stationary Fuel Combustion,17831.5604,791
2024,Stationary Fuel Combustion,18536.6463,747
2024,Wastewater,174.4421,747
2024,Stationary Fuel Combustion,17659.5668,789
2024,Waste,37.3692,789
2024,Wastewater,98.1283,789
2024,Stationary Fuel Combustion,24497.6979,996
2024,Wastewater,204.9718,996
2024,Stationary Fuel Combustion,26645.1779,699
2024,Stationary Fuel Combustion,17846.5037,751
2024,Stationary Fuel Combustion,18787.59,723
2024,Wastewater,272.28,723
2024,Stationary Fuel Combustion,12158.6292,809
2024,Waste,15.9209,809
2024,Stationary Fuel Combustion,15604.878,707
2024,Stationary Fuel Combustion,28006.5252,795
2024,Wastewater,107.1503,795
2024,Stationary Fuel Combustion,16343.1641,720
2024,Wastewater,218.0446,720
2024,Stationary Fuel Combustion,28348.5847,716
2024,Fugitives (Flaring),46997.1637,1642
2024,Stationary Fuel Combustion,35132.0344,1642
2024,On-site Transportation,12.1298,1642
2024,Fugitives (Venting),6.0575,1642
2024,Fugitives (Flaring),2389.73,1226
2024,Stationary Fuel Combustion,10845.33,1226
2024,On-site Transportation,109.80946,1226
2024,Stationary Fuel Combustion,22050.906,1224
2023,Fugitives (Flaring),88.95422,2012
2023,Stationary Fuel Combustion,10604.48626,2012
2023,Fugitives (Venting),244.32024,2012
2024,CO2 from Biomass Combustion,0.0,257
2024,Stationary Fuel Combustion,74.82743,257
2024,On-site Transportation,3590.697,257
2024,Waste,161378.921,257
2024,CO2 from Biomass Combustion,0.0,264
2024,Fugitives (Leakage),10.2555,264
2024,Stationary Fuel Combustion,312.7883,264
2024,On-site Transportation,9.205081,264
2024,Waste,13909.57205,264
2024,Fugitives (Leakage),257.103,545
2024,Stationary Fuel Combustion,2315908.94,545
2024,Fugitives (Venting),51.359,545
2024,Fugitives (Flaring),36693.465,1069
2024,Fugitives (Leakage),33.94,1069
2024,Stationary Fuel Combustion,392831.81,1069
2024,Fugitives (Venting),8184.85,1069
2024,Fugitives (Leakage),27.1856,431
2024,Stationary Fuel Combustion,200579.6428,431
2024,Stationary Fuel Combustion,1227.08725,549
2024,On-site Transportation,413.80237,549
2024,CO2 from Biomass Combustion,0.0,1085
2024,Fugitives (Flaring),793.044,1085
2024,Stationary Fuel Combustion,5.077,1085
2024,On-site Transportation,698.671,1085
2024,Waste,53818.128,1085
2024,CO2 from Biomass Combustion,0.0,70
2024,Stationary Fuel Combustion,70343.654,70
2024,Industrial Process,39.0,70
2024,On-site Transportation,1409.487,70
2024,Stationary Fuel Combustion,31036.3482,663
2024,On-site Transportation,35.7803,663
2024,CO2 from Biomass Combustion,0.0,364
2024,Fugitives (Leakage),430.976,364
2024,Stationary Fuel Combustion,79064.1708,364
2024,Industrial Process,3537.2566,364
2024,On-site Transportation,337.5681,364
2024,Waste,13351.8707,364
2024,Wastewater,20368.7484,364
2024,Fugitives (Leakage),256.78331,49
2024,Stationary Fuel Combustion,281662.3754,49
2024,Fugitives (Venting),0.424,49
2024,Stationary Fuel Combustion,758437.0681,32
2024,Fugitives (Venting),0.5858,32
2024,Fugitives (Flaring),143.22418,1533
2024,Fugitives (Leakage),46.32068,1533
2024,Stationary Fuel Combustion,61649.17,1533
2024,On-site Transportation,6.204098,1533
2024,Fugitives (Venting),5.7624,1533
2024,Stationary Fuel Combustion,5870.9121,1380
2024,Industrial Process,77.112,1380
2024,Stationary Fuel Combustion,83858.91194,596
2024,On-site Transportation,1169.8402,596
2024,Fugitives (Flaring),1387.4655,1874
2024,Fugitives (Leakage),12.1653,1874
2024,Stationary Fuel Combustion,10671.1433,1874
2024,CO2 from Biomass Combustion,0.0,1040
2024,Waste,18060.0,1040
2024,Stationary Fuel Combustion,15164.8,706
2024,Stationary Fuel Combustion,16112.17443,327
2024,Industrial Process,28494.10391,327
2024,On-site Transportation,146.635836,327
2024,Fugitives (Flaring),109.540114,901
2024,Fugitives (Leakage),520.068207,901
2024,Stationary Fuel Combustion,14004.30029,901
2024,Fugitives (Venting),315.127191,901
2024,Fugitives (Flaring),740.812866,376
2024,Fugitives (Leakage),136.703346,376
2024,Stationary Fuel Combustion,96506.50165,376
2024,On-site Transportation,8.594961,376
2024,Fugitives (Venting),1393.5131,376
2024,Stationary Fuel Combustion,753127.0966,1030
2024,On-site Transportation,4917.14,1030
2024,Fugitives (Flaring),27443.63276,79
2024,Fugitives (Leakage),527.265903,79
2024,Stationary Fuel Combustion,133931.9472,79
2024,On-site Transportation,8.123241,79
2024,Fugitives (Venting),2965.2025,79
2024,Fugitives (Flaring),75.602677,597
2024,Fugitives (Leakage),533.403241,597
2024,Stationary Fuel Combustion,57019.65412,597
2024,Fugitives (Venting),1442.259293,597
2024,Fugitives (Flaring),237.561756,1620
2024,Fugitives (Leakage),169.235524,1620
2024,Stationary Fuel Combustion,18304.75151,1620
2024,Fugitives (Venting),145.979999,1620
2024,Fugitives (Flaring),128.670029,572
2024,Fugitives (Leakage),53.197234,572
2024,Stationary Fuel Combustion,63717.66831,572
2024,Fugitives (Venting),594.530807,572
2024,Fugitives (Flaring),152.960068,847
2024,Fugitives (Leakage),74.557083,847
2024,Stationary Fuel Combustion,25062.88279,847
2024,Fugitives (Venting),376.089265,847
2024,Fugitives (Flaring),593.341878,397
2024,Fugitives (Leakage),45.201345,397
2024,Stationary Fuel Combustion,59592.60626,397
2024,Fugitives (Venting),701.084787,397
2024,Fugitives (Flaring),118.009081,900
2024,Fugitives (Leakage),486.372336,900
2024,Stationary Fuel Combustion,47930.5467,900
2024,Fugitives (Venting),997.007721,900
2024,CO2 from Biomass Combustion,0.0,29
2024,Fugitives (Flaring),17598.8943,29
2024,Fugitives (Leakage),357.1904,29
2024,Stationary Fuel Combustion,266510.6369,29
2024,On-site Transportation,495.8423,29
2024,Fugitives (Venting),121479.6386,29
2024,Wastewater,2206.6397,29
2024,Fugitives (Flaring),310.59537,553
2024,Fugitives (Leakage),206.542066,553
2024,Stationary Fuel Combustion,68421.26504,553
2024,Fugitives (Venting),2178.513854,553
2024,Fugitives (Flaring),225.8069,493
2024,Fugitives (Leakage),114.415713,493
2024,Stationary Fuel Combustion,57990.42254,493
2024,Fugitives (Venting),1229.089834,493
2024,Fugitives (Flaring),0.207495,1657
2024,Fugitives (Leakage),671.701288,1657
2024,Stationary Fuel Combustion,45739.64689,1657
2024,Fugitives (Venting),1016.860896,1657
2024,Fugitives (Flaring),651.812,1568
2024,Fugitives (Leakage),845.74,1568
2024,Stationary Fuel Combustion,19405.203,1568
2024,Fugitives (Venting),294.84,1568
2024,Fugitives (Flaring),512.047,1873
2024,Fugitives (Leakage),6.076,1873
2024,Stationary Fuel Combustion,13538.156,1873
2024,Fugitives (Venting),18.228,1873
2024,CO2 from Biomass Combustion,0.0,409
2024,Fugitives (Flaring),237.054,409
2024,Stationary Fuel Combustion,16.3235,409
2024,On-site Transportation,7.75018,409
2024,Waste,35868.0,409
2024,Fugitives (Flaring),438.82391,1007
2024,Fugitives (Leakage),17.31223,1007
2024,Stationary Fuel Combustion,28052.19,1007
2024,On-site Transportation,22.558,1007
2024,Fugitives (Venting),721.08313,1007
2024,CO2 from Biomass Combustion,0.0,113
2024,Stationary Fuel Combustion,100405.9534,113
2024,On-site Transportation,2478.2028,113
2024,Waste,26341.0,113
2024,Wastewater,445.0145,113
2024,Fugitives (Flaring),4539.5361,1394
2024,Fugitives (Leakage),80.8692,1394
2024,Stationary Fuel Combustion,7411.185,1394
2024,Fugitives (Venting),373.1081,1394
2024,Fugitives (Flaring),720.878,1485
2024,Fugitives (Leakage),196.9957,1485
2024,Stationary Fuel Combustion,10113.9662,1485
2024,Fugitives (Venting),233.4715,1485
2024,Fugitives (Flaring),5279.40999,512
2024,Fugitives (Leakage),938.04378,512
2024,Stationary Fuel Combustion,37374.89602,512
2024,Fugitives (Venting),8295.32979,512
2024,Fugitives (Flaring),712.0275,869
2024,Stationary Fuel Combustion,24219.3901,869
2024,Fugitives (Venting),2078.1544,869
2024,Fugitives (Flaring),13845.08815,535
2024,Fugitives (Leakage),1911.49169,535
2024,Stationary Fuel Combustion,20940.65204,535
2024,Fugitives (Venting),5832.84601,535
2024,Fugitives (Flaring),719.79312,773
2024,Fugitives (Leakage),30.40891,773
2024,Stationary Fuel Combustion,31013.56896,773
2024,Fugitives (Flaring),347.32546,1731
2024,Fugitives (Leakage),312.7585,1731
2024,Stationary Fuel Combustion,27287.88233,1731
2024,Fugitives (Flaring),150.33407,848
2024,Fugitives (Leakage),3508.56485,848
2024,Stationary Fuel Combustion,14927.06281,848
2024,Fugitives (Venting),1578.7518,848
2024,CO2 from Biomass Combustion,0.0,1578
2024,Stationary Fuel Combustion,11566.8996,1578
2024,On-site Transportation,87783.9748,1578
2024,Wastewater,226.9729,1578
2024,Stationary Fuel Combustion,73.27039,842
2024,On-site Transportation,973.4516,842
2024,Waste,37173.074,842
2024,Fugitives (Flaring),10175.7854,1612
2024,Fugitives (Leakage),163.6407,1612
2024,Stationary Fuel Combustion,1917.9497,1612
2024,Fugitives (Flaring),965.1937,882
2024,Fugitives (Leakage),74.1114,882
2024,Stationary Fuel Combustion,8876.333,882
2024,Fugitives (Venting),284.2022,882
2024,Fugitives (Flaring),18759.6834,1743
2024,Fugitives (Leakage),2.8904,1743
2024,Stationary Fuel Combustion,3747.7712,1743
2024,Fugitives (Venting),275.242,1743
2024,Fugitives (Flaring),16475.8181,370
2024,Fugitives (Leakage),688.8874,370
2024,Stationary Fuel Combustion,31541.6193,370
2024,On-site Transportation,1.618396,370
2024,Fugitives (Venting),475.5386,370
2024,Fugitives (Flaring),13687.1399,1604
2024,Fugitives (Leakage),44.1067,1604
2024,Stationary Fuel Combustion,3562.797,1604
2024,Fugitives (Flaring),13065.0221,1621
2024,Fugitives (Leakage),269.6226,1621
2024,Stationary Fuel Combustion,2451.8542,1621
2024,Fugitives (Venting),207.9308,1621
2024,Fugitives (Flaring),396.1616,1452
2024,Fugitives (Leakage),4.089,1452
2024,Stationary Fuel Combustion,18875.362,1452
2024,Fugitives (Venting),7772.9878,1452
2024,Fugitives (Flaring),10089.0071,1746
2024,Fugitives (Leakage),59.3652,1746
2024,Stationary Fuel Combustion,2578.5282,1746
2024,Fugitives (Flaring),38576.9417,1622
2024,Fugitives (Leakage),16.4056,1622
2024,Stationary Fuel Combustion,1388.6577,1622
2024,Fugitives (Flaring),42127.2833,1637
2024,Stationary Fuel Combustion,722.8799,1637
2024,Fugitives (Venting),256.8595,1637
2024,Fugitives (Flaring),4851.7203,1742
2024,Fugitives (Leakage),285.7372,1742
2024,Stationary Fuel Combustion,45880.1323,1742
2024,Fugitives (Venting),116.2228,1742
2024,Fugitives (Flaring),234.9592,1228
2024,Fugitives (Leakage),144.5765,1228
2024,Stationary Fuel Combustion,32116.8855,1228
2024,Fugitives (Venting),539.3458,1228
2024,Fugitives (Flaring),4688.7377,1872
2024,Fugitives (Leakage),526.0258,1872
2024,Stationary Fuel Combustion,17258.9864,1872
2024,Fugitives (Venting),15.176,1872
2024,Fugitives (Flaring),6743.5105,1747
2024,Fugitives (Leakage),536.326,1747
2024,Stationary Fuel Combustion,47001.6787,1747
2024,Fugitives (Venting),8.008,1747
2023,Stationary Fuel Combustion,16281.269,1469
2023,On-site Transportation,2115.09,1469
2024,Fugitives (Flaring),11162.7746,1741
2024,Fugitives (Leakage),200.543,1741
2024,Stationary Fuel Combustion,15197.0577,1741
2024,On-site Transportation,17689.461,1469
2024,Fugitives (Flaring),17084.1496,1871
2024,Fugitives (Leakage),208.3569,1871
2024,Stationary Fuel Combustion,1547.3981,1871
2024,Fugitives (Flaring),11.6501,1262
2024,Fugitives (Leakage),273.8567,1262
2024,Stationary Fuel Combustion,9285.5871,1262
2024,Fugitives (Venting),806.1123,1262
2024,Fugitives (Flaring),3393.7899,1607
2024,Fugitives (Leakage),117.886011,1607
2024,Stationary Fuel Combustion,9653.755312,1607
2024,Fugitives (Flaring),802.095,1870
2024,Fugitives (Leakage),456.6317,1870
2024,Stationary Fuel Combustion,12646.5182,1870
2024,Fugitives (Venting),3869.4904,1870
2024,CO2 from Biomass Combustion,0.0,677
2024,Stationary Fuel Combustion,67.089095,677
2024,On-site Transportation,1157.6946,677
2024,Waste,39551.048,677
2024,Fugitives (Flaring),11673.0384,1869
2024,Fugitives (Leakage),2.2531,1869
2024,Stationary Fuel Combustion,1429.236,1869
2024,Fugitives (Venting),514.4403,1869
2024,Fugitives (Flaring),12108.3457,1744
2024,Fugitives (Leakage),307.15,1744
2024,Stationary Fuel Combustion,1860.29,1744
2024,Fugitives (Flaring),10052.608,1745
2024,Fugitives (Leakage),144.1807,1745
2024,Stationary Fuel Combustion,1516.7384,1745
2024,CO2 from Biomass Combustion,0.0,158
2024,Stationary Fuel Combustion,179774.5687,158
2024,On-site Transportation,1655.2147,158
2024,Stationary Fuel Combustion,517597.4171,144
2024,Fugitives (Flaring),3164.44046,452
2024,Fugitives (Leakage),673.89069,452
2024,Stationary Fuel Combustion,42030.70076,452
2024,Fugitives (Venting),860.91331,452
2024,Fugitives (Flaring),12153.70573,391
2024,Fugitives (Leakage),960.88,391
2024,Stationary Fuel Combustion,87328.24,391
2024,Fugitives (Venting),3222.19,391
2024,Fugitives (Flaring),8150.9275,501
2024,Fugitives (Leakage),528.7273,501
2024,Stationary Fuel Combustion,61594.6405,501
2024,Fugitives (Venting),2683.0676,501
2024,Fugitives (Flaring),15091.5436,500
2024,Fugitives (Leakage),450.955,500
2024,Stationary Fuel Combustion,17983.3756,500
2024,Fugitives (Venting),2402.0768,500
2024,Fugitives (Flaring),8036.4671,530
2024,Fugitives (Leakage),55.6449,530
2024,Stationary Fuel Combustion,105932.6708,530
2024,Fugitives (Venting),144.8457,530
2024,Fugitives (Flaring),1667.1538,1133
2024,Fugitives (Leakage),148.4037,1133
2024,Stationary Fuel Combustion,20243.1918,1133
2024,Fugitives (Venting),103.9879,1133
2024,Fugitives (Flaring),13237.6006,390
2024,Fugitives (Leakage),617.4915,390
2024,Stationary Fuel Combustion,44066.4304,390
2024,Fugitives (Venting),3385.354,390
2024,Fugitives (Flaring),5628.2948,99
2024,Fugitives (Leakage),13444.4489,99
2024,Stationary Fuel Combustion,102254.6182,99
2024,Fugitives (Venting),993.6145,99
2024,Fugitives (Flaring),97.2967,1132
2024,Fugitives (Leakage),81.8343,1132
2024,Stationary Fuel Combustion,16092.696,1132
2024,Fugitives (Venting),372.9212,1132
2024,Fugitives (Flaring),692.1845,389
2024,Fugitives (Leakage),969.8584,389
2024,Stationary Fuel Combustion,67450.6031,389
2024,Fugitives (Venting),87.9829,389
2024,Fugitives (Flaring),2626.1114,1134
2024,Fugitives (Leakage),383.911,1134
2024,Stationary Fuel Combustion,19217.4322,1134
2024,Fugitives (Venting),197.0377,1134
2024,Fugitives (Leakage),390.1216,1422
2024,Stationary Fuel Combustion,14256.9065,1422
2024,Fugitives (Venting),781.4723,1422
2024,Fugitives (Leakage),49.2533,1135
2024,Stationary Fuel Combustion,5365.2889,1135
2024,Fugitives (Venting),633.7479,1135
2024,Fugitives (Leakage),432.5032,1514
2024,Stationary Fuel Combustion,2811.6504,1514
2024,Fugitives (Venting),219.8612,1514
2024,Stationary Fuel Combustion,15961.27,1868
2024,On-site Transportation,1419.9014,1868
2024,Stationary Fuel Combustion,40200.3601,1227
2024,On-site Transportation,148.4469,1227
2024,CO2 from Biomass Combustion,0.0,329
2024,Stationary Fuel Combustion,1292.8635,329
2024,On-site Transportation,451.591,329
2024,Waste,76714.96,329
2024,Fugitives (Flaring),3980.2222,793
2024,Stationary Fuel Combustion,28799.0405,793
2024,On-site Transportation,131.5218,793
2024,CO2 from Biomass Combustion,0.0,917
2024,On-site Transportation,132.143489,917
2024,Waste,18610.39,917
2024,Stationary Fuel Combustion,1235.86,1296
2024,Industrial Process,1766.0,1296
2024,Fugitives (Venting),13270.76,1296
2024,Fugitives (Leakage),236.2484,1867
2024,Stationary Fuel Combustion,13144.1429,1867
2024,On-site Transportation,6941.4802,1867
2024,CO2 from Biomass Combustion,0.0,61
2024,Fugitives (Flaring),8388.126878,61
2024,Fugitives (Leakage),400.19521,61
2024,Stationary Fuel Combustion,5719354.407,61
2024,On-site Transportation,6410.677069,61
2024,Fugitives (Venting),1025.8773,61
2024,Wastewater,5.953836,61
2024,CO2 from Biomass Combustion,0.0,88
2024,Stationary Fuel Combustion,312211.4992,88
2024,Industrial Process,848905.5006,88
2024,On-site Transportation,4987.809,88
2024,Stationary Fuel Combustion,24810.31,688
2024,On-site Transportation,26.431243,688
2024,Fugitives (Flaring),3.1106,872
2024,Fugitives (Leakage),29.9338,872
2024,Stationary Fuel Combustion,10813.3535,872
2024,CO2 from Biomass Combustion,0.0,40
2024,Stationary Fuel Combustion,109156.8213,40
2024,Industrial Process,63.18,40
2024,On-site Transportation,2613.72162,40
2024,Fugitives (Flaring),320.37,394
2024,Fugitives (Leakage),143.7761,394
2024,Stationary Fuel Combustion,41313.5092,394
2024,Fugitives (Venting),2909.4629,394
2024,Fugitives (Flaring),6341.5871,1095
2024,Fugitives (Leakage),167.2117,1095
2024,Stationary Fuel Combustion,5159.6676,1095
2024,Fugitives (Leakage),45.9194,1420
2024,Stationary Fuel Combustion,25627.8884,1420
2024,Fugitives (Venting),60.1533,1420
2024,Fugitives (Flaring),40.792423,672
2024,Fugitives (Leakage),90.706745,672
2024,Stationary Fuel Combustion,10785.13747,672
2024,Fugitives (Venting),160.524166,672
2024,Fugitives (Leakage),293.9407,1094
2024,Stationary Fuel Combustion,13745.3074,1094
2024,Fugitives (Venting),2633.6156,1094
2024,Fugitives (Leakage),12.5069,1093
2024,Stationary Fuel Combustion,12925.0474,1093
2024,Fugitives (Venting),125.7217,1093
2024,Fugitives (Flaring),138.93105,1468
2024,Fugitives (Leakage),179.2935,1468
2024,Stationary Fuel Combustion,12230.9468,1468
2024,Fugitives (Flaring),166.92645,1096
2024,Fugitives (Leakage),1178.3684,1096
2024,Stationary Fuel Combustion,32059.9116,1096
2024,Fugitives (Venting),7450.0095,1096
2024,Fugitives (Flaring),50.693772,1186
2024,Fugitives (Leakage),21.781,1186
2024,Stationary Fuel Combustion,11179.6498,1186
2024,Fugitives (Venting),3090.9886,1186
2024,CO2 from Biomass Combustion,0.0,1457
2024,Stationary Fuel Combustion,152.0581,1457
2024,On-site Transportation,257.014,1457
2024,Waste,28516.1364,1457
2024,On-site Transportation,1206.247,1263
2024,Waste,57115.24,1263
2024,CO2 from Biomass Combustion,0.0,157
2024,Fugitives (Flaring),10431.25,157
2024,Stationary Fuel Combustion,156231.44,157
2024,Industrial Process,29314.0,157
2024,On-site Transportation,417.583,157
2024,Fugitives (Flaring),1928.7437,517
2024,Fugitives (Leakage),2738.0669,517
2024,Stationary Fuel Combustion,500761.656,517
2024,Industrial Process,0.329,517
2024,On-site Transportation,501.093,517
2024,Fugitives (Venting),7.1521,517
2024,Stationary Fuel Combustion,4203.007,764
2024,Stationary Fuel Combustion,23801.6,447
2024,Stationary Fuel Combustion,5791.6,763
2024,Fugitives (Flaring),120607.248,112
2024,Fugitives (Leakage),3.335535,112
2024,Stationary Fuel Combustion,376569.09,112
2024,Fugitives (Flaring),115.975093,881
2024,Fugitives (Leakage),116.70206,881
2024,Stationary Fuel Combustion,12044.88288,881
2024,Fugitives (Venting),242.370383,881
2024,Fugitives (Flaring),97.895065,1705
2024,Fugitives (Leakage),11.40685,1705
2024,Stationary Fuel Combustion,11516.56874,1705
2024,Fugitives (Venting),343.489285,1705
2024,Fugitives (Flaring),284.604564,1605
2024,Fugitives (Leakage),38.201546,1605
2024,Stationary Fuel Combustion,9780.328512,1605
2024,Fugitives (Venting),72.469088,1605
2024,Fugitives (Flaring),1346.5887,608
2024,Fugitives (Leakage),708.6216,608
2024,Stationary Fuel Combustion,46131.3859,608
2024,Fugitives (Venting),2069.3353,608
2024,Stationary Fuel Combustion,56027.34314,311
2024,Industrial Process,21304.5041,311
2024,On-site Transportation,2116.304267,311
2024,Stationary Fuel Combustion,50648.6688,10
2024,Industrial Process,1044461.667,10
2024,On-site Transportation,4342.3032,10
2024,Fugitives (Flaring),13083.23102,126
2024,Fugitives (Leakage),338.51293,126
2024,Stationary Fuel Combustion,154534.7248,126
2024,Fugitives (Venting),3023.59606,126
2024,Stationary Fuel Combustion,13244.86188,633
2024,On-site Transportation,246.56347,633
2024,Fugitives (Flaring),490.52365,985
2024,Fugitives (Leakage),11.47809,985
2024,Stationary Fuel Combustion,10479.59123,985
2024,Fugitives (Venting),67.38499,985
2024,CO2 from Biomass Combustion,0.0,183
2024,Stationary Fuel Combustion,129464.9934,183
2024,Industrial Process,1713.659319,183
2024,On-site Transportation,16948.26843,183
2024,Waste,876.007241,183
2024,Wastewater,13.351495,183
2024,Fugitives (Flaring),7092.08059,1360
2024,Fugitives (Leakage),9.2135,1360
2024,Stationary Fuel Combustion,116559.5815,1360
2024,On-site Transportation,96.49188,1360
2024,Fugitives (Venting),747.80568,1360
2024,CO2 from Biomass Combustion,0.0,1092
2024,On-site Transportation,301.02,1092
2024,Waste,19547.08,1092
2024,Stationary Fuel Combustion,16509.96601,625
2024,On-site Transportation,37337.92815,625
2024,Waste,105.641909,625
2024,Wastewater,0.018415,625
2024,Stationary Fuel Combustion,23838.74219,589
2024,On-site Transportation,98348.14015,589
2024,Waste,69.788292,589
2024,Wastewater,0.04439,589
2024,Stationary Fuel Combustion,14417.45,1393
2024,On-site Transportation,0.89,1393
2024,CO2 from Biomass Combustion,0.0,873
2024,Stationary Fuel Combustion,12462.05,873
2024,On-site Transportation,334.469,873
2024,Fugitives (Flaring),1396.10377,1283
2024,Fugitives (Leakage),578.37776,1283
2024,Stationary Fuel Combustion,18255.60835,1283
2024,Fugitives (Venting),349.31774,1283
2024,Waste,1345.331596,1004
2024,Stationary Fuel Combustion,575136.8608,16
2024,On-site Transportation,2.15,16
2024,Stationary Fuel Combustion,594284.73,62
2024,On-site Transportation,7.45,62
2024,CO2 from Biomass Combustion,0.0,18
2024,Stationary Fuel Combustion,2090255.079,18
2024,On-site Transportation,1.12559,18
2024,CO2 from Biomass Combustion,0.0,1192
2024,Fugitives (Flaring),747.60605,1192
2024,Stationary Fuel Combustion,13842.29782,1192
2024,Wastewater,71336.48,1192
2024,CO2 from Biomass Combustion,0.0,1193
2024,Fugitives (Flaring),621.903,1193
2024,Stationary Fuel Combustion,14231.5944,1193
2024,Waste,8463.3894,1193
2024,Wastewater,21969.61,1193
2024,CO2 from Biomass Combustion,0.0,1596
2024,Fugitives (Flaring),118.44445,1596
2024,Stationary Fuel Combustion,3897.2532,1596
2024,Wastewater,30487.56,1596
2024,Fugitives (Venting),37285.36,1437
2024,Fugitives (Venting),49729.68,1459
2024,CO2 from Biomass Combustion,0.0,27
2024,Fugitives (Flaring),396.683,27
2024,Stationary Fuel Combustion,0.12836,27
2024,On-site Transportation,11.600965,27
2024,Waste,108600.044,27
2024,CO2 from Biomass Combustion,0.0,128
2024,Fugitives (Flaring),2168.728,128
2024,Stationary Fuel Combustion,29.023,128
2024,On-site Transportation,30.356,128
2024,Waste,220736.096,128
2024,CO2 from Biomass Combustion,0.0,464
2024,Stationary Fuel Combustion,13298.75904,464
2024,On-site Transportation,1340.396189,464
2024,Fugitives (Flaring),795.014217,156
2024,Fugitives (Leakage),109.123446,156
2024,Stationary Fuel Combustion,75674.22954,156
2024,On-site Transportation,842.596606,156
2024,Fugitives (Venting),272.360495,156
2024,CO2 from Biomass Combustion,0.0,253
2024,Waste,206036.18,253
2024,On-site Transportation,152.635547,1118
2024,Waste,14215.52547,1118
2024,Stationary Fuel Combustion,23328.15,776
2024,Industrial Process,2562.3,776
2024,CO2 from Biomass Combustion,0.0,1866
2024,Fugitives (Flaring),478.8,1866
2024,Fugitives (Leakage),1369.2,1866
2024,Stationary Fuel Combustion,1480.5,1866
2024,Wastewater,8290.3,1866
2024,Stationary Fuel Combustion,49217.2946,432
2024,Stationary Fuel Combustion,216.309278,423
2024,On-site Transportation,2457.441634,423
2024,Waste,9108.627505,423
2024,Fugitives (Flaring),22976.70828,550
2024,Fugitives (Leakage),1650.86924,550
2024,Stationary Fuel Combustion,175664.3023,550
2024,On-site Transportation,105.83185,550
2024,Fugitives (Venting),1142.93361,550
2024,CO2 from Biomass Combustion,0.0,1121
2024,Stationary Fuel Combustion,0.347375,1121
2024,On-site Transportation,363.235325,1121
2024,Waste,49119.31704,1121
2024,CO2 from Biomass Combustion,0.0,580
2024,Fugitives (Flaring),364.354645,580
2024,Fugitives (Leakage),6.7416,580
2024,Stationary Fuel Combustion,49.78786,580
2024,On-site Transportation,279.82488,580
2024,Waste,57145.76,580
2024,CO2 from Biomass Combustion,0.0,1590
2024,Stationary Fuel Combustion,4.24146,1590
2024,On-site Transportation,134.1826,1590
2024,Waste,12777.2,1590
2024,CO2 from Biomass Combustion,0.0,532
2024,On-site Transportation,2989.3078,532
2024,Waste,320598.88,532
2024,CO2 from Biomass Combustion,0.0,1598
2024,On-site Transportation,122.67475,1598
2024,Waste,10251.545,1598
2024,CO2 from Biomass Combustion,0.0,588
2024,Stationary Fuel Combustion,173.5356,588
2024,On-site Transportation,447.254,588
2024,Waste,48271.06,588
2024,Waste,30637.32,1456
2024,Fugitives (Flaring),5979.857655,1297
2024,Fugitives (Leakage),644.751469,1297
2024,Stationary Fuel Combustion,9490.840184,1297
2024,Fugitives (Venting),151.51566,1297
2024,CO2 from Biomass Combustion,0.0,1768
2024,Stationary Fuel Combustion,19632.86205,1768
2024,On-site Transportation,21705.17212,1768
2024,Waste,355.99423,1768
2024,Stationary Fuel Combustion,236.36022,727
2024,On-site Transportation,0.371465,727
2024,Wastewater,11176.76,727
2024,Stationary Fuel Combustion,8183.84044,405
2024,On-site Transportation,11561.895,405
2024,Waste,88.168,405
2024,Fugitives (Flaring),8594.48758,338
2024,Fugitives (Leakage),410.90034,338
2024,Stationary Fuel Combustion,209536.4925,338
2024,Fugitives (Venting),2608.89468,338
2024,CO2 from Biomass Combustion,0.0,1865
2024,On-site Transportation,38.718576,1865
2024,Waste,10901.22,1865
2024,CO2 from Biomass Combustion,0.0,1321
2024,On-site Transportation,255.4163,1321
2024,Waste,31068.57,1321
2024,Stationary Fuel Combustion,324.21,1109
2024,On-site Transportation,755.353,1109
2024,Waste,75348.0,1109
2024,CO2 from Biomass Combustion,0.0,1648
2024,Stationary Fuel Combustion,50.7016,1648
2024,On-site Transportation,317.047,1648
2024,Waste,58823.722,1648
2024,Fugitives (Flaring),136.16,1699
2024,Fugitives (Leakage),72.28,1699
2024,Stationary Fuel Combustion,9776.83,1699
2024,Fugitives (Venting),170.9,1699
2024,Fugitives (Flaring),302.6,1106
2024,Fugitives (Leakage),189.12,1106
2024,Stationary Fuel Combustion,23307.99,1106
2024,Fugitives (Venting),1504.5,1106
2024,Fugitives (Flaring),377.4,1458
2024,Fugitives (Leakage),2456.0,1458
2024,Stationary Fuel Combustion,30173.05,1458
2024,Fugitives (Venting),407.64,1458
2024,Fugitives (Flaring),4070.94,1449
2024,Fugitives (Leakage),118.23,1449
2024,Stationary Fuel Combustion,44733.82,1449
2024,Fugitives (Venting),915.87,1449
2024,CO2 from Biomass Combustion,0.0,1580
2024,On-site Transportation,226.355,1580
2024,Waste,19482.573,1580
2024,CO2 from Biomass Combustion,0.0,1682
2024,On-site Transportation,265.2,1682
2024,Waste,31029.71,1682
2024,CO2 from Biomass Combustion,0.0,1684
2024,Stationary Fuel Combustion,3.73991,1684
2024,On-site Transportation,307.60116,1684
2024,Waste,39249.79258,1684
2024,Fugitives (Flaring),4315.3737,75
2024,Fugitives (Leakage),52.2902,75
2024,Stationary Fuel Combustion,55486.4687,75
2024,Fugitives (Venting),711.5815,75
2024,Fugitives (Flaring),122255.8214,551
2024,Fugitives (Leakage),339.15735,551
2024,Stationary Fuel Combustion,26627.23317,551
2024,On-site Transportation,1462.55592,551
2024,Fugitives (Venting),15.97988,551
2024,CO2 from Biomass Combustion,0.0,1041
2024,On-site Transportation,93.939,1041
2024,Waste,10583.6,1041
2024,Fugitives (Leakage),99.3639,870
2024,Stationary Fuel Combustion,19183.6492,870
2024,On-site Transportation,339.986,870
2024,Stationary Fuel Combustion,8790.228,1526
2024,On-site Transportation,88402.493,1526
2024,Fugitives (Leakage),30.765784,146
2024,Stationary Fuel Combustion,852868.6433,146
2024,On-site Transportation,5.783281,146
2024,Fugitives (Flaring),71027.14199,116
2024,Fugitives (Leakage),83.70908,116
2024,Stationary Fuel Combustion,598187.9858,116
2024,Industrial Process,282459.6901,116
2024,On-site Transportation,4790.75875,116
2024,Fugitives (Venting),51818.22506,116
2024,Wastewater,13623.17268,116
2024,Fugitives (Flaring),652.579643,353
2024,Fugitives (Leakage),95.939425,353
2024,Stationary Fuel Combustion,99471.50596,353
2024,On-site Transportation,259.546626,353
2024,Fugitives (Flaring),15918.045,845
2024,Stationary Fuel Combustion,3756.09,845
2024,Fugitives (Leakage),4.680844,290
2024,Stationary Fuel Combustion,30322.84776,290
2024,On-site Transportation,128.025785,290
2024,Fugitives (Flaring),310.066,694
2024,Stationary Fuel Combustion,11140.73537,694
2024,Fugitives (Venting),28.84,694
2024,Fugitives (Leakage),58.367876,303
2024,Stationary Fuel Combustion,79045.50439,303
2024,On-site Transportation,35.30242,303
2024,Fugitives (Flaring),266.711,693
2024,Stationary Fuel Combustion,18651.939,693
2024,Fugitives (Venting),243.4698,693
2024,Fugitives (Flaring),182.99425,1421
2024,Fugitives (Leakage),94.89792,1421
2024,Stationary Fuel Combustion,11769.05973,1421
2024,Fugitives (Venting),287.21309,1421
2024,Fugitives (Flaring),152.66702,1864
2024,Stationary Fuel Combustion,10381.6603,1864
2024,Fugitives (Venting),127.7759,1864
2024,Fugitives (Flaring),14639.2456,1691
2024,Fugitives (Leakage),40.3928,1691
2024,Stationary Fuel Combustion,32428.56208,1691
2024,On-site Transportation,52.44992,1691
2024,Fugitives (Venting),39873.16279,1691
2024,Fugitives (Flaring),16004.784,177
2024,Fugitives (Leakage),315.65856,177
2024,Stationary Fuel Combustion,89941.8776,177
2024,On-site Transportation,152.74702,177
2024,Fugitives (Venting),34751.97857,177
2024,Fugitives (Flaring),5619.68331,1753
2024,Stationary Fuel Combustion,21986.31511,1753
2024,Fugitives (Venting),2862.03765,1753
2024,Fugitives (Flaring),1387.0608,1477
2024,Fugitives (Leakage),440.929,1477
2024,Stationary Fuel Combustion,13104.6282,1477
2024,Fugitives (Venting),1238.4296,1477
2024,Fugitives (Flaring),1725.607918,564
2024,Fugitives (Leakage),473.177084,564
2024,Stationary Fuel Combustion,119752.9418,564
2024,On-site Transportation,7.490329,564
2024,Fugitives (Venting),664.350138,564
2024,Fugitives (Flaring),22.742847,1636
2024,Fugitives (Leakage),260.732619,1636
2024,Stationary Fuel Combustion,9715.243118,1636
2024,On-site Transportation,4.336344,1636
2024,Fugitives (Flaring),1170.4661,1015
2024,Fugitives (Leakage),49.5963,1015
2024,Stationary Fuel Combustion,196276.7839,1015
2024,On-site Transportation,131.3124,1015
2024,Fugitives (Venting),774.54377,1015
2024,Fugitives (Leakage),75.083288,1630
2024,Stationary Fuel Combustion,14560.12173,1630
2024,On-site Transportation,2.261878,1630
2024,Fugitives (Flaring),1837.862917,542
2024,Fugitives (Leakage),628.189072,542
2024,Stationary Fuel Combustion,223409.7321,542
2024,On-site Transportation,6.984996,542
2024,Fugitives (Venting),751.422252,542
2024,Fugitives (Flaring),707.031501,1251
2024,Stationary Fuel Combustion,19124.11158,1251
2024,On-site Transportation,3.204117,1251
2024,Fugitives (Venting),219.803211,1251
2024,Fugitives (Flaring),34.51891,923
2024,Fugitives (Leakage),97.34171,923
2024,Stationary Fuel Combustion,22360.14398,923
2024,On-site Transportation,79.31671,923
2024,Fugitives (Venting),898.64291,923
2024,Fugitives (Flaring),14439.26319,1115
2024,Fugitives (Leakage),7441.7353,1115
2024,Stationary Fuel Combustion,63581.84085,1115
2024,On-site Transportation,10.80333,1115
2024,Fugitives (Venting),122.16012,1115
2024,Fugitives (Flaring),9546.27562,578
2024,Fugitives (Leakage),394.36747,578
2024,Stationary Fuel Combustion,556421.331,578
2024,On-site Transportation,483.202,578
2024,Fugitives (Flaring),892.60328,1409
2024,Fugitives (Leakage),17.53992,1409
2024,Stationary Fuel Combustion,256297.0341,1409
2024,On-site Transportation,220.63,1409
2024,Fugitives (Flaring),2170.55663,1539
2024,Fugitives (Leakage),20.15587,1539
2024,Stationary Fuel Combustion,231458.2171,1539
2024,On-site Transportation,51.67616,1539
2024,Stationary Fuel Combustion,7834.774,1863
2024,Industrial Process,2264.781,1863
2024,On-site Transportation,893.27,1863
2024,Wastewater,328.6,1863
2024,Fugitives (Flaring),5961.22421,502
2024,Fugitives (Leakage),594.49492,502
2024,Stationary Fuel Combustion,48708.63671,502
2024,Fugitives (Venting),1860.97489,502
2024,Fugitives (Flaring),3891.3363,1241
2024,Fugitives (Leakage),9.9888,1241
2024,Stationary Fuel Combustion,244937.4374,1241
2024,On-site Transportation,72.2307,1241
2024,Fugitives (Flaring),806.23503,304
2024,Fugitives (Leakage),309.84664,304
2024,Stationary Fuel Combustion,653791.9885,304
2024,On-site Transportation,160.59,304
2024,Fugitives (Venting),33.74,304
2024,Fugitives (Flaring),1715.97226,1463
2024,Stationary Fuel Combustion,57986.14283,1463
2024,Fugitives (Venting),6.98052,1463
2024,Fugitives (Flaring),5918.20082,552
2024,Fugitives (Leakage),52.27731,552
2024,Stationary Fuel Combustion,101879.0771,552
2024,Fugitives (Venting),328.80904,552
2024,Stationary Fuel Combustion,1530.9936,1754
2024,Fugitives (Venting),29845.5487,1754
2024,Stationary Fuel Combustion,44475.1032,989
2024,On-site Transportation,138.6061,989
2024,Fugitives (Flaring),15285.4518,1862
2024,Stationary Fuel Combustion,64.3642,1862
2024,Fugitives (Flaring),21174.98227,1454
2024,Fugitives (Leakage),277.69989,1454
2024,Stationary Fuel Combustion,39158.40812,1454
2024,Fugitives (Venting),982.12246,1454
2024,Fugitives (Leakage),2383.041587,19
2024,Stationary Fuel Combustion,2482344.741,19
2024,Fugitives (Leakage),2671.037656,174
2024,Stationary Fuel Combustion,3338664.055,174
2024,CO2 from Biomass Combustion,0.0,1861
2024,Fugitives (Flaring),649.6,1861
2024,Fugitives (Leakage),999.6,1861
2024,Stationary Fuel Combustion,489.8,1861
2024,Wastewater,11337.5,1861
2024,Fugitives (Flaring),1948.3932,1584
2024,Fugitives (Leakage),2799.062,1584
2024,Stationary Fuel Combustion,20366.6523,1584
2024,Fugitives (Venting),471.716,1584
2024,Fugitives (Leakage),1068.454998,205
2024,Stationary Fuel Combustion,1586842.692,205
2024,Fugitives (Flaring),2759.4183,1695
2024,Fugitives (Leakage),502.1604,1695
2024,Stationary Fuel Combustion,13503.5611,1695
2024,Fugitives (Venting),109.9392,1695
2024,Stationary Fuel Combustion,8880.70395,790
2024,On-site Transportation,1974.3013,790
2024,Stationary Fuel Combustion,915352.5381,1354
2024,Fugitives (Flaring),4508.93938,292
2024,Fugitives (Leakage),2879.65781,292
2024,Stationary Fuel Combustion,858213.7503,292
2024,On-site Transportation,279.629,292
2024,Fugitives (Leakage),3.649,66
2024,Stationary Fuel Combustion,563601.2828,66
2024,Stationary Fuel Combustion,25143.43,326
2024,On-site Transportation,215.168,326
2024,Stationary Fuel Combustion,1427429.785,179
2024,Stationary Fuel Combustion,220730.9559,451
2024,Stationary Fuel Combustion,7929.117332,528
2024,Stationary Fuel Combustion,286.984953,520
2024,Stationary Fuel Combustion,274993.4308,508
2024,Stationary Fuel Combustion,199261.9837,1860
2024,Stationary Fuel Combustion,23.414262,1651
2024,On-site Transportation,222.62,1651
2024,Waste,31277.756,1651
2024,CO2 from Biomass Combustion,0.0,1675
2024,On-site Transportation,32.3982,1675
2024,Waste,11547.2,1675
2024,Fugitives (Flaring),13543.8332,1859
2024,Fugitives (Leakage),122.869,1859
2024,Stationary Fuel Combustion,2066.3277,1859
2024,Fugitives (Venting),183.0604,1859
2024,Fugitives (Flaring),14846.9256,1858
2024,Fugitives (Leakage),46.9572,1858
2024,Stationary Fuel Combustion,1353.3089,1858
2024,Fugitives (Venting),162.552,1858
2024,Fugitives (Flaring),14673.8206,1857
2024,Stationary Fuel Combustion,885.0363,1857
2024,Fugitives (Venting),132.5449,1857
2024,Fugitives (Flaring),7230.6545,1532
2024,Fugitives (Leakage),1168.3143,1532
2024,Stationary Fuel Combustion,25202.8576,1532
2024,Fugitives (Venting),551.8298,1532
2024,Fugitives (Flaring),25788.4217,1712
2024,Fugitives (Leakage),155.9003,1712
2024,Stationary Fuel Combustion,1578.3066,1712
2024,Fugitives (Venting),212.5639,1712
2024,Fugitives (Flaring),21590.9472,1713
2024,Fugitives (Leakage),66.8767,1713
2024,Stationary Fuel Combustion,1267.3809,1713
2024,Fugitives (Venting),201.0245,1713
2024,Fugitives (Flaring),7911.0195,1610
2024,Fugitives (Leakage),79.7572,1610
2024,Stationary Fuel Combustion,12555.5292,1610
2024,Fugitives (Venting),71.5633,1610
2024,Fugitives (Flaring),10951.3106,1531
2024,Fugitives (Leakage),463.505,1531
2024,Stationary Fuel Combustion,14736.3173,1531
2024,Fugitives (Venting),257.4816,1531
2024,Fugitives (Flaring),11449.0965,1638
2024,Stationary Fuel Combustion,3580.0345,1638
2024,Fugitives (Venting),49.7326,1638
2024,Fugitives (Flaring),13807.9613,1856
2024,Fugitives (Leakage),93.1464,1856
2024,Stationary Fuel Combustion,339.9992,1856
2024,Fugitives (Venting),45.9741,1856
2024,Fugitives (Leakage),704.3831,1383
2024,Stationary Fuel Combustion,13212.1657,1383
2024,Fugitives (Venting),4209.0307,1383
2024,CO2 from Biomass Combustion,0.0,1105
2024,Stationary Fuel Combustion,27.375,1105
2024,On-site Transportation,441.809,1105
2024,Waste,53285.555,1105
2024,Stationary Fuel Combustion,25234.492,1325
2024,CO2 from Biomass Combustion,0.0,260
2024,Fugitives (Flaring),594.876175,260
2024,Stationary Fuel Combustion,245.8918,260
2024,On-site Transportation,1058.1306,260
2024,Waste,73476.06,260
2024,Fugitives (Leakage),38647.3687,1088
2024,Stationary Fuel Combustion,1435.6249,1088
2024,Fugitives (Venting),983.5091,1088
2024,Stationary Fuel Combustion,6253.515823,1571
2024,On-site Transportation,0.612066,1571
2024,Stationary Fuel Combustion,25357.213,771
2024,CO2 from Biomass Combustion,0.0,1340
2024,Stationary Fuel Combustion,12847.5884,1340
2024,On-site Transportation,1160.5622,1340
2024,Stationary Fuel Combustion,33.11222,931
2024,On-site Transportation,71.97128,931
2024,Waste,34973.792,931
2024,Stationary Fuel Combustion,31732.24,851
2024,On-site Transportation,274.91495,851
2024,CO2 from Biomass Combustion,0.0,1077
2024,On-site Transportation,76.644942,1077
2024,Waste,17100.15351,1077
2024,Stationary Fuel Combustion,24476.1821,230
2024,Industrial Process,519643.8712,230
2024,On-site Transportation,2823.171,230
2024,Stationary Fuel Combustion,2924.111,554
2024,Industrial Process,96605.30255,554
2024,On-site Transportation,396.179125,554
2024,CO2 from Biomass Combustion,0.0,570
2024,Fugitives (Flaring),42.9778,570
2024,Stationary Fuel Combustion,53176.8156,570
2024,Industrial Process,131.012,570
2024,On-site Transportation,347.3587,570
2024,Fugitives (Venting),8167.0177,570
2024,Waste,11276.4738,570
2024,Wastewater,13229.3498,570
2023,CO2 from Biomass Combustion,0.0,1077
2023,On-site Transportation,123.183774,1077
2023,Waste,17430.82745,1077
2022,CO2 from Biomass Combustion,0.0,1077
2022,On-site Transportation,88.762236,1077
2022,Waste,15935.4872,1077
2023,Industrial Process,6.07,1295
2023,Fugitives (Venting),24415.57,1295
2024,Stationary Fuel Combustion,126975.8664,421
2024,Industrial Process,921.0836,421
2024,On-site Transportation,141116.1732,421
2024,Waste,110.376014,421
2024,Stationary Fuel Combustion,5574.8851,1855
2024,Industrial Process,266.2,1855
2024,On-site Transportation,20235.4952,1855
2024,Stationary Fuel Combustion,60743.9205,522
2024,Industrial Process,8.1815,522
2024,On-site Transportation,274.17412,522
2024,Wastewater,654.7628,522
2024,Stationary Fuel Combustion,13869.858,1233
2024,Stationary Fuel Combustion,10480.8528,1021
2024,On-site Transportation,52.875766,1021
2024,Wastewater,21.942,1021
2024,Stationary Fuel Combustion,16730.23304,855
2024,Wastewater,307.6997,855
2024,Stationary Fuel Combustion,28473.3134,850
2024,Industrial Process,19.286201,850
2024,On-site Transportation,101.88943,850
2024,Fugitives (Flaring),4178.8988,957
2024,Fugitives (Leakage),930.0788,957
2024,Stationary Fuel Combustion,7164.5605,957
2024,Fugitives (Venting),84.2247,957
2024,Fugitives (Flaring),6704.5389,1294
2024,Fugitives (Leakage),3035.8972,1294
2024,Stationary Fuel Combustion,5517.19,1294
2024,Fugitives (Venting),1246.5292,1294
2024,Fugitives (Flaring),3954.97,595
2024,Fugitives (Leakage),16.4126,595
2024,Stationary Fuel Combustion,210556.4594,595
2024,On-site Transportation,15.611,595
2024,Fugitives (Venting),1360.0382,595
2024,Fugitives (Flaring),3774.5153,1667
2024,Stationary Fuel Combustion,265619.666,1667
2024,On-site Transportation,0.21451,1667
2024,Fugitives (Venting),2419.7454,1667
2024,Fugitives (Flaring),5272.4355,1439
2024,Fugitives (Leakage),11.3694,1439
2024,Stationary Fuel Combustion,328014.5676,1439
2024,On-site Transportation,3.2217,1439
2024,Fugitives (Venting),2838.7425,1439
2024,Fugitives (Flaring),18626.8991,546
2024,Fugitives (Leakage),17.6019,546
2024,Stationary Fuel Combustion,125236.1706,546
2024,Fugitives (Venting),837.223,546
2024,Fugitives (Flaring),1191.2338,573
2024,Fugitives (Leakage),21.2014,573
2024,Stationary Fuel Combustion,260734.9878,573
2024,On-site Transportation,28.6822,573
2024,Fugitives (Venting),1827.5831,573
2024,Fugitives (Flaring),859.6629,1284
2024,Fugitives (Leakage),7.2532,1284
2024,Stationary Fuel Combustion,282109.1587,1284
2024,On-site Transportation,25.7579,1284
2024,Fugitives (Venting),953.7241,1284
2024,Fugitives (Flaring),4391.4572,499
2024,Fugitives (Leakage),5.7386,499
2024,Stationary Fuel Combustion,314807.5763,499
2024,On-site Transportation,37.7973,499
2024,Fugitives (Venting),5198.9349,499
2024,Fugitives (Flaring),32075.6786,524
2024,Fugitives (Leakage),30.0709,524
2024,Stationary Fuel Combustion,105379.4526,524
2024,On-site Transportation,3.3994,524
2024,Fugitives (Venting),392.7286,524
2024,Fugitives (Flaring),1165.5857,1016
2024,Fugitives (Leakage),8.3168,1016
2024,Stationary Fuel Combustion,124759.5241,1016
2024,On-site Transportation,14.3567,1016
2024,Fugitives (Venting),578.0711,1016
2024,Fugitives (Flaring),2316.4096,594
2024,Fugitives (Leakage),12.0422,594
2024,Stationary Fuel Combustion,294008.6141,594
2024,On-site Transportation,3.4045,594
2024,Fugitives (Venting),2908.6014,594
2024,Fugitives (Flaring),1648.3415,1359
2024,Fugitives (Leakage),0.8179,1359
2024,Stationary Fuel Combustion,174597.1153,1359
2024,Fugitives (Venting),2091.3798,1359
2024,Fugitives (Flaring),45203.2198,249
2024,Fugitives (Leakage),49.5616,249
2024,Stationary Fuel Combustion,377294.9445,249
2024,On-site Transportation,0.317,249
2024,Fugitives (Venting),6161.713,249
2024,Fugitives (Flaring),1540.06908,576
2024,Fugitives (Leakage),1816.52859,576
2024,Stationary Fuel Combustion,1431965.62,576
2024,Fugitives (Venting),123.12087,576
2024,Stationary Fuel Combustion,11137.37662,1489
2024,Fugitives (Venting),94.98856,1489
2024,Stationary Fuel Combustion,13120.29382,1619
2024,Fugitives (Venting),341.93992,1619
2024,Fugitives (Leakage),163.59021,1076
2024,Stationary Fuel Combustion,10566.83769,1076
2024,Fugitives (Venting),1177.02154,1076
2024,Stationary Fuel Combustion,1623.79973,1445
2024,Fugitives (Venting),19327.6566,1445
2024,Fugitives (Flaring),599.79263,1401
2024,Fugitives (Leakage),373.2048,1401
2024,Stationary Fuel Combustion,64555.06447,1401
2024,Fugitives (Venting),354.16918,1401
2024,Fugitives (Flaring),69192.01345,84
2024,Fugitives (Leakage),324.79944,84
2024,Stationary Fuel Combustion,101518.4326,84
2024,Fugitives (Venting),1793.66512,84
2024,Fugitives (Flaring),552.11025,885
2024,Fugitives (Leakage),26.72911,885
2024,Stationary Fuel Combustion,26140.42396,885
2024,Fugitives (Venting),3675.1441,885
2024,Fugitives (Flaring),310.41198,820
2024,Fugitives (Leakage),222.60848,820
2024,Stationary Fuel Combustion,13737.5293,820
2024,Fugitives (Venting),1896.21524,820
2024,Fugitives (Leakage),10.89959,41
2024,Stationary Fuel Combustion,28198.43514,41
2024,Fugitives (Venting),1697.1342,41
2024,Fugitives (Flaring),135.20382,682
2024,Stationary Fuel Combustion,9099.572,682
2024,Fugitives (Venting),1687.95388,682
2024,Fugitives (Flaring),377.69845,496
2024,Fugitives (Leakage),113.18567,496
2024,Stationary Fuel Combustion,44851.46555,496
2024,Fugitives (Venting),24043.41394,496
2024,Fugitives (Flaring),1663.81503,883
2024,Fugitives (Leakage),1188.86461,883
2024,Stationary Fuel Combustion,20882.38735,883
2024,Fugitives (Venting),3948.54012,883
2024,Fugitives (Flaring),9.39479,1665
2024,Stationary Fuel Combustion,18569.17403,1665
2024,Fugitives (Venting),36043.93462,1665
2024,Fugitives (Flaring),439.21506,880
2024,Fugitives (Leakage),180.26682,880
2024,Stationary Fuel Combustion,12550.94369,880
2024,Fugitives (Venting),301.40461,880
2024,Fugitives (Flaring),73.36206,804
2024,Stationary Fuel Combustion,3484.18231,804
2024,Fugitives (Venting),19833.38833,804
2024,Fugitives (Flaring),1345.13359,879
2024,Fugitives (Leakage),117.87739,879
2024,Stationary Fuel Combustion,14398.65947,879
2024,Fugitives (Venting),10284.04473,879
2024,Fugitives (Flaring),8036.65162,354
2024,Fugitives (Leakage),892.7826,354
2024,Stationary Fuel Combustion,34463.08693,354
2024,Fugitives (Venting),238.94552,354
2024,Fugitives (Flaring),386.61998,1441
2024,Fugitives (Leakage),4.53153,1441
2024,Stationary Fuel Combustion,7555.60675,1441
2024,Fugitives (Venting),38415.50987,1441
2024,Fugitives (Flaring),8132.50103,54
2024,Fugitives (Leakage),3444.59808,54
2024,Stationary Fuel Combustion,3796893.482,54
2024,On-site Transportation,1047.216,54
2024,Fugitives (Venting),2236.35501,54
2024,Fugitives (Leakage),28.0,312
2024,Stationary Fuel Combustion,44604.2702,312
2024,Industrial Process,134384.4231,312
2024,On-site Transportation,195.7538,312
2024,Stationary Fuel Combustion,5709.722,1308
2024,On-site Transportation,1.1415,1308
2024,CO2 from Biomass Combustion,0.0,384
2024,Fugitives (Leakage),58.3318,384
2024,Waste,64664.04502,384
2024,CO2 from Biomass Combustion,0.0,383
2024,Fugitives (Leakage),12.96115,383
2024,Waste,3427.5529,383
2024,Stationary Fuel Combustion,2152.126,632
2024,On-site Transportation,10003.273,632
2024,On-site Transportation,2661.746,1703
2024,CO2 from Biomass Combustion,0.0,566
2024,Stationary Fuel Combustion,81184.84,566
2024,Fugitives (Leakage),15.82,798
2024,Stationary Fuel Combustion,8672.41,798
2024,On-site Transportation,375.44,798
2024,Waste,24038.49,798
2024,Fugitives (Flaring),362.99908,1624
2024,Fugitives (Leakage),62.6947,1624
2024,Stationary Fuel Combustion,8309.97645,1624
2024,Fugitives (Venting),2154.34277,1624
2024,Fugitives (Flaring),846.74888,333
2024,Fugitives (Leakage),33.13528,333
2024,Stationary Fuel Combustion,25598.86333,333
2024,Fugitives (Venting),14206.09188,333
2024,CO2 from Biomass Combustion,0.0,602
2024,Stationary Fuel Combustion,99721.7423,602
2024,Industrial Process,39.53563,602
2024,On-site Transportation,42649.75433,602
2024,Waste,3364.57538,602
2024,Fugitives (Flaring),523.58203,1010
2024,Fugitives (Leakage),200.256,1010
2024,Stationary Fuel Combustion,22907.96077,1010
2024,Fugitives (Venting),20.43321,1010
2024,Fugitives (Leakage),3.36,1600
2024,Stationary Fuel Combustion,9682.36051,1600
2024,Fugitives (Venting),591.43053,1600
2024,Fugitives (Flaring),457.82564,1634
2024,Fugitives (Leakage),22.48355,1634
2024,Stationary Fuel Combustion,4369.8288,1634
2024,Fugitives (Venting),5559.65414,1634
2024,Fugitives (Leakage),28.90413,1851
2024,Stationary Fuel Combustion,8599.52014,1851
2024,Fugitives (Venting),1831.74236,1851
2024,Stationary Fuel Combustion,8785.52134,1850
2024,Fugitives (Venting),1984.57257,1850
2024,Fugitives (Flaring),1040.14441,1849
2024,Fugitives (Leakage),62.50356,1849
2024,Stationary Fuel Combustion,10074.43223,1849
2024,Fugitives (Venting),2.65529,1849
2024,Fugitives (Flaring),144.32887,1848
2024,Fugitives (Leakage),38.97875,1848
2024,Stationary Fuel Combustion,9959.64731,1848
2024,Fugitives (Venting),1271.07729,1848
2024,Fugitives (Leakage),39.77639,1847
2024,Stationary Fuel Combustion,2874.66849,1847
2024,Fugitives (Venting),8589.88629,1847
2024,Fugitives (Flaring),652.40363,1846
2024,Fugitives (Leakage),43.008,1846
2024,Stationary Fuel Combustion,10890.48607,1846
2024,Fugitives (Leakage),5515.104,1845
2024,Stationary Fuel Combustion,3609.66595,1845
2024,Fugitives (Venting),2989.43309,1845
2024,Fugitives (Flaring),2710.04248,675
2024,Fugitives (Leakage),31.46592,675
2024,Stationary Fuel Combustion,9350.60463,675
2024,Fugitives (Venting),279.44499,675
2024,Fugitives (Flaring),4214.01591,658
2024,Fugitives (Leakage),22.31992,658
2024,Stationary Fuel Combustion,5688.75121,658
2024,Fugitives (Venting),3815.97226,658
2024,Fugitives (Flaring),165.18526,1844
2024,Fugitives (Leakage),71.12264,1844
2024,Stationary Fuel Combustion,13903.46175,1844
2024,Fugitives (Venting),1660.20119,1844
2024,Fugitives (Leakage),150.192,1632
2024,Stationary Fuel Combustion,807.31946,1632
2024,Fugitives (Venting),9399.35009,1632
2024,Fugitives (Flaring),184.80779,1617
2024,Fugitives (Leakage),24.864,1617
2024,Stationary Fuel Combustion,10325.23881,1617
2024,Fugitives (Venting),48.84875,1617
2024,Fugitives (Flaring),266.97472,1724
2024,Stationary Fuel Combustion,10402.14504,1724
2024,Fugitives (Venting),13.96104,1724
2024,Fugitives (Flaring),454.0828,1403
2024,Fugitives (Leakage),21.9077,1403
2024,Stationary Fuel Combustion,10027.91384,1403
2024,Fugitives (Venting),278.70805,1403
2024,Fugitives (Leakage),6.048,1083
2024,Stationary Fuel Combustion,10489.51897,1083
2024,Fugitives (Venting),349.57272,1083
2024,Stationary Fuel Combustion,9732.72878,1720
2024,Fugitives (Venting),1186.69859,1720
2024,Fugitives (Leakage),102.90758,1714
2024,Stationary Fuel Combustion,2543.74727,1714
2024,Fugitives (Venting),8375.9779,1714
2024,Fugitives (Leakage),13.776,318
2024,Stationary Fuel Combustion,11184.77169,318
2024,Fugitives (Flaring),1084.22632,903
2024,Stationary Fuel Combustion,8995.17366,903
2024,Fugitives (Venting),1375.71719,903
2024,Fugitives (Flaring),63.24565,904
2024,Stationary Fuel Combustion,11365.03676,904
2024,Fugitives (Venting),35.89337,904
2024,Stationary Fuel Combustion,11125.76095,1407
2024,Fugitives (Venting),347.28371,1407
2024,Fugitives (Flaring),1842.94844,1503
2024,Fugitives (Leakage),12.74268,1503
2024,Stationary Fuel Combustion,8858.7183,1503
2024,Fugitives (Venting),1414.24299,1503
2024,Stationary Fuel Combustion,1573.90288,1658
2024,Fugitives (Venting),10577.32295,1658
2024,Fugitives (Flaring),47.17408,1641
2024,Fugitives (Leakage),32.592,1641
2024,Stationary Fuel Combustion,12142.6138,1641
2024,Fugitives (Venting),99.47335,1641
2024,Fugitives (Flaring),135.56193,836
2024,Fugitives (Leakage),44.016,836
2024,Stationary Fuel Combustion,12140.22335,836
2024,Fugitives (Venting),406.61885,836
2024,Fugitives (Flaring),3746.71406,877
2024,Fugitives (Leakage),110.208,877
2024,Stationary Fuel Combustion,6954.2016,877
2024,Fugitives (Venting),2060.17725,877
2024,Fugitives (Leakage),24.9834,657
2024,Stationary Fuel Combustion,12991.23706,657
2024,Fugitives (Flaring),569.82398,1412
2024,Fugitives (Leakage),62.39167,1412
2024,Stationary Fuel Combustion,13182.97345,1412
2024,Fugitives (Venting),303.91332,1412
2024,Fugitives (Flaring),1016.58424,1423
2024,Fugitives (Leakage),17.53708,1423
2024,Stationary Fuel Combustion,13342.66978,1423
2024,Fugitives (Venting),178.8613,1423
2024,Fugitives (Flaring),23.84542,1052
2024,Stationary Fuel Combustion,15601.59398,1052
2024,Fugitives (Venting),396.14793,1052
2024,Stationary Fuel Combustion,26075.2636,669
2024,On-site Transportation,716.3082,669
2024,Stationary Fuel Combustion,20795.03313,435
2024,On-site Transportation,53074.15899,435
2024,Wastewater,0.341989,435
2024,Fugitives (Leakage),263.76,1726
2024,Stationary Fuel Combustion,2237.49217,1726
2024,Fugitives (Venting),13732.54478,1726
2024,Fugitives (Flaring),2330.97296,907
2024,Fugitives (Leakage),272.496,907
2024,Stationary Fuel Combustion,12539.10015,907
2024,Fugitives (Venting),1303.6231,907
2024,Fugitives (Flaring),1414.70493,902
2024,Fugitives (Leakage),55.44,902
2024,Stationary Fuel Combustion,15382.34719,902
2024,Fugitives (Venting),67.51,902
2024,Fugitives (Flaring),164.85062,1082
2024,Fugitives (Leakage),26.88,1082
2024,Stationary Fuel Combustion,16613.34819,1082
2024,Fugitives (Venting),514.81765,1082
2024,Stationary Fuel Combustion,11.30763,1128
2024,On-site Transportation,114.4532,1128
2024,Waste,20853.1339,1128
2024,Fugitives (Flaring),326.32975,277
2024,Fugitives (Leakage),66.192,277
2024,Stationary Fuel Combustion,16991.34347,277
2024,Fugitives (Venting),1199.32436,277
2024,Fugitives (Flaring),30.17432,1603
2024,Fugitives (Leakage),117.76526,1603
2024,Stationary Fuel Combustion,11628.6897,1603
2024,Fugitives (Venting),6916.67137,1603
2024,Fugitives (Flaring),69.15566,1042
2024,Fugitives (Leakage),84.42675,1042
2024,Stationary Fuel Combustion,17275.84006,1042
2024,Fugitives (Venting),1443.23823,1042
2024,Fugitives (Flaring),5721.91942,1491
2024,Fugitives (Leakage),333.73748,1491
2024,Stationary Fuel Combustion,9679.95122,1491
2024,Fugitives (Venting),3837.79246,1491
2024,Fugitives (Flaring),2291.72683,862
2024,Fugitives (Leakage),51.744,862
2024,Stationary Fuel Combustion,17162.39744,862
2024,Fugitives (Venting),590.281,862
2024,Fugitives (Flaring),3088.76655,1430
2024,Fugitives (Leakage),66.78236,1430
2024,Stationary Fuel Combustion,23114.8403,1430
2024,Fugitives (Venting),231.9704,1430
2024,Fugitives (Flaring),52.87559,833
2024,Fugitives (Leakage),5.712,833
2024,Stationary Fuel Combustion,20704.58823,833
2024,Fugitives (Venting),57.58966,833
2024,Fugitives (Flaring),3895.71343,1646
2024,Fugitives (Leakage),35.63004,1646
2024,Stationary Fuel Combustion,17275.04795,1646
2024,Fugitives (Venting),47.5432,1646
2024,Fugitives (Flaring),225.24419,1079
2024,Fugitives (Leakage),48.384,1079
2024,Stationary Fuel Combustion,20755.31343,1079
2024,Fugitives (Venting),370.37931,1079
2024,Fugitives (Flaring),3302.96601,1086
2024,Fugitives (Leakage),231.168,1086
2024,Stationary Fuel Combustion,16952.44432,1086
2024,Fugitives (Venting),1261.0804,1086
2024,Fugitives (Flaring),231.72335,1311
2024,Fugitives (Leakage),234.528,1311
2024,Stationary Fuel Combustion,21081.95079,1311
2024,Fugitives (Venting),615.60133,1311
2024,Fugitives (Flaring),143.07726,334
2024,Fugitives (Leakage),81.984,334
2024,Stationary Fuel Combustion,23085.47773,334
2024,Fugitives (Venting),572.67198,334
2024,Fugitives (Flaring),226.79949,1725
2024,Stationary Fuel Combustion,23617.33695,1725
2024,Fugitives (Venting),366.30038,1725
2024,Fugitives (Flaring),547.94658,1080
2024,Fugitives (Leakage),8.736,1080
2024,Stationary Fuel Combustion,23041.71117,1080
2024,Fugitives (Venting),1759.77505,1080
2024,Fugitives (Flaring),1082.45507,674
2024,Fugitives (Leakage),181.72823,674
2024,Stationary Fuel Combustion,37682.57404,674
2024,Fugitives (Venting),462.97054,674
2024,Fugitives (Leakage),7.728,1729
2024,Stationary Fuel Combustion,24604.52915,1729
2024,Fugitives (Venting),2287.33387,1729
2024,Fugitives (Flaring),100.31056,1078
2024,Fugitives (Leakage),118.608,1078
2024,Stationary Fuel Combustion,27372.48907,1078
2024,Fugitives (Venting),464.22051,1078
2024,Fugitives (Flaring),1021.36507,670
2024,Fugitives (Leakage),162.85178,670
2024,Stationary Fuel Combustion,29672.9363,670
2024,Fugitives (Venting),775.65683,670
2024,Fugitives (Flaring),1377.01026,995
2024,Fugitives (Leakage),156.89831,995
2024,Stationary Fuel Combustion,70847.79268,995
2024,Fugitives (Venting),361.30831,995
2024,Fugitives (Flaring),2045.59372,834
2024,Fugitives (Leakage),29.904,834
2024,Stationary Fuel Combustion,30221.32882,834
2024,Fugitives (Venting),303.6551,834
2024,Fugitives (Flaring),10368.08593,1358
2024,Fugitives (Leakage),2151.44082,1358
2024,Stationary Fuel Combustion,277398.31,1358
2024,Fugitives (Flaring),13553.18233,1014
2024,Fugitives (Leakage),324.37561,1014
2024,Stationary Fuel Combustion,95951.19707,1014
2024,Fugitives (Venting),282.40107,1014
2024,Fugitives (Flaring),4917.46304,1066
2024,Fugitives (Leakage),947.07932,1066
2024,Stationary Fuel Combustion,89123.42122,1066
2024,Fugitives (Venting),1789.59386,1066
2024,Fugitives (Flaring),4831.08757,1521
2024,Fugitives (Leakage),471.37569,1521
2024,Stationary Fuel Combustion,77006.90409,1521
2024,Fugitives (Flaring),10002.99054,1464
2024,Fugitives (Leakage),360.33111,1464
2024,Stationary Fuel Combustion,65892.10358,1464
2024,Fugitives (Venting),95.69538,1464
2024,Fugitives (Flaring),2680.10496,971
2024,Fugitives (Leakage),438.33729,971
2024,Stationary Fuel Combustion,63347.03539,971
2024,Fugitives (Flaring),3019.83575,558
2024,Fugitives (Leakage),1180.75579,558
2024,Stationary Fuel Combustion,56445.4949,558
2024,Fugitives (Flaring),2769.42162,533
2024,Fugitives (Leakage),1464.34996,533
2024,Stationary Fuel Combustion,53680.60627,533
2024,Fugitives (Flaring),253.54897,676
2024,Fugitives (Leakage),50.14098,676
2024,Stationary Fuel Combustion,27501.59047,676
2024,Fugitives (Flaring),344.19157,725
2024,Fugitives (Leakage),240.19136,725
2024,Stationary Fuel Combustion,18470.1944,725
2024,Fugitives (Flaring),1636.43524,1018
2024,Fugitives (Leakage),437.11067,1018
2024,Stationary Fuel Combustion,15789.39135,1018
2024,Fugitives (Flaring),1086.04845,1315
2024,Fugitives (Leakage),62.56693,1315
2024,Stationary Fuel Combustion,11193.39663,1315
2024,Fugitives (Flaring),1957.85768,664
2024,Fugitives (Leakage),279.50892,664
2024,Stationary Fuel Combustion,9182.52654,664
2024,Fugitives (Venting),233.50378,664
2024,Fugitives (Flaring),739.34711,972
2024,Stationary Fuel Combustion,10621.42583,972
2024,Fugitives (Flaring),14133.90107,1382
2024,Fugitives (Leakage),273.65231,1382
2024,Stationary Fuel Combustion,155446.3467,1382
2024,Fugitives (Venting),496.58096,1382
2024,Fugitives (Flaring),350.02932,938
2024,Fugitives (Leakage),331.37975,938
2024,Stationary Fuel Combustion,23661.22219,938
2024,Fugitives (Flaring),77.924,96
2024,Fugitives (Leakage),172.285,96
2024,Stationary Fuel Combustion,353272.7157,96
2024,Industrial Process,231485.0,96
2024,On-site Transportation,298.6494,96
2024,Fugitives (Venting),24055.0,96
2024,Fugitives (Flaring),976.3891,45
2024,Fugitives (Leakage),2498.82,45
2024,Stationary Fuel Combustion,409937.5475,45
2024,Industrial Process,66263.0,45
2024,On-site Transportation,1080.00352,45
2024,Fugitives (Venting),35216.8,45
2024,Wastewater,4.256,45
2024,Fugitives (Flaring),16605.868,4
2024,Fugitives (Leakage),563.627,4
2024,Stationary Fuel Combustion,733231.4235,4
2024,Industrial Process,233519.23,4
2024,On-site Transportation,2204.8128,4
2024,Fugitives (Venting),109613.95,4
2024,Wastewater,57.68,4
2024,Fugitives (Flaring),544.482,861
2024,Fugitives (Leakage),22.3162,861
2024,Stationary Fuel Combustion,17691.3772,861
2024,On-site Transportation,76.7172,861
2024,Wastewater,1.49856,861
2024,CO2 from Biomass Combustion,0.0,256
2024,Stationary Fuel Combustion,152751.3312,256
2024,On-site Transportation,1006.6255,256
2024,Stationary Fuel Combustion,6097.542,1131
2024,On-site Transportation,21188.3045,1131
2024,CO2 from Biomass Combustion,0.0,1212
2024,Stationary Fuel Combustion,350.555,1212
2024,Waste,51079.6,1212
2024,Fugitives (Flaring),1119.99682,315
2024,Fugitives (Leakage),130.032,315
2024,Stationary Fuel Combustion,34270.79361,315
2024,Fugitives (Venting),348.67998,315
2024,Fugitives (Flaring),5067.36204,1492
2024,Fugitives (Leakage),22.71944,1492
2024,Stationary Fuel Combustion,31652.60199,1492
2024,Fugitives (Flaring),1836.94051,110
2024,Stationary Fuel Combustion,35101.43002,110
2024,Fugitives (Venting),2901.25483,110
2024,Fugitives (Flaring),1726.48388,925
2024,Fugitives (Leakage),113.28467,925
2024,Stationary Fuel Combustion,35596.74542,925
2024,Fugitives (Venting),2535.0329,925
2024,Fugitives (Flaring),12249.20223,1723
2024,Fugitives (Leakage),916.608,1723
2024,Stationary Fuel Combustion,27843.7298,1723
2024,Fugitives (Venting),2456.12304,1723
2024,Fugitives (Flaring),614.59211,1660
2024,Fugitives (Leakage),16.77522,1660
2024,Stationary Fuel Combustion,47613.50045,1660
2024,Fugitives (Flaring),7637.22843,511
2024,Fugitives (Leakage),23.86319,511
2024,Stationary Fuel Combustion,51061.25945,511
2024,Fugitives (Venting),132.24315,511
2024,CO2 from Biomass Combustion,0.0,417
2024,Waste,94534.71,417
2024,Fugitives (Flaring),3572.35196,1371
2024,Fugitives (Leakage),134.15624,1371
2024,Stationary Fuel Combustion,65187.38511,1371
2024,Fugitives (Venting),56.86516,1371
2024,Fugitives (Flaring),17784.46627,317
2024,Fugitives (Leakage),97.89069,317
2024,Stationary Fuel Combustion,63162.79795,317
2024,Fugitives (Venting),140.76216,317
2024,Fugitives (Flaring),12606.63686,316
2024,Fugitives (Leakage),672.0,316
2024,Stationary Fuel Combustion,75763.51412,316
2024,Fugitives (Venting),469.38778,316
2024,Fugitives (Flaring),1898.23725,170
2024,Fugitives (Leakage),14.56776,170
2024,Stationary Fuel Combustion,105389.0861,170
2024,Fugitives (Venting),281199.606,170
2024,Fugitives (Flaring),33336.16528,1717
2024,Fugitives (Leakage),54.81938,1717
2024,Stationary Fuel Combustion,3980.37542,1717
2024,Fugitives (Flaring),20785.48603,1718
2024,Fugitives (Leakage),21.06445,1718
2024,Stationary Fuel Combustion,3301.17139,1718
2024,Fugitives (Flaring),1043.77647,974
2024,Fugitives (Leakage),0.25141,974
2024,Stationary Fuel Combustion,76107.6007,974
2024,Fugitives (Venting),123.06027,974
2024,Fugitives (Flaring),11.57525,1837
2024,Fugitives (Leakage),190.78269,1837
2024,Stationary Fuel Combustion,14440.83462,1837
2024,Fugitives (Venting),94.58769,1837
2024,Fugitives (Flaring),12772.37875,1836
2024,Fugitives (Leakage),9.54818,1836
2024,Stationary Fuel Combustion,2689.22275,1836
2024,Fugitives (Flaring),14999.60502,1719
2024,Fugitives (Leakage),5.60738,1719
2024,Fugitives (Flaring),8285.44891,1835
2024,Fugitives (Leakage),24.95525,1835
2024,Stationary Fuel Combustion,4334.17286,1835
2024,Fugitives (Flaring),12450.26902,1834
2024,Fugitives (Leakage),1.48086,1834
2024,Fugitives (Flaring),9243.97821,1833
2024,Fugitives (Leakage),4.91753,1833
2024,Stationary Fuel Combustion,2097.9642,1833
2024,Stationary Fuel Combustion,1158.6731,437
2024,On-site Transportation,51594.4018,437
2024,CO2 from Biomass Combustion,0.0,387
2024,Fugitives (Flaring),30.42,387
2024,Fugitives (Leakage),39459.97,387
2024,Stationary Fuel Combustion,4837.19,387
2024,Fugitives (Venting),7817.87,387
2024,Stationary Fuel Combustion,41413.6255,569
2024,Fugitives (Flaring),57.502856,1061
2024,Fugitives (Leakage),982.1966,1061
2024,Stationary Fuel Combustion,20126.43159,1061
2024,Stationary Fuel Combustion,12283.2672,965
2024,On-site Transportation,3778.096,965
2024,CO2 from Biomass Combustion,0.0,1832
2024,Stationary Fuel Combustion,893.07,1832
2024,Stationary Fuel Combustion,39714.2606,148
2024,Industrial Process,14008.469,148
2024,On-site Transportation,275733.178,148
2024,CO2 from Biomass Combustion,0.0,1831
2024,Stationary Fuel Combustion,156.59,1831
2024,Fugitives (Flaring),860.4774,1752
2024,Fugitives (Leakage),16.94,1752
2024,Stationary Fuel Combustion,36446.9628,1752
2024,On-site Transportation,11.293,1752
2024,Fugitives (Venting),31.2446,1752
2024,Stationary Fuel Combustion,11428.253,422
2024,Industrial Process,2254.536,422
2024,On-site Transportation,59598.5253,422
2024,CO2 from Biomass Combustion,0.0,232
2024,Stationary Fuel Combustion,599453.1856,232
2024,Industrial Process,151897.934,232
2024,On-site Transportation,871.6771,232
2024,Fugitives (Flaring),5880.029711,246
2024,Fugitives (Leakage),18867.49517,246
2024,Stationary Fuel Combustion,3741119.427,246
2024,Industrial Process,0.0705,246
2024,On-site Transportation,34.012734,246
2024,Fugitives (Venting),1722.470698,246
2024,Fugitives (Flaring),1883.117,254
2024,Stationary Fuel Combustion,51325.5534,254
2024,Fugitives (Flaring),1216.7104,388
2024,Stationary Fuel Combustion,62905.4027,388
2024,Fugitives (Flaring),8374.34588,239
2024,Fugitives (Leakage),355.4152,239
2024,Stationary Fuel Combustion,118283.2077,239
2024,On-site Transportation,0.599095,239
2024,Fugitives (Venting),1952.61973,239
2024,Fugitives (Flaring),7243.44331,1353
2024,Fugitives (Leakage),1553.62921,1353
2024,Stationary Fuel Combustion,772763.8065,1353
2024,On-site Transportation,2925.15342,1353
2024,Fugitives (Leakage),1699.45393,82
2024,Stationary Fuel Combustion,343116.6977,82
2024,Fugitives (Venting),24076.25681,82
2024,Fugitives (Flaring),2571.80253,521
2024,Fugitives (Leakage),1450.22335,521
2024,Stationary Fuel Combustion,828172.2765,521
2024,On-site Transportation,2942.26575,521
2024,Stationary Fuel Combustion,31099.492,656
2024,On-site Transportation,267.67,656
2024,Fugitives (Flaring),11884.29988,1352
2024,Fugitives (Leakage),2067.490406,1352
2024,Stationary Fuel Combustion,2632667.894,1352
2024,On-site Transportation,1287.909719,1352
2024,Fugitives (Venting),1312.50208,1352
2024,Wastewater,53.311608,1352
2024,Stationary Fuel Combustion,20242.2,425
2024,On-site Transportation,255.156,425
2024,Fugitives (Leakage),2694.79431,1453
2024,Stationary Fuel Combustion,192228.2515,1453
2024,Fugitives (Venting),8968.19791,1453
2024,Fugitives (Flaring),5488.0552,599
2024,Fugitives (Leakage),3876.77484,599
2024,Stationary Fuel Combustion,181224.1987,599
2024,Fugitives (Venting),2491.39282,599
2024,Fugitives (Flaring),208.69437,960
2024,Fugitives (Leakage),545.98664,960
2024,Stationary Fuel Combustion,29395.60013,960
2024,Fugitives (Venting),1280.35793,960
2024,Fugitives (Flaring),32.45438,531
2024,Fugitives (Leakage),848.08472,531
2024,Stationary Fuel Combustion,29954.01546,531
2024,Fugitives (Venting),8346.46357,531
2024,Fugitives (Flaring),27.24307,1830
2024,Stationary Fuel Combustion,10281.31568,1830
2024,Fugitives (Flaring),1610.148677,166
2024,Stationary Fuel Combustion,266734.8448,166
2024,Fugitives (Venting),1518.519688,166
2024,Stationary Fuel Combustion,11027.35451,1829
2024,Stationary Fuel Combustion,23971.4238,910
2024,On-site Transportation,35.77623,910
2024,Wastewater,0.002729,910
2024,Fugitives (Leakage),199.2007,1498
2024,Stationary Fuel Combustion,7542.828,1498
2024,Fugitives (Venting),7554.8687,1498
2024,Fugitives (Leakage),1625.67929,1476
2024,Stationary Fuel Combustion,8721.30734,1476
2024,Fugitives (Venting),5746.58679,1476
2024,Fugitives (Flaring),8331.5598,662
2024,Fugitives (Leakage),292.157,662
2024,Stationary Fuel Combustion,7322.3587,662
2024,Fugitives (Venting),367.6961,662
2024,Fugitives (Flaring),53.8668,1828
2024,Fugitives (Leakage),71.0393,1828
2024,Stationary Fuel Combustion,7490.1764,1828
2024,Fugitives (Venting),5325.6465,1828
2024,Fugitives (Flaring),2688.1506,1299
2024,Fugitives (Leakage),232.6485,1299
2024,Stationary Fuel Combustion,200770.7962,1299
2024,On-site Transportation,129.4659,1299
2024,Fugitives (Venting),1963.2258,1299
2024,Fugitives (Flaring),277.1805,1104
2024,Fugitives (Leakage),169.495,1104
2024,Stationary Fuel Combustion,31505.1777,1104
2024,Fugitives (Venting),26.5689,1104
2024,Stationary Fuel Combustion,16465.493,1572
2024,On-site Transportation,228.808,1572
2024,Fugitives (Flaring),21281.83,38
2024,Fugitives (Leakage),44132.808,38
2024,Stationary Fuel Combustion,4663450.8,38
2024,Fugitives (Venting),200145.131,38
2024,Fugitives (Flaring),17.32365,186
2024,Fugitives (Leakage),6509.32524,186
2024,Stationary Fuel Combustion,267675.2864,186
2024,Fugitives (Venting),38497.35782,186
2024,Fugitives (Flaring),12737.79141,1827
2024,Fugitives (Leakage),0.01204,1827
2024,Stationary Fuel Combustion,30597.64568,1827
2024,Fugitives (Venting),8.64724,1827
2024,Stationary Fuel Combustion,20410.3833,1585
2024,Fugitives (Flaring),215.93526,30
2024,Fugitives (Leakage),12683.72612,30
2024,Stationary Fuel Combustion,1113696.209,30
2024,Fugitives (Venting),74069.85385,30
2024,Stationary Fuel Combustion,27947.8068,1505
2024,Fugitives (Flaring),124.194,2
2024,Fugitives (Leakage),3389.413,2
2024,Stationary Fuel Combustion,246906.868,2
2024,Fugitives (Venting),4180.741,2
2024,Fugitives (Flaring),72.83541,1414
2024,Stationary Fuel Combustion,17924.16878,1414
2024,Fugitives (Flaring),3829.4884,471
2024,Fugitives (Leakage),1485.7096,471
2024,Stationary Fuel Combustion,236003.4701,471
2024,Fugitives (Venting),21.1729,471
2024,Fugitives (Leakage),2224.16458,189
2024,Stationary Fuel Combustion,97144.10003,189
2024,Fugitives (Venting),14519.19611,189
2024,Stationary Fuel Combustion,80633.134,248
2024,Fugitives (Flaring),2282.24386,125
2024,Fugitives (Leakage),266.112,125
2024,Stationary Fuel Combustion,51765.18524,125
2024,Fugitives (Venting),296.67458,125
2024,Fugitives (Flaring),301.65,1826
2024,Stationary Fuel Combustion,10769.245,1826
2024,Fugitives (Venting),8433.2,1826
2024,Fugitives (Leakage),134.4,1557
2024,Stationary Fuel Combustion,10543.6,1557
2024,Fugitives (Venting),537.93,1557
2024,Stationary Fuel Combustion,17869.53698,1173
2024,On-site Transportation,25.44,1173
2024,Stationary Fuel Combustion,14741.18,1825
2024,On-site Transportation,25.2,1825
2024,Fugitives (Flaring),1720.6765,429
2024,Fugitives (Leakage),511.8437,429
2024,Stationary Fuel Combustion,271191.6266,429
2024,On-site Transportation,1632.1237,429
2024,Fugitives (Venting),62.0942,429
2024,Stationary Fuel Combustion,23253.84,1483
2024,On-site Transportation,34.88,1483
2024,Stationary Fuel Combustion,20873.39,1460
2024,Stationary Fuel Combustion,17140.11652,1172
2024,On-site Transportation,6.54,1172
2024,Fugitives (Flaring),5589.3763,299
2024,Fugitives (Leakage),1654.1979,299
2024,Stationary Fuel Combustion,251067.3557,299
2024,On-site Transportation,954.1549,299
2024,Fugitives (Venting),340.21366,299
2024,Fugitives (Flaring),14935.458,1707
2024,Fugitives (Leakage),14.7298,1707
2024,Stationary Fuel Combustion,1175.2507,1707
2024,Fugitives (Venting),188.7577,1707
2024,Fugitives (Flaring),14585.5018,1824
2024,Fugitives (Leakage),5.8265,1824
2024,Stationary Fuel Combustion,1127.1743,1824
2024,Fugitives (Venting),132.0932,1824
2024,Fugitives (Flaring),9636.9328,1823
2024,Fugitives (Leakage),13.0256,1823
2024,Stationary Fuel Combustion,1152.6286,1823
2024,Fugitives (Venting),85.8714,1823
2024,Fugitives (Leakage),186479.7528,1324
2024,Stationary Fuel Combustion,4464.783739,1324
2024,Industrial Process,2840.82,1324
2024,On-site Transportation,121655.8685,1324
2024,Fugitives (Flaring),13738.0663,1822
2024,Fugitives (Leakage),15.6916,1822
2024,Stationary Fuel Combustion,1128.7245,1822
2024,Fugitives (Venting),57.4574,1822
2024,Fugitives (Flaring),29087.5511,1821
2024,Fugitives (Leakage),17.4227,1821
2024,Stationary Fuel Combustion,1135.8306,1821
2024,Fugitives (Venting),114.64,1821
2024,CO2 from Biomass Combustion,0.0,484
2024,Stationary Fuel Combustion,20788.53871,484
2024,On-site Transportation,6955.008638,484
2024,Waste,184.139206,484
2024,Wastewater,1.65234,484
2024,Fugitives (Flaring),9835.4962,1708
2024,Fugitives (Leakage),7.864,1708
2024,Stationary Fuel Combustion,831.2546,1708
2024,Fugitives (Venting),28.4304,1708
2024,Stationary Fuel Combustion,312.9527,47
2024,Industrial Process,24896.7765,47
2024,On-site Transportation,230.83,47
2024,Fugitives (Flaring),1760.4716,886
2024,Fugitives (Leakage),278.6207,886
2024,Stationary Fuel Combustion,14334.0069,886
2024,Fugitives (Venting),99.152,886
2024,Fugitives (Flaring),150.8479,681
2024,Fugitives (Leakage),60.4411,681
2024,Stationary Fuel Combustion,14874.3868,681
2024,Fugitives (Venting),45.7607,681
2024,Fugitives (Flaring),179.3687,678
2024,Stationary Fuel Combustion,14061.7149,678
2024,Fugitives (Venting),160.5191,678
2024,Fugitives (Flaring),276.5766,679
2024,Fugitives (Leakage),391.9579,679
2024,Stationary Fuel Combustion,13182.0217,679
2024,Fugitives (Venting),114.5141,679
2024,Fugitives (Flaring),778.6279,1687
2024,Fugitives (Leakage),2204.6752,1687
2024,Stationary Fuel Combustion,13713.2395,1687
2024,Fugitives (Flaring),178.0775,1820
2024,Fugitives (Leakage),46.4874,1820
2024,Stationary Fuel Combustion,11378.6527,1820
2024,Fugitives (Venting),103.8836,1820
2024,Fugitives (Flaring),123.604197,1625
2024,Fugitives (Leakage),191.163472,1625
2024,Stationary Fuel Combustion,5080.41761,1625
2024,Fugitives (Venting),125.221467,1625
2024,Fugitives (Flaring),2207.935341,1819
2024,Fugitives (Leakage),15.719434,1819
2024,Stationary Fuel Combustion,19257.09743,1819
2024,CO2 from Biomass Combustion,0.0,142
2024,Stationary Fuel Combustion,58110.48454,142
2024,Industrial Process,870.641,142
2024,On-site Transportation,2130.6966,142
2024,Waste,2627.8,142
2024,Wastewater,101.495,142
2024,Fugitives (Flaring),871.02172,1310
2024,Fugitives (Leakage),165.95602,1310
2024,Stationary Fuel Combustion,13538.0273,1310
2024,Fugitives (Venting),513.61606,1310
2024,Fugitives (Flaring),1134.15,180
2024,Fugitives (Leakage),1244.47,180
2024,Stationary Fuel Combustion,68511.6645,180
2024,Fugitives (Venting),9215.526,180
2024,Stationary Fuel Combustion,741085.0522,1436
2024,On-site Transportation,135.393,1436
2024,Fugitives (Flaring),2792.71547,470
2024,Fugitives (Leakage),122.72708,470
2024,Stationary Fuel Combustion,149943.5425,470
2024,Fugitives (Venting),7158.20428,470
2024,Fugitives (Flaring),299.98167,651
2024,Fugitives (Leakage),73.53692,651
2024,Stationary Fuel Combustion,13565.73064,651
2024,Fugitives (Venting),427.1396,651
2024,Fugitives (Flaring),4455.30437,555
2024,Fugitives (Leakage),233.75857,555
2024,Stationary Fuel Combustion,7214.48177,555
2024,Fugitives (Venting),24.53807,555
2024,CO2 from Biomass Combustion,0.0,411
2024,Fugitives (Leakage),216.7369,411
2024,Stationary Fuel Combustion,24580.6121,411
2024,On-site Transportation,586.6215,411
2024,Wastewater,17.04675,411
2024,Stationary Fuel Combustion,55589.11429,23
2024,Industrial Process,53.3575,23
2024,Fugitives (Flaring),0.25824,1081
2024,Fugitives (Leakage),9.744,1081
2024,Stationary Fuel Combustion,11796.76271,1081
2024,Fugitives (Venting),2645.16169,1081
2024,CO2 from Biomass Combustion,0.0,556
2024,Fugitives (Leakage),114.55064,556
2024,Stationary Fuel Combustion,65785.76591,556
2024,On-site Transportation,1044.679102,556
2024,Fugitives (Venting),5.8716,556
2024,Waste,592.434,556
2024,Wastewater,152.799,556
2024,Fugitives (Flaring),318.6893,914
2024,Fugitives (Leakage),514.98,914
2024,Stationary Fuel Combustion,14318.831,914
2024,Fugitives (Venting),42.2548,914
2024,Stationary Fuel Combustion,3890.576556,1536
2024,Industrial Process,0.121,1536
2024,On-site Transportation,104.203777,1536
2024,Fugitives (Venting),6418.89,1536
2024,Fugitives (Flaring),549.47823,650
2024,Fugitives (Leakage),71.52262,650
2024,Stationary Fuel Combustion,16283.04617,650
2024,Fugitives (Venting),1912.37903,650
2024,Stationary Fuel Combustion,7872.01,1537
2024,Fugitives (Venting),3079.0,1537
2024,Stationary Fuel Combustion,90228.11975,940
2024,Industrial Process,49.704505,940
2024,On-site Transportation,32947.95476,940
2024,Stationary Fuel Combustion,1277177.952,441
2024,Fugitives (Flaring),11755.9901,368
2024,Fugitives (Leakage),3400.5356,368
2024,Stationary Fuel Combustion,1217569.886,368
2024,On-site Transportation,9099.712,368
2024,Fugitives (Venting),613.2588,368
2024,Wastewater,65.5228,368
2024,CO2 from Biomass Combustion,0.0,1238
2024,On-site Transportation,180.8292,1238
2024,Waste,36813.7409,1238
2024,CO2 from Biomass Combustion,0.0,330
2024,Stationary Fuel Combustion,105.8472,330
2024,On-site Transportation,1679.1612,330
2024,Waste,143476.4107,330
2024,Stationary Fuel Combustion,63558.108,503
2024,On-site Transportation,3738.367,503
2024,Wastewater,11.1692,503
2024,Fugitives (Flaring),6980.5274,708
2024,Fugitives (Leakage),35.6955,708
2024,Stationary Fuel Combustion,10134.1028,708
2024,Fugitives (Venting),29.1172,708
2024,Stationary Fuel Combustion,2717072.948,129
2024,On-site Transportation,88.323021,129
2024,Fugitives (Venting),35.379,129
2024,Stationary Fuel Combustion,926248.95,220
2024,On-site Transportation,90.038235,220
2024,Fugitives (Venting),18.099,220
2024,Fugitives (Flaring),113.528837,697
2024,Fugitives (Leakage),227.743018,697
2024,Stationary Fuel Combustion,17512.65054,697
2024,Fugitives (Venting),71.085904,697
2024,Fugitives (Flaring),822.436867,1475
2024,Fugitives (Leakage),1381.459361,1475
2024,Stationary Fuel Combustion,11501.25402,1475
2024,Fugitives (Venting),2475.606594,1475
2024,Fugitives (Flaring),16193.34237,695
2024,Stationary Fuel Combustion,19468.28605,695
2024,Fugitives (Flaring),152.149493,1569
2024,Fugitives (Leakage),211.890317,1569
2024,Stationary Fuel Combustion,7976.086024,1569
2024,Fugitives (Venting),174.803302,1569
2024,Fugitives (Flaring),2574.877846,696
2024,Fugitives (Leakage),42.870101,696
2024,Stationary Fuel Combustion,12561.83341,696
2024,CO2 from Biomass Combustion,0.0,1674
2024,Stationary Fuel Combustion,256401.05,1674
2024,On-site Transportation,1552.241815,1674
2024,CO2 from Biomass Combustion,0.0,1565
2024,Stationary Fuel Combustion,0.2597,1565
2024,On-site Transportation,586.047,1565
2024,Waste,64313.1599,1565
2024,Fugitives (Flaring),206.581178,926
2024,Fugitives (Leakage),4.231586,926
2024,Stationary Fuel Combustion,9520.401457,926
2024,Fugitives (Venting),1075.494627,926
2024,CO2 from Biomass Combustion,0.0,1818
2024,Stationary Fuel Combustion,14976.49182,1818
2024,Stationary Fuel Combustion,56477.67053,1541
2024,On-site Transportation,258.414,1541
2024,CO2 from Biomass Combustion,0.0,420
2024,Stationary Fuel Combustion,65494.372,420
2024,On-site Transportation,662.4373,420
2024,Waste,10.9544,420
2024,Wastewater,26.8859,420
2024,Waste,43711.472,462
2024,CO2 from Biomass Combustion,0.0,258
2024,Stationary Fuel Combustion,535.1171,258
2024,On-site Transportation,2298.318,258
2024,Waste,49166.32,258
2024,Stationary Fuel Combustion,7783.314,1817
2024,On-site Transportation,63.6945,1817
2024,CO2 from Biomass Combustion,0.0,408
2024,Stationary Fuel Combustion,623.1683,408
2024,On-site Transportation,1076.579,408
2024,Waste,136948.0,408
2024,Stationary Fuel Combustion,26.187114,382
2024,On-site Transportation,1151.031,382
2024,Waste,155057.28,382
2024,Stationary Fuel Combustion,22223.85,1471
2024,On-site Transportation,879.11955,1471
2024,Stationary Fuel Combustion,14257.95,1067
2024,On-site Transportation,5.1379,1067
2024,Stationary Fuel Combustion,8854.92879,1169
2024,On-site Transportation,2.56,1169
2024,Fugitives (Flaring),2.6797,1816
2024,Fugitives (Leakage),66.3236,1816
2024,Stationary Fuel Combustion,14704.8322,1816
2024,Fugitives (Venting),30845.9817,1816
2024,Fugitives (Flaring),336.2607,884
2024,Fugitives (Leakage),165.5973,884
2024,Stationary Fuel Combustion,19870.7568,884
2024,Fugitives (Venting),139.7711,884
2024,Stationary Fuel Combustion,9806.0614,1028
2024,Fugitives (Venting),1903.257,1028
2024,Fugitives (Flaring),420.1113,1326
2024,Stationary Fuel Combustion,12108.9798,1326
2024,Fugitives (Venting),664.6459,1326
2024,Stationary Fuel Combustion,8985.3493,1415
2024,Fugitives (Venting),1466.107,1415
2024,Fugitives (Flaring),205.4398,1327
2024,Stationary Fuel Combustion,11530.2448,1327
2024,Fugitives (Venting),1013.3805,1327
2024,Stationary Fuel Combustion,18796.6496,1029
2024,Fugitives (Venting),1763.4158,1029
2024,Stationary Fuel Combustion,9761.6951,1502
2024,Fugitives (Venting),931.7032,1502
2024,Fugitives (Leakage),30.38504,1060
2024,Stationary Fuel Combustion,1483.96462,1060
2024,Fugitives (Venting),206.89944,1060
2024,CO2 from Biomass Combustion,0.0,151
2024,Stationary Fuel Combustion,11.2815,151
2024,On-site Transportation,585.3422,151
2024,Waste,128057.328,151
2024,Fugitives (Leakage),1218.46675,1058
2024,Stationary Fuel Combustion,8398.7366,1058
2024,Fugitives (Venting),6558.445142,1058
2024,CO2 from Biomass Combustion,0.0,427
2024,Stationary Fuel Combustion,118.3264,427
2024,On-site Transportation,426.5928,427
2024,Waste,39533.3491,427
2024,Fugitives (Leakage),80.06528,1059
2024,Stationary Fuel Combustion,5485.11935,1059
2024,Fugitives (Venting),13226.77133,1059
2024,CO2 from Biomass Combustion,0.0,802
2024,Fugitives (Flaring),177.356,802
2024,Stationary Fuel Combustion,58865.27,802
2024,Fugitives (Venting),3392.312,802
2024,Wastewater,2703.265,802
2024,Fugitives (Flaring),348.451,1009
2024,Fugitives (Leakage),504.302,1009
2024,Stationary Fuel Combustion,26637.5053,1009
2024,On-site Transportation,93.425,1009
2024,Fugitives (Venting),631.2516,1009
2024,Fugitives (Leakage),43.98056,1049
2024,Stationary Fuel Combustion,256.04159,1049
2024,Fugitives (Venting),201.35932,1049
2024,Fugitives (Flaring),2022.5156,1108
2024,Fugitives (Leakage),41.1691,1108
2024,Stationary Fuel Combustion,10413.0773,1108
2024,On-site Transportation,0.4024,1108
2024,Fugitives (Venting),418.0316,1108
2024,Fugitives (Flaring),109.62,1107
2024,Fugitives (Leakage),121.05,1107
2024,Stationary Fuel Combustion,23006.13,1107
2024,Fugitives (Venting),2870.77,1107
2024,Fugitives (Flaring),99.15,874
2024,Fugitives (Leakage),6.72,874
2024,Stationary Fuel Combustion,18161.55,874
2024,Fugitives (Venting),226.44,874
2024,Waste,14458.08,899
2024,Waste,40159.0,1662
2024,Stationary Fuel Combustion,20260.09578,131
2024,On-site Transportation,8498.312551,131
2024,Fugitives (Flaring),419.559,1685
2024,Fugitives (Leakage),72.845,1685
2024,Stationary Fuel Combustion,12249.2,1685
2024,Fugitives (Venting),72.845,1685
2024,CO2 from Biomass Combustion,0.0,1608
2024,Stationary Fuel Combustion,9629.9175,1608
2024,On-site Transportation,1378.78122,1608
2024,Stationary Fuel Combustion,14463.35,1643
2024,On-site Transportation,1694.82,1643
2024,Stationary Fuel Combustion,73515.5197,399
2024,CO2 from Biomass Combustion,0.0,507
2024,Stationary Fuel Combustion,17.443,507
2024,On-site Transportation,308.552,507
2024,Waste,68306.195,507
2024,CO2 from Biomass Combustion,0.0,1606
2024,Industrial Process,10077.86653,1606
2024,On-site Transportation,941.25,1606
2024,CO2 from Biomass Combustion,0.0,794
2024,Stationary Fuel Combustion,22428.0052,794
2024,On-site Transportation,110.0051,794
2024,CO2 from Biomass Combustion,0.0,1577
2024,Stationary Fuel Combustion,22582.65869,1577
2024,On-site Transportation,1691.205,1577
2024,CO2 from Biomass Combustion,0.0,448
2024,Waste,49899.948,448
2024,On-site Transportation,162.8987,1629
2024,Waste,15728.692,1629
2024,Stationary Fuel Combustion,15846.3,1229
2024,Stationary Fuel Combustion,17765.32,1550
2024,Stationary Fuel Combustion,32113.4283,482
2024,Industrial Process,6094.518122,482
2024,On-site Transportation,3283.648046,482
2024,Stationary Fuel Combustion,8873.687,1191
2024,Industrial Process,283.4,1191
2024,On-site Transportation,25604.124,1191
2024,Fugitives (Flaring),981.8311,1124
2024,Fugitives (Leakage),552.1902,1124
2024,Stationary Fuel Combustion,2017.0288,1124
2024,Fugitives (Venting),7044.5314,1124
2024,Fugitives (Flaring),0.002094,259
2024,Fugitives (Leakage),71027.52998,259
2024,Stationary Fuel Combustion,59172.96917,259
2024,Fugitives (Venting),22024.40402,259
2024,Stationary Fuel Combustion,8913.7282,1500
2024,On-site Transportation,1391.2491,1500
2024,Waste,49401.8,979
2024,Waste,9559.032,1070
2024,Waste,41006.42,579
2024,Waste,12499.312,920
2024,CO2 from Biomass Combustion,0.0,1709
2024,Stationary Fuel Combustion,7027.309,1709
2024,Wastewater,30723.088,1709
2024,Fugitives (Flaring),61.0968,53
2024,Fugitives (Leakage),51.058,53
2024,Stationary Fuel Combustion,100504.36,53
2024,Waste,28111.356,919
2024,Stationary Fuel Combustion,14.93309,918
2024,Waste,26560.968,918
2024,Stationary Fuel Combustion,12708.4492,1285
2024,Stationary Fuel Combustion,507.62915,837
2024,Industrial Process,7.15,837
2024,On-site Transportation,13646.08205,837
2024,CO2 from Biomass Combustion,0.0,1331
2024,Stationary Fuel Combustion,21.7219,1331
2024,On-site Transportation,394.2081,1331
2024,Waste,51320.859,1331
2024,Stationary Fuel Combustion,15154.89608,1160
2024,CO2 from Biomass Combustion,0.0,351
2024,Stationary Fuel Combustion,74.5964,351
2024,On-site Transportation,2464.8329,351
2024,Waste,136841.7118,351
2024,CO2 from Biomass Combustion,0.0,760
2024,Stationary Fuel Combustion,16384.943,760
2024,Wastewater,44311.169,760
2024,CO2 from Biomass Combustion,0.0,1199
2024,Fugitives (Flaring),595.46877,1199
2024,On-site Transportation,387.5735,1199
2024,Waste,17423.78,1199
2024,Stationary Fuel Combustion,67060.17,229
2024,Industrial Process,805312.824,229
2024,On-site Transportation,2543.95046,229
2024,Stationary Fuel Combustion,98710.751,93
2024,On-site Transportation,4.738,93
2024,Stationary Fuel Combustion,66863.82085,236
2024,Industrial Process,488690.7429,236
2024,On-site Transportation,1146.3822,236
2024,Stationary Fuel Combustion,15512.327,237
2024,Industrial Process,480760.2441,237
2024,On-site Transportation,1454.471805,237
2024,Fugitives (Flaring),2315.757157,829
2024,Fugitives (Leakage),244.342027,829
2024,Stationary Fuel Combustion,7096.006256,829
2024,Fugitives (Venting),218.795448,829
2024,Fugitives (Flaring),12.97392,810
2024,Fugitives (Leakage),425.228799,810
2024,Stationary Fuel Combustion,10119.08845,810
2024,Fugitives (Venting),8.232,810
2024,Fugitives (Flaring),47.434754,703
2024,Fugitives (Leakage),486.302632,703
2024,Stationary Fuel Combustion,15425.31192,703
2024,Fugitives (Venting),2765.503469,703
2024,Fugitives (Flaring),18183.76917,86
2024,Fugitives (Leakage),1470.933919,86
2024,Stationary Fuel Combustion,277767.2068,86
2024,On-site Transportation,164.472058,86
2024,Fugitives (Venting),2.235306,86
2024,Wastewater,15.86522,86
2024,Fugitives (Flaring),3332.379501,1425
2024,Fugitives (Leakage),37.799888,1425
2024,Stationary Fuel Combustion,9186.841292,1425
2024,Fugitives (Venting),1.176,1425
2024,Stationary Fuel Combustion,6865.442683,366
2024,Industrial Process,18510.9,366
2024,On-site Transportation,31.518,366
2024,Stationary Fuel Combustion,18870.53178,1545
2024,On-site Transportation,339.98525,1545
2024,Stationary Fuel Combustion,40739.79276,749
2024,Waste,1.6086,749
2024,Wastewater,597.848412,749
2024,CO2 from Biomass Combustion,0.0,1442
2024,Fugitives (Flaring),6.44,1442
2024,On-site Transportation,228.698,1442
2024,Waste,76048.0,1442
2024,Stationary Fuel Combustion,78036.8381,915
2024,On-site Transportation,766.8832,915
2024,CO2 from Biomass Combustion,0.0,769
2024,Waste,97207.9052,769
2024,Stationary Fuel Combustion,20793.18488,245
2024,On-site Transportation,15.228169,245
2024,CO2 from Biomass Combustion,0.0,1443
2024,Fugitives (Flaring),21.28,1443
2024,Stationary Fuel Combustion,0.28,1443
2024,On-site Transportation,667.829,1443
2024,Waste,73024.0,1443
2024,Stationary Fuel Combustion,46601.602,375
2024,Industrial Process,18437.8,375
2024,On-site Transportation,325.179,375
2024,Stationary Fuel Combustion,41726.3384,609
2024,On-site Transportation,554.8486,609
2024,Stationary Fuel Combustion,11200.7615,704
2024,Fugitives (Flaring),11927.6825,986
2024,Fugitives (Leakage),984.1297,986
2024,Stationary Fuel Combustion,170590.4828,986
2024,Fugitives (Venting),169.1085,986
2024,Stationary Fuel Combustion,69565.221,461
2024,CO2 from Biomass Combustion,0.0,34
2024,Stationary Fuel Combustion,2658.0219,34
2024,Wastewater,6.1572,34
2024,Waste,67366.04,218
2024,CO2 from Biomass Combustion,0.0,626
2024,Stationary Fuel Combustion,16675.06619,626
2024,Industrial Process,404.468058,626
2024,On-site Transportation,8868.057817,626
2024,Waste,46.212982,626
2024,Fugitives (Flaring),12681.3483,1286
2024,Stationary Fuel Combustion,21.3625,1286
2024,Waste,39286.24,331
2024,Stationary Fuel Combustion,32164.2461,765
2024,On-site Transportation,329.2122,765
2024,CO2 from Biomass Combustion,0.0,839
2024,Stationary Fuel Combustion,50546.89957,839
2024,On-site Transportation,502.519,839
2024,Fugitives (Flaring),413.759,1686
2024,Fugitives (Leakage),1400.9,1686
2024,Stationary Fuel Combustion,12886.2,1686
2024,Fugitives (Venting),3502.2,1686
2024,Stationary Fuel Combustion,5968.43,819
2024,On-site Transportation,76.865458,819
2024,CO2 from Biomass Combustion,0.0,1372
2024,Stationary Fuel Combustion,62502.2592,1372
2024,On-site Transportation,2493.1471,1372
2024,Waste,31304.0,1372
2024,Wastewater,749.95,1372
2024,CO2 from Biomass Combustion,0.0,584
2024,Fugitives (Leakage),183.4492,584
2024,Stationary Fuel Combustion,153094.4941,584
2024,On-site Transportation,913.8282,584
2024,Waste,3658.3039,584
2024,Wastewater,117.3685,584
2024,Fugitives (Flaring),2647.3132,967
2024,Fugitives (Leakage),120.9295,967
2024,Stationary Fuel Combustion,17090.7768,967
2024,Fugitives (Venting),18.8599,967
2024,Fugitives (Flaring),3642.809,1542
2024,Fugitives (Leakage),68.9626,1542
2024,Stationary Fuel Combustion,26702.955,1542
2024,Fugitives (Venting),2.1088,1542
2024,Fugitives (Flaring),3165.0311,994
2024,Fugitives (Leakage),1651.2088,994
2024,Stationary Fuel Combustion,196687.3977,994
2024,Fugitives (Venting),18.9999,994
2024,Fugitives (Flaring),719.8392,1711
2024,Fugitives (Leakage),693.0911,1711
2024,Stationary Fuel Combustion,53400.9561,1711
2024,Fugitives (Flaring),14568.3348,1543
2024,Fugitives (Leakage),4913.9106,1543
2024,Stationary Fuel Combustion,96102.5392,1543
2024,Fugitives (Flaring),22595.74254,97
2024,Fugitives (Leakage),120.482585,97
2024,Stationary Fuel Combustion,79547.47834,97
2024,On-site Transportation,1615.972159,97
2024,Fugitives (Venting),0.4895,97
2024,Waste,31407.6,1369
2024,Fugitives (Flaring),6842.954,1444
2024,Fugitives (Leakage),2197.2683,1444
2024,Stationary Fuel Combustion,64192.9653,1444
2024,Fugitives (Flaring),1051.2231,927
2024,Fugitives (Leakage),27.0959,927
2024,Stationary Fuel Combustion,21822.6212,927
2024,Fugitives (Venting),4.4371,927
2024,Fugitives (Flaring),671.3168,953
2024,Fugitives (Leakage),82.2192,953
2024,Stationary Fuel Combustion,31381.7751,953
2024,Fugitives (Venting),46.9589,953
2024,Stationary Fuel Combustion,10713.7146,1815
2024,Fugitives (Venting),79.9117,1815
2024,Fugitives (Flaring),778.8669,1259
2024,Fugitives (Leakage),19.46,1259
2024,Stationary Fuel Combustion,10949.0817,1259
2024,Fugitives (Venting),2.4894,1259
2024,Fugitives (Flaring),1132.2511,952
2024,Fugitives (Leakage),130.6825,952
2024,Stationary Fuel Combustion,17756.9681,952
2024,Fugitives (Venting),43.5376,952
2024,Fugitives (Flaring),17049.01,1402
2024,Fugitives (Leakage),357.21,1402
2024,Fugitives (Flaring),303.1536,1814
2024,Fugitives (Leakage),0.9354,1814
2024,Stationary Fuel Combustion,17257.2302,1814
2024,Fugitives (Flaring),31568.66,492
2024,Fugitives (Leakage),252.19,492
2024,Stationary Fuel Combustion,8174.11,492
2024,Fugitives (Flaring),1928.8912,1020
2024,Fugitives (Leakage),51.4218,1020
2024,Stationary Fuel Combustion,21697.6048,1020
2024,Fugitives (Venting),29.3482,1020
2024,Fugitives (Flaring),6567.58,1047
2024,Fugitives (Leakage),379.04,1047
2024,Stationary Fuel Combustion,7802.11,1047
2024,Fugitives (Flaring),1048.4943,936
2024,Fugitives (Leakage),1299.0252,936
2024,Stationary Fuel Combustion,20517.8369,936
2024,Fugitives (Venting),0.0056,936
2024,Fugitives (Flaring),3251.73,1435
2024,Fugitives (Leakage),574.97,1435
2024,Stationary Fuel Combustion,7181.85,1435
2024,Fugitives (Flaring),2493.88,1046
2024,Fugitives (Leakage),41.92,1046
2024,Stationary Fuel Combustion,2196.83,1046
2024,Fugitives (Flaring),663.9769,968
2024,Fugitives (Leakage),158.9787,968
2024,Stationary Fuel Combustion,26703.7,968
2024,Fugitives (Venting),0.5377,968
2024,Fugitives (Flaring),722.6972,969
2024,Fugitives (Leakage),760.661,969
2024,Stationary Fuel Combustion,11072.2282,969
2024,Fugitives (Venting),25.4328,969
2024,Fugitives (Flaring),340.5955,966
2024,Fugitives (Leakage),3649.9851,966
2024,Stationary Fuel Combustion,41782.8226,966
2024,Fugitives (Venting),32.8135,966
2024,Fugitives (Flaring),12946.86704,85
2024,Fugitives (Leakage),5029.7801,85
2024,Stationary Fuel Combustion,58958.85843,85
2024,On-site Transportation,51.247833,85
2024,Fugitives (Venting),585.5197,85
2024,Fugitives (Flaring),2532.3493,954
2024,Fugitives (Leakage),200.5564,954
2024,Stationary Fuel Combustion,13001.7097,954
2024,Fugitives (Venting),59.8715,954
2024,Fugitives (Flaring),853.7314,937
2024,Fugitives (Leakage),352.0253,937
2024,Stationary Fuel Combustion,31990.9912,937
2024,Fugitives (Flaring),752.73855,1385
2024,Fugitives (Leakage),666.7353,1385
2024,Stationary Fuel Combustion,31912.04464,1385
2024,On-site Transportation,31.77626,1385
2024,Fugitives (Flaring),946.1914,970
2024,Fugitives (Leakage),1908.5236,970
2024,Stationary Fuel Combustion,17542.3067,970
2024,Fugitives (Venting),4.0526,970
2024,Fugitives (Flaring),1033.5175,1813
2024,Fugitives (Leakage),1368.3468,1813
2024,Stationary Fuel Combustion,9087.9238,1813
2024,Fugitives (Venting),148.1325,1813
2024,Stationary Fuel Combustion,593469.96,114
2024,Stationary Fuel Combustion,12292.39,592
2024,Stationary Fuel Combustion,59671.46368,8
2024,Industrial Process,758185.6552,8
2024,On-site Transportation,7070.4955,8
2024,Stationary Fuel Combustion,12431.4109,1257
2024,Industrial Process,230.53488,1257
2024,Stationary Fuel Combustion,14343.3091,1213
2024,Industrial Process,449.63828,1213
2024,On-site Transportation,3.2678,1213
2024,Stationary Fuel Combustion,17557.47105,607
2024,Wastewater,643.356895,607
2024,Stationary Fuel Combustion,11760.249,766
2024,Industrial Process,58.05123,766
2024,On-site Transportation,136.6715,766
2024,Fugitives (Flaring),1150.44936,1148
2024,Fugitives (Leakage),507.9581,1148
2024,Stationary Fuel Combustion,7716.47532,1148
2024,Fugitives (Flaring),231.20422,924
2024,Fugitives (Leakage),44.577,924
2024,Stationary Fuel Combustion,2178.42126,924
2024,Fugitives (Flaring),596.70815,1150
2024,Fugitives (Leakage),1625.91625,1150
2024,Stationary Fuel Combustion,4351.55134,1150
2024,Fugitives (Venting),371.89183,1150
2024,Fugitives (Flaring),1258.02209,1405
2024,Fugitives (Leakage),1007.22,1405
2024,Stationary Fuel Combustion,5926.34983,1405
2024,Fugitives (Flaring),8150.88722,1152
2024,Fugitives (Leakage),1549.524,1152
2024,Stationary Fuel Combustion,16697.05157,1152
2024,Fugitives (Flaring),2868.22326,1151
2024,Fugitives (Leakage),2278.344,1151
2024,Stationary Fuel Combustion,3245.48101,1151
2024,Fugitives (Flaring),21.2317,1812
2024,Fugitives (Leakage),1065.672,1812
2024,Stationary Fuel Combustion,9691.75339,1812
2024,Fugitives (Venting),1769.08659,1812
2024,Stationary Fuel Combustion,2433.9555,1501
2024,On-site Transportation,14669.415,1501
2024,Stationary Fuel Combustion,31107.3284,831
2024,On-site Transportation,124.2083,831
2024,Wastewater,2.56732,831
2024,Stationary Fuel Combustion,323.616,1516
2024,On-site Transportation,56.424,1516
2024,Fugitives (Venting),187664.8119,1516
2024,Stationary Fuel Combustion,18798.1115,372
2024,Stationary Fuel Combustion,5883.1605,266
2024,Stationary Fuel Combustion,16263.5602,1196
2024,On-site Transportation,155.5752,1196
2024,Stationary Fuel Combustion,12588.405,745
2024,Stationary Fuel Combustion,624.536865,510
2024,Industrial Process,0.5233,510
2024,On-site Transportation,4.40037,510
2024,Stationary Fuel Combustion,34112.672,1523
2024,On-site Transportation,696.042,1523
2024,Stationary Fuel Combustion,607.63,1764
2024,On-site Transportation,50.84,1764
2024,Fugitives (Flaring),291.365173,1244
2024,Fugitives (Leakage),1264.022219,1244
2024,Stationary Fuel Combustion,17548.16945,1244
2024,Fugitives (Venting),9974.771762,1244
2024,Stationary Fuel Combustion,244.71,1763
2024,Fugitives (Flaring),10012.22237,807
2024,Fugitives (Leakage),215.212339,807
2024,Stationary Fuel Combustion,5556.607289,807
2024,Fugitives (Venting),996.092776,807
2024,Fugitives (Flaring),4930.797521,1063
2024,Fugitives (Leakage),252.658368,1063
2024,Stationary Fuel Combustion,11172.52597,1063
2024,Fugitives (Venting),4136.498674,1063
2024,Fugitives (Flaring),10175.49415,949
2024,Fugitives (Leakage),70.589059,949
2024,Stationary Fuel Combustion,11953.06437,949
2024,Fugitives (Venting),2097.53474,949
2024,Fugitives (Flaring),22592.8212,590
2024,Fugitives (Leakage),274.737759,590
2024,Stationary Fuel Combustion,42142.14646,590
2024,Fugitives (Venting),8017.552208,590
2024,Fugitives (Flaring),20197.60404,871
2024,Fugitives (Leakage),549.304477,871
2024,Stationary Fuel Combustion,16408.13752,871
2024,Fugitives (Venting),3843.464987,871
2024,Fugitives (Flaring),13521.52315,1064
2024,Fugitives (Leakage),38.209919,1064
2024,Stationary Fuel Combustion,5986.285024,1064
2024,Fugitives (Venting),2310.101297,1064
2024,Fugitives (Flaring),6954.982511,868
2024,Fugitives (Leakage),975.206601,868
2024,Stationary Fuel Combustion,35005.8611,868
2024,Fugitives (Venting),2925.905004,868
2024,Fugitives (Flaring),12779.32813,544
2024,Fugitives (Leakage),1257.394069,544
2024,Stationary Fuel Combustion,47948.52964,544
2024,Fugitives (Venting),11128.68372,544
2024,Fugitives (Flaring),1693.276357,1062
2024,Fugitives (Leakage),54.925131,1062
2024,Stationary Fuel Combustion,12039.629,1062
2024,Fugitives (Venting),2301.651832,1062
2024,Fugitives (Flaring),5973.259872,1023
2024,Fugitives (Leakage),97.129029,1023
2024,Stationary Fuel Combustion,20458.20425,1023
2024,Fugitives (Venting),345.277828,1023
2024,Stationary Fuel Combustion,7149.0041,475
2024,Stationary Fuel Combustion,438985.2498,1089
2024,Industrial Process,862477.2338,1089
2024,On-site Transportation,2921.4175,1089
2024,Stationary Fuel Combustion,1681.283427,3
2024,CO2 from Biomass Combustion,0.0,1194
2024,On-site Transportation,455.831,1194
2024,Waste,2345.84,1194
2024,Stationary Fuel Combustion,512.715029,155
2024,Stationary Fuel Combustion,62.603369,302
2024,Fugitives (Flaring),1346.0595,1350
2024,Fugitives (Leakage),36282.2158,1350
2024,Stationary Fuel Combustion,202643.8066,1350
2024,Fugitives (Venting),68107.8873,1350
2024,Fugitives (Leakage),381530.7201,1351
2024,Stationary Fuel Combustion,21835.3763,1351
2024,Fugitives (Venting),17758.7152,1351
2024,Stationary Fuel Combustion,1105.117983,319
2024,CO2 from Biomass Combustion,0.0,28
2024,Stationary Fuel Combustion,92193.3956,28
2024,Industrial Process,121071.0,28
2024,On-site Transportation,1493.3077,28
2024,CO2 from Biomass Combustion,0.0,1478
2024,Stationary Fuel Combustion,17689.3362,1478
2024,On-site Transportation,582.7005,1478
2024,Fugitives (Flaring),862.09538,325
2024,Fugitives (Leakage),24.12517,325
2024,Stationary Fuel Combustion,35085.93201,325
2024,Fugitives (Venting),36.87357,325
2024,Fugitives (Flaring),5336.74484,1635
2024,Stationary Fuel Combustion,4937.73445,1635
2024,Fugitives (Venting),1589.194,1635
2024,Fugitives (Flaring),109.72691,959
2024,Fugitives (Leakage),245.09754,959
2024,Stationary Fuel Combustion,55561.72649,959
2024,Fugitives (Venting),960.83584,959
2024,Fugitives (Leakage),211.86158,898
2024,Stationary Fuel Combustion,10635.46473,898
2024,Fugitives (Venting),309.36178,898
2024,Fugitives (Flaring),10191.73036,958
2024,Fugitives (Leakage),76.50884,958
2024,Stationary Fuel Combustion,1455.17975,958
2024,Fugitives (Venting),13.98091,958
2024,Fugitives (Flaring),768.60619,1002
2024,Fugitives (Leakage),75.70736,1002
2024,Stationary Fuel Combustion,408904.685,1002
2024,On-site Transportation,219.48638,1002
2024,Fugitives (Venting),9.72085,1002
2024,Fugitives (Leakage),280.55956,897
2024,Stationary Fuel Combustion,15414.67044,897
2024,Fugitives (Venting),333.33163,897
2024,Fugitives (Flaring),3071.22,1254
2024,Fugitives (Leakage),532.731,1254
2024,Stationary Fuel Combustion,9068.581,1254
2024,Fugitives (Leakage),506.07259,324
2024,Stationary Fuel Combustion,12406.92201,324
2024,Fugitives (Venting),469.91056,324
2024,Fugitives (Flaring),5525.635,1253
2024,Fugitives (Leakage),237.32,1253
2024,Stationary Fuel Combustion,4964.375,1253
2024,Fugitives (Leakage),189.29361,896
2024,Stationary Fuel Combustion,11356.58936,896
2024,Fugitives (Venting),216.40813,896
2024,Fugitives (Flaring),760.55,1255
2024,Fugitives (Leakage),3136.357,1255
2024,Stationary Fuel Combustion,12508.01,1255
2024,Fugitives (Venting),5.685,1255
2024,Fugitives (Flaring),5146.367,1256
2024,Fugitives (Leakage),114.608,1256
2024,Stationary Fuel Combustion,4935.873,1256
2024,Fugitives (Venting),75.308,1256
2024,Fugitives (Flaring),3717.982,1050
2024,Fugitives (Leakage),431.319,1050
2024,Stationary Fuel Combustion,14415.796,1050
2024,Fugitives (Venting),229.782,1050
2024,Fugitives (Flaring),1246.919,659
2024,Fugitives (Leakage),486.716,659
2024,Stationary Fuel Combustion,30425.576,659
2024,Fugitives (Venting),163.693,659
2024,Fugitives (Flaring),197.851,661
2024,Fugitives (Leakage),130.503,661
2024,Stationary Fuel Combustion,20468.457,661
2024,Fugitives (Flaring),424.829,660
2024,Fugitives (Leakage),114.02,660
2024,Stationary Fuel Combustion,35047.218,660
2024,Fugitives (Flaring),2908.415,481
2024,Fugitives (Leakage),1004.316,481
2024,Stationary Fuel Combustion,60566.943,481
2024,Fugitives (Venting),9.548,481
2024,Fugitives (Flaring),215.127,838
2024,Fugitives (Leakage),322.511,838
2024,Stationary Fuel Combustion,19734.937,838
2024,Fugitives (Venting),19.803,838
2024,Fugitives (Flaring),377.999,480
2024,Stationary Fuel Combustion,11048.49,480
2024,Fugitives (Venting),0.057,480
2024,Fugitives (Flaring),10891.15418,1392
2024,Fugitives (Leakage),366.553224,1392
2024,Stationary Fuel Combustion,187449.6616,1392
2024,Fugitives (Venting),50.518255,1392
2024,Fugitives (Flaring),1355.9482,991
2024,Fugitives (Leakage),29.3022,991
2024,Stationary Fuel Combustion,49107.8479,991
2024,Fugitives (Flaring),146.9912,1508
2024,Fugitives (Leakage),0.0868,1508
2024,Stationary Fuel Combustion,13741.4147,1508
2024,Fugitives (Venting),415.728,1508
2024,Fugitives (Flaring),514.4718,890
2024,Fugitives (Leakage),24.2741,890
2024,Stationary Fuel Combustion,14395.582,890
2024,Fugitives (Venting),312.1193,890
2024,Fugitives (Flaring),7328.619,993
2024,Fugitives (Leakage),235.798,993
2024,Stationary Fuel Combustion,19143.76,993
2024,Fugitives (Venting),78.471,993
2024,Fugitives (Flaring),9958.90035,1698
2024,Fugitives (Leakage),103.07727,1698
2024,Stationary Fuel Combustion,244.44437,1698
2024,Fugitives (Venting),32.26802,1698
2024,Fugitives (Flaring),23438.66293,1547
2024,Fugitives (Leakage),103.07727,1547
2024,Stationary Fuel Combustion,1279.50691,1547
2024,Fugitives (Flaring),9923.74106,1811
2024,Fugitives (Leakage),103.07727,1811
2024,Stationary Fuel Combustion,667.6443,1811
2024,Fugitives (Flaring),79.99709,852
2024,Fugitives (Leakage),37.93825,852
2024,Stationary Fuel Combustion,14137.59222,852
2024,Fugitives (Venting),60.30286,852
2024,Fugitives (Flaring),623.68691,1335
2024,Fugitives (Leakage),421.22494,1335
2024,Stationary Fuel Combustion,21937.42165,1335
2024,Fugitives (Venting),2718.29809,1335
2024,Fugitives (Flaring),221.49615,1548
2024,Fugitives (Leakage),201.39967,1548
2024,Stationary Fuel Combustion,17054.05491,1548
2024,Fugitives (Venting),3231.99455,1548
2024,Fugitives (Flaring),70.07737,1810
2024,Stationary Fuel Combustion,10633.09865,1810
2024,Fugitives (Venting),139.71284,1810
2024,Fugitives (Flaring),176.97064,1700
2024,Stationary Fuel Combustion,1015.79161,1700
2024,Fugitives (Venting),17369.99519,1700
2024,Fugitives (Flaring),6856.62106,1440
2024,Fugitives (Leakage),36.33603,1440
2024,Stationary Fuel Combustion,84357.77024,1440
2024,Fugitives (Flaring),2552.2708,976
2024,Fugitives (Leakage),23.52251,976
2024,Stationary Fuel Combustion,19811.35388,976
2024,Fugitives (Flaring),5078.88872,1809
2024,Stationary Fuel Combustion,24611.12276,1809
2024,Fugitives (Venting),73.15638,1809
2024,Fugitives (Flaring),31246.05359,280
2024,Fugitives (Leakage),163.15968,280
2024,Stationary Fuel Combustion,68132.22473,280
2024,Fugitives (Venting),0.112,280
2024,Fugitives (Flaring),71.32145,1338
2024,Fugitives (Leakage),17.31584,1338
2024,Stationary Fuel Combustion,17924.45076,1338
2024,Fugitives (Flaring),1642.34739,955
2024,Fugitives (Leakage),382.22971,955
2024,Stationary Fuel Combustion,29339.48516,955
2024,Fugitives (Venting),57.22319,955
2024,Fugitives (Flaring),7239.11258,767
2024,Fugitives (Leakage),5.77073,767
2024,Stationary Fuel Combustion,4250.48265,767
2024,Fugitives (Venting),379.00881,767
2024,Fugitives (Flaring),12326.36675,1549
2024,Fugitives (Leakage),103.07727,1549
2024,Fugitives (Venting),261.4796,1549
2024,Fugitives (Flaring),1231.51592,1246
2024,Fugitives (Leakage),211.77918,1246
2024,Stationary Fuel Combustion,34062.21994,1246
2024,Fugitives (Venting),2998.13188,1246
2024,Fugitives (Leakage),9.27667,1337
2024,Stationary Fuel Combustion,16850.98235,1337
2024,Fugitives (Flaring),13543.87935,265
2024,Fugitives (Leakage),10.93108,265
2024,Stationary Fuel Combustion,19105.91894,265
2024,Fugitives (Venting),3.588,265
2024,Stationary Fuel Combustion,69523.0985,513
2024,Stationary Fuel Combustion,10338.4362,1672
2024,On-site Transportation,300.5023,1672
2024,Fugitives (Leakage),15.6966,1336
2024,Stationary Fuel Combustion,16023.5794,1336
2024,Fugitives (Venting),2233.045,1336
2024,Fugitives (Flaring),81274.59035,430
2024,Fugitives (Leakage),2895.61215,430
2024,Stationary Fuel Combustion,58157.02118,430
2024,Fugitives (Venting),1343.19275,430
2024,Fugitives (Flaring),91.6317,1376
2024,Fugitives (Leakage),631.8706,1376
2024,Stationary Fuel Combustion,11848.609,1376
2024,Fugitives (Venting),2569.5542,1376
2024,Fugitives (Leakage),2831.7869,1290
2024,Stationary Fuel Combustion,26917.2623,1290
2024,Fugitives (Venting),4478.6644,1290
2024,Fugitives (Flaring),655.7346,1377
2024,Fugitives (Leakage),1299.6558,1377
2024,Stationary Fuel Combustion,19583.4443,1377
2024,Fugitives (Venting),5023.9299,1377
2024,CO2 from Biomass Combustion,0.0,400
2024,Stationary Fuel Combustion,8650.918,400
2024,On-site Transportation,4063.5808,400
2024,Waste,8726.2952,400
2024,Stationary Fuel Combustion,43595.4365,374
2024,Stationary Fuel Combustion,93873.027,577
2024,Fugitives (Leakage),27.605,832
2024,Stationary Fuel Combustion,9858.0013,832
2024,Fugitives (Venting),185.888,832
2024,Stationary Fuel Combustion,10820.8714,1314
2024,Stationary Fuel Combustion,23135.5726,1313
2024,Stationary Fuel Combustion,18765.0903,655
2024,On-site Transportation,0.9586,655
2024,Stationary Fuel Combustion,16982.5928,373
2023,Fugitives (Flaring),165.0,200
2023,Stationary Fuel Combustion,472019.7732,200
2023,Industrial Process,112683.1786,200
2023,On-site Transportation,706.077,200
2024,Stationary Fuel Combustion,120668.235,119
2024,Industrial Process,61666.6021,119
2024,On-site Transportation,7647.35013,119
2024,CO2 from Biomass Combustion,0.0,350
2024,On-site Transportation,13.484467,350
2024,Waste,129911.2274,350
2024,Stationary Fuel Combustion,64551.8897,410
2024,On-site Transportation,1097.935955,410
2024,Wastewater,1121.48,410
2024,Stationary Fuel Combustion,8604.4702,754
2024,On-site Transportation,1099.1207,754
2024,Fugitives (Venting),7607.492,754
2024,CO2 from Biomass Combustion,0.0,1512
2024,Stationary Fuel Combustion,12656.8626,1512
2024,On-site Transportation,981.7788,1512
2024,CO2 from Biomass Combustion,0.0,534
2024,Stationary Fuel Combustion,14799.6825,534
2024,On-site Transportation,285803.2662,534
2024,Waste,4103.8626,534
2024,Wastewater,0.159,534
2024,Stationary Fuel Combustion,14866.942,1012
2024,On-site Transportation,179.3012,1012
2024,Stationary Fuel Combustion,9.66834,1110
2024,On-site Transportation,345.69945,1110
2024,Waste,49310.65,1110
2024,Fugitives (Flaring),5597.71775,988
2024,Fugitives (Leakage),157.8689,988
2024,Stationary Fuel Combustion,32889.0197,988
2024,Fugitives (Venting),2483.90915,988
2024,CO2 from Biomass Combustion,0.0,134
2024,Stationary Fuel Combustion,69628.7618,134
2024,Industrial Process,2031.2,134
2024,On-site Transportation,789.258,134
2024,Stationary Fuel Combustion,13969.59,1138
2024,On-site Transportation,175.4802,1138
2024,On-site Transportation,220.1012,1065
2024,Waste,53953.04,1065
2024,Stationary Fuel Combustion,11825.20808,483
2024,On-site Transportation,105621.4098,483
2024,Wastewater,318.781827,483
2024,Stationary Fuel Combustion,247.20898,231
2024,Industrial Process,15897.072,231
2024,On-site Transportation,188.49488,231
2024,Fugitives (Flaring),2782.679,98
2024,Fugitives (Leakage),25.1272,98
2024,Industrial Process,20557.4962,98
2024,Fugitives (Venting),4767.098,98
2024,Waste,637.4115,98
2024,Wastewater,1593.5289,98
2024,Fugitives (Flaring),2688.1371,176
2024,Fugitives (Leakage),82.782,176
2024,Stationary Fuel Combustion,116885.0548,176
2024,Industrial Process,191671.875,176
2024,On-site Transportation,369.2313,176
2024,Fugitives (Venting),1617.2313,176
2024,Wastewater,226.317,176
2024,Stationary Fuel Combustion,8821.833,645
2024,Industrial Process,4367.1201,645
2024,On-site Transportation,463.5883,645
2024,CO2 from Biomass Combustion,0.0,251
2024,Stationary Fuel Combustion,10.3768,251
2024,Waste,16237.2,251
2024,Stationary Fuel Combustion,17228.99,964
2024,On-site Transportation,31.957,964
2024,Fugitives (Flaring),2547.731,732
2024,Stationary Fuel Combustion,4106.2472,732
2024,Wastewater,47642.48,732
2024,Waste,100493.008,274
2024,Waste,12327.896,284
2024,CO2 from Biomass Combustion,0.0,275
2024,Stationary Fuel Combustion,18.47525,275
2024,On-site Transportation,1166.7291,275
2024,Waste,332597.675,275
2024,Stationary Fuel Combustion,702229.7716,152
2024,On-site Transportation,3401.4821,152
2024,Stationary Fuel Combustion,12007.4333,1114
2024,Fugitives (Flaring),1992.3815,1528
2024,Fugitives (Leakage),65.0085,1528
2024,Stationary Fuel Combustion,12147.1771,1528
2024,Fugitives (Flaring),22852.485,194
2024,Fugitives (Leakage),332.0604,194
2024,Stationary Fuel Combustion,695046.7077,194
2024,Industrial Process,72.415928,194
2024,On-site Transportation,433.480185,194
2024,Fugitives (Venting),1795.1912,194
2024,Wastewater,831.57337,194
2024,Fugitives (Flaring),37166.2379,1527
2024,Stationary Fuel Combustion,2725.2212,1527
2024,Fugitives (Flaring),9728.908,1755
2024,Stationary Fuel Combustion,452.2346,1755
2024,Fugitives (Flaring),932.4817,1602
2024,Fugitives (Leakage),25.5445,1602
2024,Stationary Fuel Combustion,11046.597,1602
2024,Fugitives (Venting),183.9738,1602
2024,CO2 from Biomass Combustion,0.0,362
2024,Fugitives (Flaring),31.27173,362
2024,Stationary Fuel Combustion,17271.12903,362
2024,On-site Transportation,346.8577,362
2024,Wastewater,493.68992,362
2024,Fugitives (Flaring),1148.7507,932
2024,Stationary Fuel Combustion,5450.2682,932
2024,Fugitives (Venting),6083.6814,932
2024,Stationary Fuel Combustion,17498.02018,1681
2024,Stationary Fuel Combustion,23785.20675,1808
2024,Fugitives (Flaring),819.55533,59
2024,Fugitives (Leakage),4103.52713,59
2024,Stationary Fuel Combustion,420672.7273,59
2024,Industrial Process,1446.05289,59
2024,On-site Transportation,47.925,59
2024,Fugitives (Venting),25989.7016,59
2024,Fugitives (Flaring),7022.38096,1248
2024,Fugitives (Leakage),1088.97688,1248
2024,Stationary Fuel Combustion,3396.8107,1248
2024,On-site Transportation,10.441,1248
2024,Fugitives (Flaring),5645.24075,1760
2024,Fugitives (Leakage),132.23402,1760
2024,Stationary Fuel Combustion,5243.91984,1760
2024,On-site Transportation,4.801,1760
2024,Stationary Fuel Combustion,394010.8131,95
2024,On-site Transportation,4.169437,95
2024,CO2 from Biomass Combustion,0.0,945
2024,Stationary Fuel Combustion,19840.51703,945
2024,Industrial Process,182.407,945
2024,Wastewater,21.179595,945
2024,Fugitives (Flaring),180645.1266,162
2024,Fugitives (Leakage),268.422186,162
2024,Stationary Fuel Combustion,3138400.734,162
2024,Industrial Process,191.1493,162
2024,On-site Transportation,1516.445406,162
2024,Fugitives (Venting),64905.77288,162
2024,CO2 from Biomass Combustion,0.0,67
2024,Stationary Fuel Combustion,133951.5784,67
2024,On-site Transportation,2935.4455,67
2024,Wastewater,266.06,67
2024,CO2 from Biomass Combustion,0.0,1601
2024,Stationary Fuel Combustion,4162.4293,1601
2024,On-site Transportation,1378.0331,1601
2024,Waste,3242.6436,1601
2024,Stationary Fuel Combustion,126249.9207,445
2024,On-site Transportation,4860.9284,445
2024,Wastewater,17.8052,445
2024,Stationary Fuel Combustion,10.8574,1750
2024,On-site Transportation,14.492864,1750
2024,Stationary Fuel Combustion,10.8574,1592
2024,Industrial Process,10.669,1592
2024,On-site Transportation,22.651069,1592
2024,Stationary Fuel Combustion,0.433114,1276
2024,On-site Transportation,13.87851,1276
2024,Stationary Fuel Combustion,0.000131,1277
2024,On-site Transportation,17.110875,1277
2024,Stationary Fuel Combustion,142738.0814,406
2024,Industrial Process,204.0,406
2024,On-site Transportation,37683.07997,406
2024,Stationary Fuel Combustion,35.588027,1342
2024,On-site Transportation,23.940411,1342
2024,Stationary Fuel Combustion,4.4e-05,1278
2024,On-site Transportation,13.061885,1278
2024,CO2 from Biomass Combustion,0.0,944
2024,Stationary Fuel Combustion,40.20465,944
2024,Waste,84439.24455,944
2024,Stationary Fuel Combustion,19.302045,1428
2024,On-site Transportation,39.14644,1428
2024,Fugitives (Flaring),9869.379586,1623
2024,Fugitives (Leakage),430.78075,1623
2024,Stationary Fuel Combustion,3265.527235,1623
2024,Fugitives (Flaring),30235.782,1666
2024,Fugitives (Leakage),78.044,1666
2024,Stationary Fuel Combustion,42761.779,1666
2024,On-site Transportation,975.765,1666
2024,Fugitives (Venting),894.634,1666
2024,Fugitives (Leakage),75.499,1668
2024,Stationary Fuel Combustion,555683.438,1668
2024,On-site Transportation,429.139,1668
2024,Stationary Fuel Combustion,0.000471,1279
2024,Industrial Process,31.9835,1279
2024,On-site Transportation,62.068359,1279
2024,Stationary Fuel Combustion,36174.12668,278
2024,Industrial Process,59966.69162,278
2024,On-site Transportation,881.41952,278
2024,Stationary Fuel Combustion,10736.83,1534
2024,Industrial Process,217.23,1534
2024,On-site Transportation,149.292,1534
2024,CO2 from Biomass Combustion,0.0,63
2024,Stationary Fuel Combustion,132502.269,63
2024,On-site Transportation,67.619013,63
2024,Stationary Fuel Combustion,11548.8446,865
2024,Stationary Fuel Combustion,0.00051,1593
2024,Industrial Process,31.9835,1593
2024,On-site Transportation,30.112149,1593
2024,Fugitives (Flaring),2028.442708,1525
2024,Fugitives (Leakage),102.72997,1525
2024,Stationary Fuel Combustion,26141.62501,1525
2024,Fugitives (Venting),240.946074,1525
2024,Fugitives (Flaring),4211.168513,1524
2024,Fugitives (Leakage),59.90896,1524
2024,Stationary Fuel Combustion,78212.03523,1524
2024,Fugitives (Venting),149.44821,1524
2024,Fugitives (Flaring),468.891491,1480
2024,Fugitives (Leakage),34.806275,1480
2024,Stationary Fuel Combustion,27765.36443,1480
2024,Fugitives (Venting),76.580423,1480
2024,Fugitives (Flaring),38.537405,1807
2024,Fugitives (Leakage),136.366034,1807
2024,Stationary Fuel Combustion,653.945708,1807
2024,Fugitives (Venting),58.45688,1807
2024,CO2 from Biomass Combustion,0.0,50
2024,Fugitives (Flaring),2424.136641,50
2024,Stationary Fuel Combustion,47522.07,50
2024,Wastewater,1506.133669,50
2024,Stationary Fuel Combustion,23772.97392,856
2024,On-site Transportation,38.27427,856
2024,CO2 from Biomass Combustion,0.0,14
2024,Stationary Fuel Combustion,14406.26,14
2024,CO2 from Biomass Combustion,0.0,1280
2024,Stationary Fuel Combustion,1.612668,1280
2024,On-site Transportation,17.66771,1280
2024,Fugitives (Flaring),10185.20427,178
2024,Stationary Fuel Combustion,16307.04771,178
2024,Fugitives (Venting),6078.43782,178
2024,Fugitives (Flaring),989.7453,94
2024,Stationary Fuel Combustion,229941.69,94
2024,Industrial Process,100582.8338,94
2024,On-site Transportation,1293.0632,94
2024,Fugitives (Venting),2353.90696,94
2024,Stationary Fuel Combustion,828753.0606,527
2024,Fugitives (Leakage),12.0422,476
2024,Stationary Fuel Combustion,248821.7954,476
2024,On-site Transportation,0.0427,476
2024,Fugitives (Venting),10.129,476
2024,Stationary Fuel Combustion,9225.85,1170
2024,On-site Transportation,2.76,1170
2024,Stationary Fuel Combustion,3372.175,621
2024,On-site Transportation,6369.3245,621
2024,Waste,311.138,621
2024,CO2 from Biomass Combustion,0.0,1438
2024,Fugitives (Flaring),414.1618,1438
2024,Stationary Fuel Combustion,86.531,1438
2024,On-site Transportation,924.113,1438
2024,Waste,57372.896,1438
2024,Stationary Fuel Combustion,31392.132,73
2024,On-site Transportation,77.9245,73
2024,Waste,20625.164,73
2024,Fugitives (Leakage),1734.64693,1252
2024,Stationary Fuel Combustion,121829.9932,1252
2024,Industrial Process,394.511,1252
2024,Fugitives (Venting),0.40121,1252
2024,Stationary Fuel Combustion,17442.69332,715
2024,Stationary Fuel Combustion,20066.4914,1806
2024,Industrial Process,28789.03,1806
2024,On-site Transportation,23.2017,1806
2024,Wastewater,154.4778,1806
2024,CO2 from Biomass Combustion,0.0,742
2024,On-site Transportation,381.78,742
2024,Waste,54638.21,742
2024,Waste,39866.79,1075
2024,Fugitives (Flaring),9572.66823,1805
2024,Fugitives (Leakage),27.78104,1805
2024,Stationary Fuel Combustion,240.38213,1805
2024,On-site Transportation,49.37043,1805
2024,Fugitives (Venting),1993.00332,1805
2024,Fugitives (Flaring),2735.1045,601
2024,Stationary Fuel Combustion,32268.1,601
2024,On-site Transportation,181.4817,601
2024,Stationary Fuel Combustion,81368.2433,308
2024,On-site Transportation,318.7797,308
2024,Stationary Fuel Combustion,58113.28,1245
2024,On-site Transportation,318.21,1245
2024,Waste,67.96223,1245
2024,Wastewater,9.43665,1245
2024,Fugitives (Leakage),29.1024,187
2024,Stationary Fuel Combustion,205121.1712,187
2024,Fugitives (Venting),0.007396,187
2024,Stationary Fuel Combustion,60664.3636,269
2024,Fugitives (Leakage),673.6387,46
2024,Stationary Fuel Combustion,370052.1585,46
2024,Fugitives (Venting),40.2797,46
2024,Fugitives (Leakage),17.1518,140
2024,Stationary Fuel Combustion,886356.9666,140
2024,Fugitives (Venting),10.4534,140
2024,Fugitives (Flaring),287.19278,997
2024,Fugitives (Leakage),78.86895,997
2024,Stationary Fuel Combustion,40981.62343,997
2024,Fugitives (Venting),1739.4416,997
2024,Fugitives (Flaring),780.93898,1738
2024,Stationary Fuel Combustion,22348.44089,1738
2024,Fugitives (Venting),895.56512,1738
2024,Fugitives (Flaring),231.72335,1671
2024,Fugitives (Leakage),183.36549,1671
2024,Stationary Fuel Combustion,15975.78898,1671
2024,Fugitives (Venting),811.68655,1671
2024,Fugitives (Flaring),272.41799,978
2024,Fugitives (Leakage),791.42193,978
2024,Stationary Fuel Combustion,9646.55653,978
2024,Fugitives (Venting),3695.25186,978
2024,Fugitives (Flaring),193.36166,1804
2024,Fugitives (Leakage),9.13155,1804
2024,Stationary Fuel Combustion,12139.95409,1804
2024,Fugitives (Venting),140.18602,1804
2024,Fugitives (Flaring),971.24838,1739
2024,Fugitives (Leakage),95.53075,1739
2024,Stationary Fuel Combustion,10669.91694,1739
2024,Fugitives (Venting),33.39774,1739
2024,Fugitives (Flaring),172.10743,698
2024,Fugitives (Leakage),165.95067,698
2024,Stationary Fuel Combustion,8717.06421,698
2024,Fugitives (Venting),980.49745,698
2024,Fugitives (Leakage),146.2518,285
2024,Stationary Fuel Combustion,199670.6563,285
2024,Fugitives (Venting),704.1466,285
2024,Stationary Fuel Combustion,20120.84395,1546
2024,Stationary Fuel Combustion,3603.813,1389
2024,On-site Transportation,556.055,1389
2024,Waste,15684.6,1389
2024,CO2 from Biomass Combustion,0.0,466
2024,Stationary Fuel Combustion,110030.1042,466
2024,On-site Transportation,1397.0335,466
2024,Stationary Fuel Combustion,15502.52527,1153
2024,On-site Transportation,303.648245,1153
2024,Stationary Fuel Combustion,86011.4946,1649
2024,Industrial Process,1581.6,1649
2024,On-site Transportation,70169.539,1649
2024,Stationary Fuel Combustion,1723218.36,300
2024,Stationary Fuel Combustion,44040.7959,631
2024,On-site Transportation,1071.6986,631
2024,CO2 from Biomass Combustion,0.0,328
2024,Fugitives (Flaring),373.24,328
2024,On-site Transportation,639.1,328
2024,Waste,81002.32,328
2024,Stationary Fuel Combustion,109439.1276,442
2024,On-site Transportation,2102.6586,442
2024,Stationary Fuel Combustion,33079.6841,548
2024,On-site Transportation,1487.718,548
2024,Stationary Fuel Combustion,38.665932,1119
2024,On-site Transportation,76.497102,1119
2024,Waste,22088.666,1119
2024,CO2 from Biomass Combustion,0.0,293
2024,Stationary Fuel Combustion,53394.6525,293
2024,On-site Transportation,99.0419,293
2024,CO2 from Biomass Combustion,0.0,65
2024,Stationary Fuel Combustion,26452.21034,65
2024,Industrial Process,35.823831,65
2024,On-site Transportation,943.1179,65
2024,Fugitives (Flaring),4688.82494,380
2024,Fugitives (Leakage),293.01483,380
2024,Stationary Fuel Combustion,167618.7705,380
2024,Fugitives (Venting),155.28643,380
2024,Fugitives (Leakage),526.57179,878
2024,Stationary Fuel Combustion,8435.00613,878
2024,Fugitives (Venting),1875.08623,878
2024,Stationary Fuel Combustion,13470.5945,1316
2024,On-site Transportation,43.701457,1316
2024,Stationary Fuel Combustion,24532.9609,755
2024,On-site Transportation,198.9907,755
2024,Stationary Fuel Combustion,14815.4157,975
2024,Stationary Fuel Combustion,17875.95,1348
2024,On-site Transportation,223.8,1348
2024,Fugitives (Flaring),50480.42279,928
2024,Fugitives (Leakage),1601.74439,928
2024,Stationary Fuel Combustion,11909.59805,928
2024,Fugitives (Venting),1927.84938,928
2024,Stationary Fuel Combustion,6574.2688,854
2024,On-site Transportation,874.6324,854
2024,Waste,1312.5392,854
2024,Fugitives (Leakage),426.03678,1242
2024,Stationary Fuel Combustion,15762.70388,1242
2024,Fugitives (Venting),2262.94929,1242
2024,Fugitives (Leakage),459.77916,198
2024,Stationary Fuel Combustion,412195.4697,198
2024,Fugitives (Venting),5622.28733,198
2024,Fugitives (Leakage),3027.85829,6
2024,Stationary Fuel Combustion,518877.7683,6
2024,Fugitives (Venting),14008.92883,6
2024,CO2 from Biomass Combustion,0.0,610
2024,Stationary Fuel Combustion,8201.147,610
2024,On-site Transportation,16983.531,610
2024,Wastewater,1.4204,610
2024,CO2 from Biomass Combustion,0.0,858
2024,Stationary Fuel Combustion,23075.055,858
2024,Wastewater,31232.65,858
2024,Fugitives (Leakage),21137.94,518
2024,Stationary Fuel Combustion,1448.13,518
2024,Fugitives (Venting),4769.31,518
2024,Fugitives (Leakage),4503.0449,57
2024,Stationary Fuel Combustion,491986.7264,57
2024,Fugitives (Venting),3.33407,57
2023,Fugitives (Flaring),19180.8953,36
2023,Stationary Fuel Combustion,828048.5391,36
2023,Industrial Process,863134.0,36
2023,On-site Transportation,485.5476,36
2024,CO2 from Biomass Combustion,0.0,426
2024,Stationary Fuel Combustion,92965.25982,426
2024,CO2 from Biomass Combustion,0.0,523
2024,On-site Transportation,920.2198,523
2024,Waste,43787.986,523
2024,CO2 from Biomass Combustion,0.0,529
2024,Stationary Fuel Combustion,0.586,529
2024,On-site Transportation,7.6121,529
2024,Waste,23772.0,529
2024,Industrial Process,11945.6605,1234
2024,On-site Transportation,559.8783,1234
2024,Fugitives (Flaring),1418.0361,1482
2024,Stationary Fuel Combustion,262.1621,1482
2024,Fugitives (Venting),90.5044,1482
2024,Fugitives (Flaring),483.3406,541
2024,Fugitives (Leakage),22.652,541
2024,Stationary Fuel Combustion,17323.9051,541
2024,Fugitives (Venting),937.608,541
2024,Fugitives (Flaring),1688.9871,1111
2024,Stationary Fuel Combustion,32713.9988,1111
2024,Stationary Fuel Combustion,125.2078,1497
2024,Fugitives (Venting),56.8372,1497
2024,Fugitives (Flaring),11597.34,1404
2024,Stationary Fuel Combustion,1141.728,1404
2024,Fugitives (Flaring),3534.01,1419
2024,Stationary Fuel Combustion,408.917,1419
2024,Stationary Fuel Combustion,30157.97,1211
2024,On-site Transportation,748.29,1211
2024,Stationary Fuel Combustion,1557.112,686
2024,Industrial Process,12230.65315,686
2024,Fugitives (Flaring),3532.629,1300
2024,Fugitives (Leakage),2313.76,1300
2024,Stationary Fuel Combustion,2564.9,1300
2024,Fugitives (Venting),9248.29,1300
2024,CO2 from Biomass Combustion,0.0,1518
2024,Waste,18741.8,1518
2024,Fugitives (Leakage),207.089,268
2024,Stationary Fuel Combustion,196765.7771,268
2024,On-site Transportation,10.86151,268
2024,CO2 from Biomass Combustion,0.0,291
2024,Fugitives (Flaring),15455.77069,291
2024,Fugitives (Leakage),1546.67885,291
2024,Stationary Fuel Combustion,2558080.677,291
2024,On-site Transportation,830.09687,291
2024,Fugitives (Venting),1482.349,291
2024,Waste,94.093106,291
2024,Stationary Fuel Combustion,94644.88829,133
2024,Industrial Process,77586.60301,133
2024,On-site Transportation,424.568303,133
2024,CO2 from Biomass Combustion,0.0,615
2024,Stationary Fuel Combustion,18142.3248,615
2024,On-site Transportation,359.8079,615
2024,Stationary Fuel Combustion,30290.9,758
2024,Stationary Fuel Combustion,13062.823,460
2024,On-site Transportation,463.946,460
2024,Fugitives (Flaring),2684.926,1486
2024,Stationary Fuel Combustion,9548.7126,1486
2024,Fugitives (Venting),1246.682085,1486
2024,Stationary Fuel Combustion,8932.3877,1504
2024,On-site Transportation,841.8228,1504
2024,Fugitives (Flaring),60.91298,1704
2024,Fugitives (Leakage),24.25528,1704
2024,Stationary Fuel Combustion,10062.97145,1704
2024,Fugitives (Venting),406.55151,1704
2024,Fugitives (Flaring),689.9853,939
2024,Fugitives (Leakage),218.31824,939
2024,Stationary Fuel Combustion,41267.17236,939
2024,Stationary Fuel Combustion,45419.4795,1149
2024,On-site Transportation,147.9512,1149
2024,Fugitives (Flaring),273.50485,1292
2024,Fugitives (Leakage),84.2772,1292
2024,Stationary Fuel Combustion,9618.27865,1292
2024,Fugitives (Venting),1408.9488,1292
2024,Fugitives (Flaring),565.38145,922
2024,Fugitives (Leakage),101.7688,922
2024,Stationary Fuel Combustion,45361.83205,922
2024,Fugitives (Venting),612.3432,922
2024,Fugitives (Flaring),291.4703,1395
2024,Stationary Fuel Combustion,13164.9895,1395
2024,Fugitives (Venting),1412.6924,1395
2024,Fugitives (Flaring),4473.07327,934
2024,Fugitives (Leakage),2154.36872,934
2024,Stationary Fuel Combustion,47632.27356,934
2024,Fugitives (Flaring),564.23565,1488
2024,Fugitives (Leakage),69.3644,1488
2024,Stationary Fuel Combustion,17395.4139,1488
2024,Fugitives (Venting),108.6988,1488
2024,Fugitives (Flaring),172.5055,1000
2024,Fugitives (Leakage),39.48,1000
2024,Stationary Fuel Combustion,10707.30765,1000
2024,Fugitives (Venting),1425.9896,1000
2024,Fugitives (Flaring),332.34745,948
2024,Fugitives (Leakage),174.1992,948
2024,Stationary Fuel Combustion,21068.15895,948
2024,Fugitives (Venting),696.4468,948
2024,Fugitives (Flaring),363.44225,1697
2024,Fugitives (Leakage),76.0088,1697
2024,Stationary Fuel Combustion,12173.25465,1697
2024,Fugitives (Venting),1.4448,1697
2024,Fugitives (Flaring),160.27985,1696
2024,Fugitives (Leakage),2.3744,1696
2024,Stationary Fuel Combustion,7165.2237,1696
2024,Fugitives (Venting),1178.8056,1696
2024,Fugitives (Flaring),336.08705,1322
2024,Fugitives (Leakage),165.6956,1322
2024,Stationary Fuel Combustion,9897.0429,1322
2024,Fugitives (Venting),590.2484,1322
2024,CO2 from Biomass Combustion,0.0,526
2024,Stationary Fuel Combustion,29426.4179,526
2024,Industrial Process,3555.764361,526
2024,On-site Transportation,269.8005,526
2024,Stationary Fuel Combustion,29698.11,1332
2024,On-site Transportation,341.89,1332
2024,Stationary Fuel Combustion,18873.187,768
2024,On-site Transportation,126.4102,768
2024,Stationary Fuel Combustion,6502.734,1302
2024,Industrial Process,2549.2,1302
2024,Stationary Fuel Combustion,12947.714,781
2024,On-site Transportation,239.04,781
2024,Stationary Fuel Combustion,13092.499,705
2024,On-site Transportation,367.205,705
2024,CO2 from Biomass Combustion,0.0,141
2024,Fugitives (Flaring),3528.773125,141
2024,Fugitives (Leakage),290.820404,141
2024,Stationary Fuel Combustion,387468.2842,141
2024,On-site Transportation,2899.733122,141
2024,Fugitives (Venting),153.697438,141
2024,Waste,22.44232,141
2024,CO2 from Biomass Combustion,0.0,624
2024,Stationary Fuel Combustion,16113.903,624
2024,CO2 from Biomass Combustion,0.0,782
2024,Stationary Fuel Combustion,22785.33,782
2024,On-site Transportation,57.57,782
2024,CO2 from Biomass Combustion,0.0,506
2024,Stationary Fuel Combustion,96.335243,506
2024,On-site Transportation,1429.468421,506
2024,Waste,42708.50803,506
2024,Stationary Fuel Combustion,16937.8778,700
2024,Industrial Process,1821.0997,700
2024,CO2 from Biomass Combustion,0.0,235
2024,Stationary Fuel Combustion,15840.366,235
2024,On-site Transportation,934.855,235
2024,Wastewater,747.777,235
2024,CO2 from Biomass Combustion,0.0,630
2024,Stationary Fuel Combustion,20341.4038,630
2024,Industrial Process,1754.528,630
2024,On-site Transportation,628.8373,630
2024,Waste,583.6384,630
2024,Wastewater,85.8193,630
2024,Stationary Fuel Combustion,12106.29,946
2024,Industrial Process,179.22,946
2024,On-site Transportation,367.17,946
2024,Fugitives (Leakage),175.24,202
2024,Stationary Fuel Combustion,415070.43,202
2024,CO2 from Biomass Combustion,0.0,287
2024,Stationary Fuel Combustion,15836.1716,287
2024,On-site Transportation,111475.7696,287
2024,Fugitives (Flaring),1318.459921,1653
2024,Stationary Fuel Combustion,9790.551615,1653
2024,Fugitives (Venting),22329.1949,1653
2024,Fugitives (Flaring),8568.84095,1803
2024,Stationary Fuel Combustion,1054.925691,1803
2024,Fugitives (Venting),531.529856,1803
2024,Stationary Fuel Combustion,1197.7815,583
2024,Stationary Fuel Combustion,0.0067,1556
2024,On-site Transportation,0.000358,1556
2024,Stationary Fuel Combustion,0.021982,1758
2024,On-site Transportation,0.002777,1758
2024,Stationary Fuel Combustion,0.118061,611
2024,On-site Transportation,0.002774,611
2024,Stationary Fuel Combustion,0.113161,1056
2024,On-site Transportation,0.002774,1056
2024,CO2 from Biomass Combustion,0.0,643
2024,Stationary Fuel Combustion,23250.0761,643
2024,On-site Transportation,24.165483,643
2024,CO2 from Biomass Combustion,0.0,748
2024,Stationary Fuel Combustion,8657.780258,748
2024,On-site Transportation,1236.216746,748
2024,Stationary Fuel Combustion,538.597925,1347
2024,CO2 from Biomass Combustion,0.0,1570
2024,Stationary Fuel Combustion,543.650289,1570
2024,Waste,38.27321,1570
2024,Stationary Fuel Combustion,108530.0696,469
2024,On-site Transportation,3463.4316,469
2024,Stationary Fuel Combustion,12068.791,808
2024,Industrial Process,7.9,808
2024,CO2 from Biomass Combustion,0.0,1053
2024,Stationary Fuel Combustion,42.587,1053
2024,On-site Transportation,221.985,1053
2024,Waste,30157.705,1053
2024,CO2 from Biomass Combustion,0.0,449
2024,Stationary Fuel Combustion,28.406,449
2024,On-site Transportation,749.828,449
2024,Waste,20578.95,449
2024,CO2 from Biomass Combustion,0.0,1123
2024,Stationary Fuel Combustion,15.739,1123
2024,Waste,23006.735,1123
2024,CO2 from Biomass Combustion,0.0,1552
2024,Stationary Fuel Combustion,83.121,1552
2024,On-site Transportation,488.13,1552
2024,Waste,102893.075,1552
2024,CO2 from Biomass Combustion,0.0,1264
2024,Stationary Fuel Combustion,1.016645,1264
2024,On-site Transportation,23.93941,1264
2024,CO2 from Biomass Combustion,0.0,1265
2024,Stationary Fuel Combustion,1.329504,1265
2024,On-site Transportation,31.305632,1265
2024,CO2 from Biomass Combustion,0.0,1266
2024,Stationary Fuel Combustion,7.897027,1266
2024,On-site Transportation,36.078993,1266
2024,Stationary Fuel Combustion,15391.6012,665
2024,On-site Transportation,1036.579,665
2024,Waste,197.092,665
2024,Fugitives (Flaring),10.360965,69
2024,Fugitives (Leakage),80331.947,69
2024,Stationary Fuel Combustion,48495.858,69
2024,Fugitives (Venting),9260.573,69
2024,Fugitives (Flaring),1463.512,13
2024,Fugitives (Leakage),13432.905,13
2024,Stationary Fuel Combustion,70542.624,13
2024,Industrial Process,25.12091,13
2024,Fugitives (Venting),19060.427,13
2024,CO2 from Biomass Combustion,0.0,853
2024,Stationary Fuel Combustion,7916.6325,853
2024,On-site Transportation,2730.7643,853
2024,Waste,2038.3244,853
2024,Stationary Fuel Combustion,11451.6128,666
2024,On-site Transportation,2235.1364,666
2024,Waste,663.096,666
2024,Fugitives (Flaring),3625.82155,5
2024,Fugitives (Leakage),350.856,5
2024,Stationary Fuel Combustion,311132.3777,5
2024,On-site Transportation,87.176,5
2024,Fugitives (Flaring),10604.51794,216
2024,Fugitives (Leakage),793.93204,216
2024,Stationary Fuel Combustion,123866.5079,216
2024,Fugitives (Venting),3358.88417,216
2024,Stationary Fuel Combustion,12864.7162,733
2024,Industrial Process,346.0,733
2024,On-site Transportation,70.1132,733
2024,Fugitives (Leakage),497.65903,1551
2024,Stationary Fuel Combustion,10658.58157,1551
2024,Fugitives (Flaring),3333.82477,980
2024,Fugitives (Leakage),1002.64236,980
2024,Stationary Fuel Combustion,33281.29959,980
2024,On-site Transportation,118.02,980
2024,Fugitives (Venting),1462.75911,980
2024,Fugitives (Flaring),2715.10509,1384
2024,Fugitives (Leakage),46.52237,1384
2024,Stationary Fuel Combustion,55467.4818,1384
2024,Fugitives (Flaring),7617.80084,1356
2024,Fugitives (Leakage),313.62282,1356
2024,Stationary Fuel Combustion,129836.3766,1356
2024,On-site Transportation,169.726,1356
2024,Fugitives (Venting),1108.17045,1356
2024,Fugitives (Flaring),6615.93134,568
2024,Fugitives (Leakage),607.09434,568
2024,Stationary Fuel Combustion,133022.5239,568
2024,On-site Transportation,94.654,568
2024,Fugitives (Venting),118.48822,568
2024,Fugitives (Flaring),70231.80406,190
2024,Fugitives (Leakage),1195.52347,190
2024,Stationary Fuel Combustion,242665.4785,190
2024,On-site Transportation,25.004,190
2024,Fugitives (Venting),358.41976,190
2024,Fugitives (Flaring),9369.40174,25
2024,Fugitives (Leakage),3968.40559,25
2024,Stationary Fuel Combustion,37996.36687,25
2024,On-site Transportation,65.75,25
2024,Fugitives (Venting),502.04831,25
2024,Fugitives (Flaring),4006.94845,359
2024,Fugitives (Leakage),369.89764,359
2024,Stationary Fuel Combustion,12541.87062,359
2024,On-site Transportation,37.531,359
2024,Fugitives (Venting),436.80445,359
2024,Fugitives (Flaring),13991.20853,393
2024,Fugitives (Leakage),1147.66875,393
2024,Stationary Fuel Combustion,90975.81419,393
2024,On-site Transportation,67.05,393
2024,Fugitives (Venting),2635.85581,393
2024,Stationary Fuel Combustion,11040.0291,1678
2024,On-site Transportation,12.027,1678
2024,Fugitives (Flaring),835.13699,875
2024,Fugitives (Leakage),3.86175,875
2024,Stationary Fuel Combustion,21674.9538,875
2024,Fugitives (Venting),421.77256,875
2024,Fugitives (Flaring),5772.54363,467
2024,Fugitives (Leakage),192.21918,467
2024,Stationary Fuel Combustion,26415.35035,467
2024,Fugitives (Venting),6285.67793,467
2024,Stationary Fuel Combustion,38371.17102,828
2024,Fugitives (Leakage),40.06856,1730
2024,Stationary Fuel Combustion,22218.07113,1730
2024,Fugitives (Flaring),3329.57657,123
2024,Fugitives (Leakage),580.19149,123
2024,Stationary Fuel Combustion,42394.94442,123
2024,Fugitives (Venting),2777.10935,123
2024,CO2 from Biomass Combustion,0.0,1267
2024,Stationary Fuel Combustion,2.856146,1267
2024,On-site Transportation,109.749677,1267
2024,CO2 from Biomass Combustion,0.0,1268
2024,Stationary Fuel Combustion,0.294947,1268
2024,On-site Transportation,4.415914,1268
2024,CO2 from Biomass Combustion,0.0,1670
2024,Stationary Fuel Combustion,5852.69,1670
2024,On-site Transportation,2.66125,1670
2024,CO2 from Biomass Combustion,0.0,1269
2024,Stationary Fuel Combustion,23.14736,1269
2024,On-site Transportation,99.917354,1269
2024,CO2 from Biomass Combustion,0.0,1270
2024,Stationary Fuel Combustion,2.223045,1270
2024,On-site Transportation,25.781357,1270
2024,CO2 from Biomass Combustion,0.0,941
2024,Stationary Fuel Combustion,4461.11,941
2024,On-site Transportation,335.352,941
2024,Waste,28448.0,941
2024,Wastewater,886.15,941
2024,Fugitives (Flaring),29656.15772,341
2024,Fugitives (Leakage),8.31139,341
2024,Stationary Fuel Combustion,29636.06014,341
2024,On-site Transportation,14.478,341
2024,Fugitives (Venting),61.29047,341
2024,CO2 from Biomass Combustion,0.0,1320
2024,Stationary Fuel Combustion,553.70366,1320
2024,Waste,2481.608,1320
2024,Wastewater,1570.616,1320
2024,Stationary Fuel Combustion,32760.9245,504
2024,On-site Transportation,423.7671,504
2024,Wastewater,1.5988,504
2024,Stationary Fuel Combustion,1106893.757,206
2024,Industrial Process,4.8764,206
2024,Fugitives (Venting),1.8715,206
2024,Wastewater,4.5556,206
2024,Stationary Fuel Combustion,13554.35045,1628
2024,On-site Transportation,444.6515,1628
2024,Stationary Fuel Combustion,632761.3683,15
2024,Fugitives (Venting),7.1452,15
2024,Stationary Fuel Combustion,15159.7963,261
2024,Fugitives (Venting),17.1994,261
2024,Fugitives (Flaring),0.02589,153
2024,Stationary Fuel Combustion,1404293.519,153
2024,Stationary Fuel Combustion,16400.71798,1627
2024,On-site Transportation,748.728255,1627
2024,Stationary Fuel Combustion,27097.9149,1655
2024,On-site Transportation,522.0247,1655
2024,Stationary Fuel Combustion,13547.097,1626
2024,On-site Transportation,557.046601,1626
2024,CO2 from Biomass Combustion,0.0,458
2024,Fugitives (Leakage),4.046,458
2024,Stationary Fuel Combustion,11205.6631,458
2024,On-site Transportation,145.1975,458
2024,CO2 from Biomass Combustion,0.0,1417
2024,Fugitives (Flaring),78.2676,1417
2024,Stationary Fuel Combustion,3194.899,1417
2024,Wastewater,29132.086,1417
2024,Stationary Fuel Combustion,10903.75,1631
2024,On-site Transportation,1683.35,1631
2024,Fugitives (Venting),1379.97,1631
2024,Stationary Fuel Combustion,28218.64,1373
2024,Stationary Fuel Combustion,10395.5,1048
2024,Industrial Process,896.495,1048
2024,Stationary Fuel Combustion,11660.41,1801
2024,Stationary Fuel Combustion,10514.1,1800
2024,Industrial Process,1791.135,1800
2024,Stationary Fuel Combustion,16755.3,756
2024,Industrial Process,10327.66,756
2024,On-site Transportation,18.189485,756
2024,CO2 from Biomass Combustion,0.0,604
2024,On-site Transportation,287.4344,604
2024,Waste,39476.64,604
2024,CO2 from Biomass Combustion,0.0,1271
2024,Stationary Fuel Combustion,0.029428,1271
2024,On-site Transportation,0.545155,1271
2024,CO2 from Biomass Combustion,0.0,1272
2024,Stationary Fuel Combustion,26.706851,1272
2024,On-site Transportation,34.988435,1272
2024,CO2 from Biomass Combustion,0.0,1273
2024,Stationary Fuel Combustion,1.355317,1273
2024,On-site Transportation,1.791208,1273
2024,Fugitives (Flaring),14470.4049,1364
2024,Fugitives (Leakage),177.6386,1364
2024,Stationary Fuel Combustion,121410.6725,1364
2024,On-site Transportation,11.59621,1364
2024,Fugitives (Venting),2876.706,1364
2024,Wastewater,0.392,1364
2024,Fugitives (Flaring),426.38826,889
2024,Fugitives (Leakage),7.38805,889
2024,Stationary Fuel Combustion,15026.30876,889
2024,Fugitives (Venting),1508.534895,889
2024,Fugitives (Flaring),344.768791,892
2024,Fugitives (Leakage),144.786395,892
2024,Stationary Fuel Combustion,12971.81017,892
2024,Fugitives (Venting),561.776769,892
2024,Fugitives (Flaring),113.51,1495
2024,Fugitives (Leakage),49.85491,1495
2024,Stationary Fuel Combustion,11138.97383,1495
2024,Fugitives (Venting),609.05568,1495
2024,CO2 from Biomass Combustion,0.0,1274
2024,Stationary Fuel Combustion,36.64513,1274
2024,On-site Transportation,5.66858,1274
2024,CO2 from Biomass Combustion,0.0,1275
2024,Stationary Fuel Combustion,0.904337,1275
2024,On-site Transportation,12.213955,1275
2024,Fugitives (Leakage),10.963481,779
2024,Stationary Fuel Combustion,12692.01544,779
2024,Fugitives (Venting),2746.531574,779
2024,Fugitives (Leakage),11.787264,780
2024,Stationary Fuel Combustion,9651.207315,780
2024,Fugitives (Venting),1800.705463,780
2024,CO2 from Biomass Combustion,0.0,468
2024,Fugitives (Leakage),432.18,468
2024,Stationary Fuel Combustion,1956.666952,468
2024,Industrial Process,178061.4396,468
2024,On-site Transportation,752.388381,468
2024,Wastewater,3.0268,468
2024,Stationary Fuel Combustion,15798.39,1168
2024,On-site Transportation,3.46,1168
2024,Fugitives (Leakage),1.190363,891
2024,Stationary Fuel Combustion,12671.46407,891
2024,Fugitives (Venting),550.03684,891
2024,CO2 from Biomass Combustion,0.0,605
2024,Fugitives (Flaring),1106.184,605
2024,Stationary Fuel Combustion,17721.2515,605
2024,On-site Transportation,248.686,605
2024,Fugitives (Leakage),57.610647,1367
2024,Stationary Fuel Combustion,30255.87357,1367
2024,On-site Transportation,2.061875,1367
2024,Fugitives (Venting),1955.972126,1367
2024,Fugitives (Flaring),94.710883,171
2024,Fugitives (Leakage),2359.318908,171
2024,Stationary Fuel Combustion,1080685.213,171
2024,On-site Transportation,35.551643,171
2024,Fugitives (Venting),50290.70013,171
2024,Stationary Fuel Combustion,278.904064,1355
2024,Waste,120680.8528,1355
2024,Stationary Fuel Combustion,130688.8444,33
2024,Industrial Process,10.669,33
2024,On-site Transportation,0.533848,33
2024,CO2 from Biomass Combustion,0.0,1633
2024,Stationary Fuel Combustion,3947.0958,1633
2024,On-site Transportation,609.0633,1633
2024,Waste,7112.6089,1633
2024,Fugitives (Flaring),2521.35628,1044
2024,Fugitives (Leakage),422.62919,1044
2024,Stationary Fuel Combustion,42577.74675,1044
2024,Fugitives (Venting),183.4181,1044
2024,Fugitives (Flaring),6962.138,538
2024,Fugitives (Leakage),2704.0993,538
2024,Stationary Fuel Combustion,21943.02513,538
2024,Fugitives (Venting),1317.18741,538
2024,Fugitives (Flaring),682.69122,673
2024,Stationary Fuel Combustion,11410.11642,673
2024,Fugitives (Flaring),1298.56139,654
2024,Fugitives (Leakage),407.83547,654
2024,Stationary Fuel Combustion,13391.68838,654
2024,Fugitives (Venting),74.25162,654
2024,Fugitives (Flaring),3632.58373,1307
2024,Fugitives (Leakage),343.47027,1307
2024,Stationary Fuel Combustion,76608.36161,1307
2024,Fugitives (Venting),393.23034,1307
2024,Fugitives (Flaring),2706.83836,1026
2024,Fugitives (Leakage),225.68105,1026
2024,Stationary Fuel Combustion,77599.00547,1026
2024,Fugitives (Venting),227.68088,1026
2024,Fugitives (Flaring),6168.83427,1588
2024,Fugitives (Leakage),112.15288,1588
2024,Stationary Fuel Combustion,36958.74009,1588
2024,Fugitives (Venting),100.75828,1588
2024,Fugitives (Flaring),2400.47842,586
2024,Fugitives (Leakage),109.6082,586
2024,Stationary Fuel Combustion,51417.0155,586
2024,Fugitives (Venting),703.91145,586
2024,Stationary Fuel Combustion,5839.1806,753
2024,Industrial Process,9941.2457,753
2024,On-site Transportation,5.3431,753
2024,Fugitives (Flaring),5109.10855,1025
2024,Fugitives (Leakage),267.3322,1025
2024,Stationary Fuel Combustion,52234.43397,1025
2024,Fugitives (Venting),411.33577,1025
2024,Fugitives (Flaring),2174.47218,1074
2024,Fugitives (Leakage),117.51993,1074
2024,Stationary Fuel Combustion,65247.6463,1074
2024,Fugitives (Venting),346.48349,1074
2024,Fugitives (Flaring),2624.55021,1073
2024,Fugitives (Leakage),66.08279,1073
2024,Stationary Fuel Combustion,69376.24534,1073
2024,Fugitives (Venting),61.88971,1073
2024,Fugitives (Flaring),416250.122,222
2024,Fugitives (Leakage),10197.18,222
2024,Stationary Fuel Combustion,239108.0743,222
2024,Fugitives (Venting),339.78,222
2024,Fugitives (Flaring),1188.36528,983
2024,Fugitives (Leakage),72.96412,983
2024,Stationary Fuel Combustion,32389.35643,983
2024,Fugitives (Venting),1499.04122,983
2024,Fugitives (Flaring),2446.71813,1027
2024,Fugitives (Leakage),103.43035,1027
2024,Stationary Fuel Combustion,35200.04469,1027
2024,Fugitives (Venting),153.06159,1027
2024,Fugitives (Flaring),3738.38841,984
2024,Fugitives (Leakage),42.47878,984
2024,Stationary Fuel Combustion,34414.73449,984
2024,Fugitives (Venting),524.60757,984
2024,Fugitives (Flaring),3352.62196,987
2024,Fugitives (Leakage),227.66794,987
2024,Stationary Fuel Combustion,38204.6199,987
2024,Fugitives (Venting),114.45804,987
2024,Fugitives (Flaring),5380.75121,1306
2024,Fugitives (Leakage),117.23859,1306
2024,Stationary Fuel Combustion,36469.48472,1306
2024,Fugitives (Venting),294.93235,1306
2024,Fugitives (Flaring),507.18251,1589
2024,Fugitives (Leakage),76.54959,1589
2024,Stationary Fuel Combustion,10611.28026,1589
2024,Fugitives (Venting),37.33822,1589
2024,Stationary Fuel Combustion,87048.482,80
2024,On-site Transportation,70247.599,80
2024,Waste,54.859,80
2024,Wastewater,59.734,80
2024,Fugitives (Flaring),1710.37336,1024
2024,Fugitives (Leakage),67.55819,1024
2024,Stationary Fuel Combustion,14100.29492,1024
2024,Fugitives (Venting),372.79312,1024
2024,Fugitives (Flaring),1298.15344,981
2024,Fugitives (Leakage),53.2379,981
2024,Stationary Fuel Combustion,22849.44517,981
2024,Fugitives (Venting),549.19074,981
2024,Fugitives (Flaring),1769.76408,1375
2024,Fugitives (Leakage),62.29482,1375
2024,Stationary Fuel Combustion,30697.45639,1375
2024,Fugitives (Venting),58.0026,1375
2024,Fugitives (Flaring),1568.71584,1309
2024,Fugitives (Leakage),1576.40891,1309
2024,Stationary Fuel Combustion,15960.42325,1309
2024,Fugitives (Venting),677.16631,1309
2024,Fugitives (Flaring),474.39236,1466
2024,Fugitives (Leakage),201.99041,1466
2024,Stationary Fuel Combustion,30733.83507,1466
2024,Fugitives (Venting),77.4845,1466
2024,Fugitives (Flaring),2943.47841,947
2024,Fugitives (Leakage),76.49454,947
2024,Stationary Fuel Combustion,41174.18459,947
2024,Fugitives (Venting),573.16296,947
2024,Fugitives (Flaring),14029.61665,587
2024,Fugitives (Leakage),860.89219,587
2024,Stationary Fuel Combustion,83205.2173,587
2024,Fugitives (Venting),922.53188,587
2024,Fugitives (Flaring),3642.52197,1416
2024,Fugitives (Leakage),473.34164,1416
2024,Stationary Fuel Combustion,85577.11416,1416
2024,Fugitives (Venting),86.36292,1416
2024,Fugitives (Flaring),4233.76114,1362
2024,Fugitives (Leakage),42.35525,1362
2024,Stationary Fuel Combustion,44983.63957,1362
2024,Fugitives (Venting),75.57105,1362
2024,Fugitives (Flaring),947.5627,982
2024,Fugitives (Leakage),79.25089,982
2024,Stationary Fuel Combustion,36020.14143,982
2024,Fugitives (Venting),1418.78907,982
2024,Fugitives (Flaring),1806.41109,713
2024,Fugitives (Leakage),129.06856,713
2024,Stationary Fuel Combustion,25485.15889,713
2024,Fugitives (Venting),5776.1309,713
2024,Fugitives (Flaring),368.88677,1318
2024,Fugitives (Leakage),153.86079,1318
2024,Stationary Fuel Combustion,10728.95932,1318
2024,Fugitives (Venting),2633.00676,1318
2024,Fugitives (Flaring),801.54749,690
2024,Fugitives (Leakage),77.68594,690
2024,Stationary Fuel Combustion,11562.32337,690
2024,Fugitives (Venting),304.63446,690
2024,Fugitives (Flaring),69.674169,999
2024,Fugitives (Leakage),9.885255,999
2024,Stationary Fuel Combustion,13178.01602,999
2024,Fugitives (Venting),1304.352562,999
2024,Fugitives (Flaring),35774.05675,282
2024,Fugitives (Leakage),9.8196,282
2024,Stationary Fuel Combustion,4419.043404,282
2024,Industrial Process,35.363326,282
2024,On-site Transportation,1402.453407,282
2024,Wastewater,0.913455,282
2024,Fugitives (Flaring),28108.44591,242
2024,Fugitives (Leakage),756.20372,242
2024,Stationary Fuel Combustion,1041645.768,242
2024,Industrial Process,1631.651112,242
2024,On-site Transportation,3531.171372,242
2024,Fugitives (Venting),52545.01404,242
2024,Waste,296.628,242
2024,Wastewater,89.550711,242
2024,Industrial Process,172.922211,618
2024,On-site Transportation,77.767832,618
2024,Industrial Process,3228.098437,613
2024,On-site Transportation,904.880534,613
2024,Industrial Process,333.559699,616
2024,On-site Transportation,538.877034,616
2024,Fugitives (Flaring),33.971252,888
2024,Fugitives (Leakage),1.045899,888
2024,Stationary Fuel Combustion,8665.295106,888
2024,Fugitives (Venting),1549.765969,888
2024,Industrial Process,3975.093679,785
2024,On-site Transportation,2273.869194,785
2024,Industrial Process,1469.458606,614
2024,On-site Transportation,1884.030528,614
2024,CO2 from Biomass Combustion,0.0,525
2024,Fugitives (Flaring),44115.875,525
2024,Fugitives (Leakage),50395.04,525
2024,Stationary Fuel Combustion,2492401.64,525
2024,Industrial Process,871.51464,525
2024,On-site Transportation,443267.0935,525
2024,Wastewater,22.743876,525
2024,Industrial Process,1060.904057,617
2024,On-site Transportation,994.162943,617
2024,Industrial Process,378.77414,619
2024,On-site Transportation,798.67711,619
2024,Industrial Process,286.108268,620
2024,On-site Transportation,1459.754764,620
2024,Stationary Fuel Combustion,2985.283,433
2024,On-site Transportation,96.36,433
2024,CO2 from Biomass Combustion,0.0,519
2024,Stationary Fuel Combustion,14616.34621,519
2024,On-site Transportation,78.1854,519
2024,Fugitives (Flaring),8363.38926,306
2024,Fugitives (Leakage),373.52352,306
2024,Stationary Fuel Combustion,2821556.667,306
2024,On-site Transportation,9131.721,306
2024,Fugitives (Venting),1786.32016,306
2024,Stationary Fuel Combustion,69803.88894,101
2024,Industrial Process,57083.65844,101
2024,On-site Transportation,2807.479161,101
2024,Stationary Fuel Combustion,10801.31462,1799
2024,Fugitives (Flaring),1812.6103,1366
2024,Fugitives (Leakage),105.77737,1366
2024,Stationary Fuel Combustion,48355.2153,1366
2024,Fugitives (Flaring),16929.3685,1446
2024,Fugitives (Leakage),783.4562,1446
2024,Stationary Fuel Combustion,173426.233,1446
2024,Fugitives (Venting),3971.22514,1446
2024,Stationary Fuel Combustion,12914.27416,1798
2024,Stationary Fuel Combustion,132612.02,138
2024,Stationary Fuel Combustion,11570.93397,1575
2024,On-site Transportation,1643.99,1575
2024,Stationary Fuel Combustion,31725.212,825
2024,On-site Transportation,101.09199,825
2024,Wastewater,3.6146,825
2024,Stationary Fuel Combustion,9060.8017,762
2024,On-site Transportation,21.5387,762
2024,Stationary Fuel Combustion,20032.0527,743
2024,On-site Transportation,3.1714,743
2024,CO2 from Biomass Combustion,0.0,1450
2024,Stationary Fuel Combustion,64.8378,1450
2024,On-site Transportation,555.35,1450
2024,Waste,111463.7,1450
2024,Stationary Fuel Combustion,10238.7674,1554
2024,On-site Transportation,28.5113,1554
2024,Stationary Fuel Combustion,46686.956,313
2024,On-site Transportation,78.270265,313
2024,Stationary Fuel Combustion,18700.88,685
2024,On-site Transportation,60.212,685
2024,Stationary Fuel Combustion,14365.9082,817
2024,On-site Transportation,93.9615,817
2024,Waste,69.0,817
2024,Stationary Fuel Combustion,17916.336,1232
2024,Stationary Fuel Combustion,11288.52731,684
2024,Industrial Process,342.95,684
2024,On-site Transportation,117.106924,684
2024,CO2 from Biomass Combustion,0.0,298
2024,Stationary Fuel Combustion,7758.8586,298
2024,Waste,13838.45752,298
2024,Wastewater,137.135995,298
2024,CO2 from Biomass Combustion,0.0,1247
2024,Stationary Fuel Combustion,2649.542,1247
2024,On-site Transportation,40293.148,1247
2024,Waste,84.812,1247
2024,Stationary Fuel Combustion,53078.944,998
2024,On-site Transportation,89657.758,998
2024,Waste,99.355,998
2024,Stationary Fuel Combustion,31483.91469,652
2024,On-site Transportation,52.188399,652
2024,CO2 from Biomass Combustion,0.0,582
2024,Fugitives (Flaring),54.771,582
2024,Stationary Fuel Combustion,3127.833,582
2024,On-site Transportation,859.185,582
2024,Waste,81814.58,582
2024,CO2 from Biomass Combustion,0.0,598
2024,Stationary Fuel Combustion,5317.86,598
2024,On-site Transportation,854.191,598
2024,CO2 from Biomass Combustion,0.0,653
2024,Stationary Fuel Combustion,12792.8919,653
2024,On-site Transportation,166.2062,653
2024,Stationary Fuel Combustion,30302.4164,1235
2024,On-site Transportation,110.686565,1235
2024,Fugitives (Flaring),16762.9775,208
2024,Fugitives (Leakage),121.5377,208
2024,Stationary Fuel Combustion,77332.3437,208
2024,On-site Transportation,166.0387,208
2024,Fugitives (Venting),51899.8613,208
2024,Fugitives (Flaring),27366.9019,207
2024,Fugitives (Leakage),88.7657,207
2024,Stationary Fuel Combustion,85414.4034,207
2024,On-site Transportation,128.5348,207
2024,Fugitives (Venting),115568.1533,207
2024,Fugitives (Leakage),16.394334,1344
2024,Stationary Fuel Combustion,15737.14055,1344
2024,Fugitives (Venting),10.701969,1344
2024,Fugitives (Flaring),2524.8405,1447
2024,Fugitives (Leakage),407.9281,1447
2024,Stationary Fuel Combustion,45739.5484,1447
2024,Fugitives (Venting),343.164,1447
2024,Fugitives (Flaring),5771.3203,1797
2024,Fugitives (Leakage),87.1937,1797
2024,Stationary Fuel Combustion,34102.4245,1797
2024,Fugitives (Venting),4.1956,1797
2024,Fugitives (Flaring),2.0676,1796
2024,Fugitives (Leakage),166.2492,1796
2024,Stationary Fuel Combustion,14636.9296,1796
2024,Fugitives (Flaring),2883.5807,1795
2024,Fugitives (Leakage),1062.32094,1795
2024,Stationary Fuel Combustion,60707.3589,1795
2024,Fugitives (Venting),269.2911,1795
2024,Fugitives (Flaring),11720.174,1794
2024,Fugitives (Leakage),813.8019,1794
2024,Stationary Fuel Combustion,22115.0752,1794
2024,Fugitives (Venting),31.4131,1794
2024,Fugitives (Flaring),660.6948,1793
2024,Stationary Fuel Combustion,9739.8201,1793
2024,Fugitives (Flaring),6897.6325,1792
2024,Fugitives (Leakage),265.8678,1792
2024,Stationary Fuel Combustion,39672.287,1792
2024,Fugitives (Venting),261.394,1792
2024,Fugitives (Flaring),350.2476,1791
2024,Fugitives (Leakage),513.2526,1791
2024,Stationary Fuel Combustion,43864.187,1791
2024,Fugitives (Venting),171.7296,1791
2024,Fugitives (Flaring),1168.645,1790
2024,Fugitives (Leakage),185.2696,1790
2024,Stationary Fuel Combustion,21594.8054,1790
2024,Fugitives (Venting),577.948,1790
2024,Fugitives (Flaring),872.7195,1789
2024,Stationary Fuel Combustion,34063.0165,1789
2024,Fugitives (Venting),41.8831,1789
2024,Fugitives (Flaring),950.744,1788
2024,Fugitives (Leakage),192.8462,1788
2024,Stationary Fuel Combustion,25379.7702,1788
2024,Fugitives (Venting),522.7064,1788
2024,Fugitives (Flaring),6028.4512,1787
2024,Fugitives (Leakage),519.99306,1787
2024,Stationary Fuel Combustion,24176.2682,1787
2024,Fugitives (Venting),867.3241,1787
2024,Fugitives (Flaring),15712.0844,1786
2024,Fugitives (Leakage),37.7327,1786
2024,Stationary Fuel Combustion,753.4899,1786
2024,Fugitives (Flaring),38639.4883,1767
2024,Stationary Fuel Combustion,7685.6416,1767
2024,Fugitives (Venting),408.2445,1767
2024,Fugitives (Flaring),12890.5004,1785
2024,Stationary Fuel Combustion,100.4324,1785
2024,Fugitives (Flaring),213.0571,1535
2024,Fugitives (Leakage),340.4505,1535
2024,Stationary Fuel Combustion,40297.3081,1535
2024,Fugitives (Venting),237.5056,1535
2024,CO2 from Biomass Combustion,0.0,83
2024,Fugitives (Leakage),271913.208,83
2024,Stationary Fuel Combustion,95119.154,83
2024,Industrial Process,37.6,83
2024,On-site Transportation,198969.6563,83
2024,CO2 from Biomass Combustion,0.0,289
2024,Fugitives (Leakage),130497.6344,289
2024,Stationary Fuel Combustion,30487.8571,289
2024,On-site Transportation,107046.661,289
2024,Fugitives (Flaring),823.9957,1530
2024,Fugitives (Leakage),134.6216,1530
2024,Stationary Fuel Combustion,40444.019,1530
2024,Fugitives (Venting),347.2834,1530
2024,CO2 from Biomass Combustion,0.0,103
2024,Fugitives (Leakage),198229.6652,103
2024,Stationary Fuel Combustion,107942.8882,103
2024,On-site Transportation,162142.6053,103
2024,CO2 from Biomass Combustion,0.0,91
2024,Fugitives (Leakage),353568.236,91
2024,Stationary Fuel Combustion,96464.9961,91
2024,On-site Transportation,340598.1508,91
2024,Fugitives (Flaring),32.656,1261
2024,Fugitives (Leakage),131.2333,1261
2024,Stationary Fuel Combustion,57559.4047,1261
2024,Fugitives (Venting),11645.3518,1261
2024,Fugitives (Flaring),33555.6874,240
2024,Fugitives (Leakage),802.7916,240
2024,Stationary Fuel Combustion,109448.5246,240
2024,On-site Transportation,359.4188,240
2024,Fugitives (Venting),71942.7712,240
2024,Fugitives (Flaring),8313.743,1208
2024,Fugitives (Leakage),11076.64,1208
2024,On-site Transportation,257.045,1208
2024,Waste,2318.75,1208
2024,Fugitives (Flaring),316.7312,1784
2024,Fugitives (Leakage),57.676,1784
2024,Stationary Fuel Combustion,13231.7738,1784
2024,Fugitives (Venting),17.452,1784
2024,Stationary Fuel Combustion,17047.84375,710
2024,On-site Transportation,141.292,710
2024,Fugitives (Flaring),18572.6753,121
2024,Fugitives (Leakage),0.168,121
2024,Stationary Fuel Combustion,110549.2016,121
2024,On-site Transportation,456.5897,121
2024,Stationary Fuel Combustion,20803.943,1179
2024,On-site Transportation,145.86,1179
2024,Fugitives (Flaring),522.3644,1517
2024,Fugitives (Leakage),4.721,1517
2024,Stationary Fuel Combustion,10160.8854,1517
2024,Fugitives (Flaring),779.7441,816
2024,Fugitives (Leakage),150.9329,816
2024,Stationary Fuel Combustion,21209.0894,816
2024,Fugitives (Venting),126.9189,816
2024,Stationary Fuel Combustion,11507.0154,1144
2024,Fugitives (Flaring),1153.5121,857
2024,Stationary Fuel Combustion,22515.71,857
2024,Stationary Fuel Combustion,12329.97,1178
2024,On-site Transportation,99.1199,1178
2024,Wastewater,3.18976,1178
2024,Stationary Fuel Combustion,6044.2102,1479
2024,Fugitives (Flaring),526.3783,163
2024,Stationary Fuel Combustion,90883.0923,163
2024,On-site Transportation,481.609,163
2024,Stationary Fuel Combustion,3078.838,628
2024,On-site Transportation,43487.494,628
2024,CO2 from Biomass Combustion,0.0,479
2024,On-site Transportation,103.4204,479
2024,CO2 from Biomass Combustion,0.0,859
2024,Waste,16659.8057,859
2024,Fugitives (Flaring),6338.22055,225
2024,Fugitives (Leakage),8282.87326,225
2024,Stationary Fuel Combustion,85705.89063,225
2024,Fugitives (Venting),84429.47224,225
2024,Fugitives (Leakage),50496.3943,199
2024,Stationary Fuel Combustion,17085.44569,199
2024,Fugitives (Venting),1691.98505,199
2024,Stationary Fuel Combustion,127291.2829,52
2024,Stationary Fuel Combustion,15683.932,840
2024,Stationary Fuel Combustion,10497.8313,841
2024,CO2 from Biomass Combustion,0.0,1190
2024,Stationary Fuel Combustion,9210.898,1190
2024,Stationary Fuel Combustion,45244.5316,806
2024,On-site Transportation,317.5476,806
2024,Stationary Fuel Combustion,25113.08275,1281
2024,Industrial Process,668.12,1281
2024,CO2 from Biomass Combustion,0.0,288
2024,Fugitives (Flaring),1915.6094,288
2024,Stationary Fuel Combustion,83079.8503,288
2024,Industrial Process,1540.2747,288
2024,On-site Transportation,1989.8681,288
2024,Wastewater,3785.9108,288
2024,Stationary Fuel Combustion,9705.7,1692
2024,On-site Transportation,2360.6,1692
2024,Waste,585.2,1692
2024,Fugitives (Leakage),6.1616,336
2024,Stationary Fuel Combustion,12220.20167,336
2024,Industrial Process,64.625,336
2024,On-site Transportation,0.32795,336
2024,Stationary Fuel Combustion,9673.106897,792
2024,Industrial Process,14.612,792
2024,On-site Transportation,44.034,792
2024,Wastewater,43.876,792
2024,Stationary Fuel Combustion,10348.7,1783
2024,Stationary Fuel Combustion,30307.0399,634
2024,Industrial Process,2056.2749,634
2024,On-site Transportation,3550.6624,634
2024,Waste,1383.2503,634
2024,Wastewater,46.8824,634
2024,Stationary Fuel Combustion,1814.335,1581
2024,On-site Transportation,363.5,1581
2024,Stationary Fuel Combustion,708.572,1582
2024,On-site Transportation,164.328,1582
2024,Stationary Fuel Combustion,24515.70429,1782
2024,CO2 from Biomass Combustion,0.0,348
2024,Stationary Fuel Combustion,14454.11294,348
2024,Industrial Process,298.2267,348
2024,On-site Transportation,16885.06194,348
2024,Waste,0.967769,348
2024,Fugitives (Flaring),453.14486,453
2024,Fugitives (Leakage),100.2227,453
2024,Stationary Fuel Combustion,660739.8856,453
2024,On-site Transportation,4956.39249,453
2024,Fugitives (Venting),493.1464,453
2024,Fugitives (Flaring),732.189895,565
2024,Fugitives (Leakage),421.27544,565
2024,Stationary Fuel Combustion,210744.4956,565
2024,Industrial Process,0.846,565
2024,On-site Transportation,956.04515,565
2024,Stationary Fuel Combustion,24836.39845,1298
2024,On-site Transportation,53.01017,1298
2023,Fugitives (Flaring),172.174,973
2023,Fugitives (Leakage),561.77,973
2023,Stationary Fuel Combustion,20010.6625,973
2023,Fugitives (Venting),1077.213,973
2024,Fugitives (Flaring),184.83732,973
2024,Fugitives (Leakage),561.77,973
2024,Stationary Fuel Combustion,20309.88432,973
2024,Fugitives (Venting),1193.62644,973
2024,Fugitives (Flaring),69.69276,1594
2024,Stationary Fuel Combustion,1152.70815,1594
2024,Fugitives (Venting),14.14056,1594
2024,Stationary Fuel Combustion,5858.90275,736
2024,Stationary Fuel Combustion,14737.97,1166
2024,On-site Transportation,22.64,1166
2024,Stationary Fuel Combustion,10164.331,866
2024,Industrial Process,222.111,866
2024,On-site Transportation,17.0745,866
2024,CO2 from Biomass Combustion,0.0,211
2024,Stationary Fuel Combustion,174952.64,211
2024,On-site Transportation,1851.69,211
2024,Wastewater,243.8,211
2024,CO2 from Biomass Combustion,0.0,1433
2024,Stationary Fuel Combustion,5723.572,1433
2024,On-site Transportation,7841.272,1433
2024,Fugitives (Leakage),223.4988,100
2024,Stationary Fuel Combustion,4726068.952,100
2024,On-site Transportation,304.6973,100
2024,Fugitives (Venting),5.4428,100
2024,Wastewater,33.0869,100
2024,Stationary Fuel Combustion,17111.774,687
2024,Stationary Fuel Combustion,18066.54751,1174
2024,On-site Transportation,7.29,1174
2024,Stationary Fuel Combustion,8198.22,1176
2024,On-site Transportation,7.33,1176
2024,Stationary Fuel Combustion,132245.4228,491
2024,Stationary Fuel Combustion,10767.157,642
2024,Industrial Process,18.1254,642
2024,On-site Transportation,47857.257,642
2024,Stationary Fuel Combustion,39946.27956,1188
2024,Fugitives (Flaring),1079.302501,909
2024,Fugitives (Leakage),374.5088,909
2024,Stationary Fuel Combustion,11663.4369,909
2024,Fugitives (Venting),2315.562,909
2024,On-site Transportation,19.9625,165
2024,Wastewater,28.6995,165
2024,CO2 from Biomass Combustion,0.0,270
2024,Stationary Fuel Combustion,116.686,270
2024,Waste,20359.836,270
2024,Stationary Fuel Combustion,3945.177075,649
2024,On-site Transportation,7311.108,649
2024,Stationary Fuel Combustion,4386.6396,647
2024,On-site Transportation,7978.76,647
2024,Stationary Fuel Combustion,3152.523558,1374
2024,Industrial Process,21935.4095,1374
2024,On-site Transportation,4.446304,1374
2023,CO2 from Biomass Combustion,0.0,407
2023,Stationary Fuel Combustion,68774.644,407
2023,Wastewater,13639.36,407
2024,Stationary Fuel Combustion,6353.51,1574
2024,On-site Transportation,586.99282,1574
2024,Stationary Fuel Combustion,19713.85,571
2024,Industrial Process,18220.0,571
2024,On-site Transportation,2516.31,571
2024,Stationary Fuel Combustion,45328.6965,1770
2024,On-site Transportation,47262.014,1770
2024,Stationary Fuel Combustion,10072.8617,1781
2024,Stationary Fuel Combustion,10810.5876,1737
2024,Stationary Fuel Combustion,24194.5299,811
2024,On-site Transportation,138.85244,811
2023,CO2 from Biomass Combustion,0.0,525
2023,Fugitives (Flaring),26515.0371,525
2023,Fugitives (Leakage),50557.96714,525
2023,Stationary Fuel Combustion,2596336.734,525
2023,Industrial Process,1721.041283,525
2023,On-site Transportation,428690.5352,525
2023,Wastewater,25.124568,525
2022,CO2 from Biomass Combustion,0.0,525
2022,Fugitives (Flaring),42403.5152,525
2022,Fugitives (Leakage),57784.1,525
2022,Stationary Fuel Combustion,2443961.385,525
2022,Industrial Process,26.491539,525
2022,On-site Transportation,612209.1,525
2022,Fugitives (Venting),5.6,525
2022,Wastewater,5.6,525
2024,Fugitives (Flaring),3440.264915,404
2024,Fugitives (Leakage),331.005816,404
2024,Stationary Fuel Combustion,51856.12103,404
2024,On-site Transportation,75.751193,404
2024,Fugitives (Venting),4943.933836,404
2024,Stationary Fuel Combustion,12384.1444,454
2024,Industrial Process,19.166,454
2024,On-site Transportation,82.854479,454
2024,CO2 from Biomass Combustion,0.0,252
2024,Stationary Fuel Combustion,90473.8967,252
2024,On-site Transportation,596.255015,252
2024,Stationary Fuel Combustion,9366.512268,683
2024,On-site Transportation,9.15955,683
2024,CO2 from Biomass Combustion,0.0,55
2024,Stationary Fuel Combustion,205943.9574,55
2024,Industrial Process,542014.3315,55
2024,On-site Transportation,4031.6242,55
2024,CO2 from Biomass Combustion,0.0,434
2024,Stationary Fuel Combustion,11952.489,434
2024,Stationary Fuel Combustion,1361.32516,1736
2024,Industrial Process,20844.5,1736
2024,On-site Transportation,26.01655,1736
2024,Stationary Fuel Combustion,264.76,1587
2024,On-site Transportation,27.84,1587
2023,Stationary Fuel Combustion,506521.0198,44
2023,Industrial Process,129810.756,44
2023,On-site Transportation,144184.2093,44
2024,Stationary Fuel Combustion,340.7498,279
2024,Industrial Process,35748.21,279
2024,On-site Transportation,193.5224,279
2024,CO2 from Biomass Combustion,0.0,1159
2024,Fugitives (Flaring),3.3755,1159
2024,Waste,40544.0,1159
2024,Stationary Fuel Combustion,15558.36323,1182
2024,Industrial Process,280.692128,1182
2024,On-site Transportation,30061.16152,1182
2024,Fugitives (Flaring),35988.2509,1689
2024,Fugitives (Leakage),18.267,1689
2024,Stationary Fuel Combustion,2369.48,1689
2024,Fugitives (Flaring),25946.685,1644
2024,Fugitives (Leakage),154.908,1644
2024,Stationary Fuel Combustion,4802.726,1644
2024,Fugitives (Venting),326.626,1644
2024,Fugitives (Flaring),9217.486,1780
2024,Fugitives (Leakage),125.294,1780
2024,Stationary Fuel Combustion,1895.625,1780
2024,Fugitives (Venting),34.155,1780
2024,Fugitives (Flaring),38151.9735,1688
2024,Fugitives (Leakage),182.757,1688
2024,Stationary Fuel Combustion,4452.31,1688
2024,Fugitives (Venting),56.539,1688
2024,Fugitives (Flaring),20903.587,1779
2024,Fugitives (Leakage),60.9938,1779
2024,Stationary Fuel Combustion,1749.01,1779
2024,Fugitives (Flaring),91345.2,1778
2024,Fugitives (Leakage),106.774,1778
2024,Stationary Fuel Combustion,6165.212,1778
2024,Fugitives (Flaring),24060.033,1777
2024,Fugitives (Leakage),75.619,1777
2024,Stationary Fuel Combustion,4055.079,1777
2024,Fugitives (Flaring),10324.28,1776
2024,Fugitives (Leakage),89.599,1776
2024,Stationary Fuel Combustion,1845.582,1776
2024,Fugitives (Venting),1.656,1776
2024,Fugitives (Flaring),19860.525,1775
2024,Fugitives (Leakage),50.067,1775
2024,Stationary Fuel Combustion,722.648,1775
2024,Fugitives (Flaring),3791.352,1663
2024,Fugitives (Leakage),597.189,1663
2024,Stationary Fuel Combustion,47801.996,1663
2024,Fugitives (Venting),688.274,1663
2024,Stationary Fuel Combustion,22270.536,1240
2024,Fugitives (Flaring),84.3168,1759
2024,Stationary Fuel Combustion,1491963.061,1759
2024,On-site Transportation,1053.728539,1759
2024,Stationary Fuel Combustion,11523.5006,1167
2024,On-site Transportation,17.92342,1167
2024,CO2 from Biomass Combustion,0.0,107
2024,Stationary Fuel Combustion,173977.7282,107
2024,Industrial Process,1850.4711,107
2024,On-site Transportation,2546.4938,107
2024,Stationary Fuel Combustion,11826.4086,750
2024,Industrial Process,2.12,750
2024,On-site Transportation,79.9478,750
2024,CO2 from Biomass Combustion,0.0,78
2024,Stationary Fuel Combustion,30137.6476,78
2024,On-site Transportation,2913.195,78
2024,Wastewater,11009.1122,78
2024,Fugitives (Leakage),30.808,515
2024,Stationary Fuel Combustion,51278.30245,515
2024,On-site Transportation,0.0749,515
2024,Stationary Fuel Combustion,13763.2953,1408
2024,On-site Transportation,47.72577,1408
2024,Stationary Fuel Combustion,24820.6856,1740
2024,On-site Transportation,84.826,1740
2024,Fugitives (Leakage),75.5855,797
2024,Stationary Fuel Combustion,14696.7465,797
2024,Industrial Process,1625.38,797
2024,On-site Transportation,242.51045,797
2024,CO2 from Biomass Combustion,0.0,472
2024,Stationary Fuel Combustion,89839.8896,472
2024,On-site Transportation,509.681,472
2024,CO2 from Biomass Combustion,0.0,477
2024,Stationary Fuel Combustion,16113.39972,477
2024,Industrial Process,3064.14964,477
2024,On-site Transportation,134411.7132,477
2024,Stationary Fuel Combustion,333.03,1586
2024,On-site Transportation,7.75,1586
2024,Stationary Fuel Combustion,13939.739,1184
2024,Fugitives (Leakage),239.9052,58
2024,Stationary Fuel Combustion,322470.0176,58
2024,Fugitives (Venting),7.060095,58
2024,Fugitives (Flaring),111.0,168
2024,Stationary Fuel Combustion,58003.985,168
2024,Stationary Fuel Combustion,21029.23,489
2024,On-site Transportation,69.278,489
2024,Stationary Fuel Combustion,115078.8297,357
2024,Stationary Fuel Combustion,16873.9018,1203
2024,On-site Transportation,26.6008,1203
2024,Stationary Fuel Combustion,17176.2688,1379
2024,Stationary Fuel Combustion,13637.2727,1774
2024,CO2 from Biomass Combustion,0.0,1680
2024,Stationary Fuel Combustion,28.481,1680
2024,On-site Transportation,303.931,1680
2024,Waste,33659.525,1680
2024,Stationary Fuel Combustion,47703.6845,310
2024,On-site Transportation,1948.264,310
2024,Wastewater,6.7452,310
2024,Stationary Fuel Combustion,11358.16,787
2024,Industrial Process,39488.81,787
2024,Stationary Fuel Combustion,6347.43,1386
2024,On-site Transportation,2378.4,1386
2024,CO2 from Biomass Combustion,0.0,942
2024,Fugitives (Flaring),25.5605,942
2024,Waste,73024.0,942
2024,Stationary Fuel Combustion,205475.4933,184
2024,Fugitives (Venting),0.1597,184
2024,Stationary Fuel Combustion,29184.3384,255
2024,Fugitives (Venting),3.5593,255
2024,CO2 from Biomass Combustion,0.0,365
2024,Fugitives (Flaring),30.704905,365
2024,Stationary Fuel Combustion,190.862192,365
2024,Industrial Process,894.2111,365
2024,On-site Transportation,0.378935,365
2024,Fugitives (Flaring),20706.33042,1773
2024,Stationary Fuel Combustion,997.05436,1773
2024,Stationary Fuel Combustion,18193.1895,1772
2024,Stationary Fuel Combustion,12241.875,1339
2024,CO2 from Biomass Combustion,0.0,497
2024,On-site Transportation,1117.1632,497
2024,Waste,26809.532,497
2024,Stationary Fuel Combustion,317.6636,1305
2024,On-site Transportation,983.8746,1305
2024,Waste,18656.14558,1305
2024,CO2 from Biomass Combustion,0.0,74
2024,On-site Transportation,1128.1962,74
2024,Waste,42609.0654,74
2024,Stationary Fuel Combustion,44899.48888,414
2024,Industrial Process,64587.59674,414
2024,On-site Transportation,4889.917321,414
2024,Stationary Fuel Combustion,36070.3273,1650
2024,Stationary Fuel Combustion,10874.88,1120
2024,Industrial Process,2686.86,1120
2024,On-site Transportation,56.13967,1120
2024,Stationary Fuel Combustion,17227.7697,1218
2024,On-site Transportation,132.08618,1218
2024,Stationary Fuel Combustion,40153.41,1222
2024,On-site Transportation,207.87474,1222
2024,Stationary Fuel Combustion,45069.4942,1217
2024,On-site Transportation,215.18192,1217
2024,CO2 from Biomass Combustion,0.0,622
2024,Stationary Fuel Combustion,13275.5481,622
2024,On-site Transportation,1757.7423,622
2024,Wastewater,210.463,622
2024,CO2 from Biomass Combustion,0.0,267
2024,Stationary Fuel Combustion,86195.2998,267
2024,On-site Transportation,1911.0869,267
2024,Waste,3040.128,267
2024,Wastewater,162.71,267
2024,Waste,10213.1,1230
2024,Stationary Fuel Combustion,2048.157,1155
2024,Industrial Process,121.5,1155
2024,On-site Transportation,14628.9739,1155
2024,CO2 from Biomass Combustion,0.0,1312
2024,Stationary Fuel Combustion,20901.4806,1312
2024,On-site Transportation,170.48395,1312
2024,Stationary Fuel Combustion,12428.0796,1413
2024,On-site Transportation,213.93059,1413
2024,Stationary Fuel Combustion,11777.1387,1396
2024,On-site Transportation,102.6846,1396
2024,Fugitives (Leakage),117.6,1473
2024,Stationary Fuel Combustion,9455.4,1473
2024,Fugitives (Venting),543.2,1473
2024,Fugitives (Leakage),837.2,1462
2024,Stationary Fuel Combustion,21879.1,1462
2024,Fugitives (Venting),498.4,1462
2024,Fugitives (Leakage),336.0,1544
2024,Stationary Fuel Combustion,14284.4,1544
2024,Fugitives (Venting),2455.6,1544
2024,Fugitives (Leakage),44.8,1472
2024,Stationary Fuel Combustion,14714.2,1472
2024,Fugitives (Venting),1204.0,1472
2024,Fugitives (Leakage),42.0,1481
2024,Stationary Fuel Combustion,12010.1,1481
2024,Fugitives (Venting),1148.0,1481
2024,Fugitives (Leakage),8.4,1490
2024,Stationary Fuel Combustion,11299.5,1490
2024,Fugitives (Venting),814.8,1490
2024,Fugitives (Leakage),28.0,1465
2024,Stationary Fuel Combustion,13942.4,1465
2024,Fugitives (Venting),428.4,1465
2024,Stationary Fuel Combustion,11217.1109,612
2024,Fugitives (Leakage),95.2,1474
2024,Stationary Fuel Combustion,24449.8,1474
2024,Fugitives (Venting),3642.8,1474
2024,Fugitives (Leakage),128.8,1771
2024,Stationary Fuel Combustion,9323.0,1771
2024,Fugitives (Venting),854.0,1771
2024,Fugitives (Flaring),444.75,1710
2024,Fugitives (Leakage),8.4,1710
2024,Stationary Fuel Combustion,9484.8,1710
2024,Fugitives (Venting),128.8,1710
2024,Fugitives (Flaring),60.53,1510
2024,Fugitives (Leakage),180.15,1510
2024,Stationary Fuel Combustion,10193.49,1510
2024,Fugitives (Venting),261.32,1510
2024,Fugitives (Flaring),8348.70643,1001
2024,Fugitives (Leakage),12.01741,1001
2024,Stationary Fuel Combustion,72011.19482,1001
2024,Fugitives (Flaring),77.8,846
2024,Fugitives (Leakage),298.36,846
2024,Stationary Fuel Combustion,16705.44,846
2024,Fugitives (Venting),52.94,846
2024,Fugitives (Flaring),1996.54307,1461
2024,Fugitives (Leakage),67.02183,1461
2024,Stationary Fuel Combustion,64783.56511,1461
2024,Fugitives (Flaring),2161.51956,977
2024,Fugitives (Leakage),229.97317,977
2024,Stationary Fuel Combustion,66225.18008,977
2024,Fugitives (Venting),76.79761,977
2024,Fugitives (Flaring),878.64048,1529
2024,Fugitives (Leakage),111.928,1529
2024,Stationary Fuel Combustion,72061.39205,1529
2024,Stationary Fuel Combustion,8265.325577,1157
2024,On-site Transportation,29.748154,1157
2024,Stationary Fuel Combustion,7789.7,1260
2024,On-site Transportation,9.523969,1260
2024,Fugitives (Flaring),4317.521,487
2024,Fugitives (Leakage),70.7,487
2024,Stationary Fuel Combustion,336380.599,487
2024,On-site Transportation,180.806,487
2024,Fugitives (Venting),381.126,487
2024,Wastewater,804.541,487
2024,Stationary Fuel Combustion,23085.0288,490
2024,Industrial Process,1.7667,490
2024,On-site Transportation,311.1139,490
2024,Stationary Fuel Combustion,21533.923,1762
2024,On-site Transportation,277.49273,1762
2024,Stationary Fuel Combustion,11546.3026,1225
2024,On-site Transportation,46.40407,1225
2024,CO2 from Biomass Combustion,0.0,1398
2024,Stationary Fuel Combustion,14166.1265,1398
2024,On-site Transportation,106.9009,1398
2024,Stationary Fuel Combustion,8800.3275,1215
2024,On-site Transportation,5.52521,1215
2024,Stationary Fuel Combustion,32461.0216,1216
2024,On-site Transportation,141.59267,1216
2024,Stationary Fuel Combustion,22241.9051,1219
2024,On-site Transportation,82.60566,1219
2024,Stationary Fuel Combustion,17528.7696,1553
2024,On-site Transportation,113.11616,1553
2024,Stationary Fuel Combustion,13332.735,1761
2024,On-site Transportation,64.63796,1761
2024,Stationary Fuel Combustion,14465.506,1214
2024,On-site Transportation,193.5635,1214
2024,Stationary Fuel Combustion,42488.968,823
2024,On-site Transportation,72.09737,823
2024,Fugitives (Flaring),1041.99755,309
2024,Fugitives (Leakage),323.95613,309
2024,Stationary Fuel Combustion,46781.20406,309
2024,Fugitives (Venting),1449.15352,309
2024,Stationary Fuel Combustion,22314.9033,906
2024,On-site Transportation,228.651,906
2024,Stationary Fuel Combustion,15872.322,824
2024,On-site Transportation,55.48661,824
2024,Fugitives (Flaring),3292.20649,1293
2024,Fugitives (Leakage),19.44113,1293
2024,Stationary Fuel Combustion,31306.98213,1293
2024,Fugitives (Flaring),356.65057,563
2024,Fugitives (Leakage),222.7846,563
2024,Stationary Fuel Combustion,27093.78331,563
2024,Fugitives (Venting),453.79944,563
2024,Fugitives (Flaring),837.9355,1406
2024,Fugitives (Leakage),204.51281,1406
2024,Stationary Fuel Combustion,21949.3972,1406
2024,Fugitives (Venting),1912.36367,1406
2024,Fugitives (Flaring),616.39271,719
2024,Fugitives (Leakage),2428.27532,719
2024,Stationary Fuel Combustion,6534.20112,719
2024,Fugitives (Venting),1863.5823,719
2024,Fugitives (Flaring),10693.51778,1019
2024,Fugitives (Leakage),934.93681,1019
2024,Stationary Fuel Combustion,168695.3918,1019
2024,Fugitives (Venting),2904.23569,1019
2024,Fugitives (Flaring),17403.19281,108
2024,Fugitives (Leakage),1732.27118,108
2024,Stationary Fuel Combustion,323340.4549,108
2024,Fugitives (Venting),3390.21198,108
2024,Fugitives (Flaring),3505.72625,1470
2024,Stationary Fuel Combustion,34488.62269,1470
2024,CO2 from Biomass Combustion,0.0,335
2024,Stationary Fuel Combustion,116507.4508,335
2024,Industrial Process,570.21,335
2024,On-site Transportation,2284.421,335
2024,Waste,6540.8,335
2024,Fugitives (Leakage),292.0316,37
2024,Stationary Fuel Combustion,83015.0743,37
2024,Industrial Process,63088.0607,37
2024,On-site Transportation,97.349,37
2024,Fugitives (Venting),62.5548,37
2024,Fugitives (Leakage),16.1486,1071
2024,Stationary Fuel Combustion,39.7218,1071
2024,Industrial Process,5.83869,1071
2024,On-site Transportation,32.0488,1071
2024,Fugitives (Venting),15.7447,1071
2024,Stationary Fuel Combustion,9991.216,1390
2024,On-site Transportation,390.505,1390
2024,Fugitives (Flaring),0.291493,784
2024,Fugitives (Leakage),168.0,784
2024,Stationary Fuel Combustion,15227.95,784
2024,Industrial Process,0.7694,784
2024,On-site Transportation,10.69108,784
2024,Fugitives (Venting),7106.0,784
2024,Fugitives (Flaring),20.94497,1751
2024,Fugitives (Leakage),275.20208,1751
2024,Stationary Fuel Combustion,6120.20633,1751
2024,Fugitives (Venting),3616.15823,1751
2024,Fugitives (Flaring),3712.45,1008
2024,Fugitives (Leakage),322.81,1008
2024,Stationary Fuel Combustion,35076.36607,1008
2024,Fugitives (Venting),1854.66,1008
2024,Fugitives (Flaring),1018.27,887
2024,Fugitives (Leakage),465.96,887
2024,Stationary Fuel Combustion,16770.66,887
2024,Fugitives (Venting),233.66,887
2024,Fugitives (Flaring),2927.81,783
2024,Fugitives (Leakage),1331.96,783
2024,Stationary Fuel Combustion,67883.67,783
2024,Fugitives (Venting),2494.75,783
2024,Fugitives (Flaring),170.48,724
2024,Fugitives (Leakage),355.33,724
2024,Stationary Fuel Combustion,14328.27,724
2024,Fugitives (Venting),2960.06,724
2024,Stationary Fuel Combustion,13042.5687,1177
2024,Stationary Fuel Combustion,28870.5377,1171
2024,Stationary Fuel Combustion,61475.1972,12
2024,Industrial Process,767086.0126,12
2024,On-site Transportation,3739.9887,12
2024,Stationary Fuel Combustion,34631.5654,562
2024,Industrial Process,68.926699,562
2024,On-site Transportation,85.652425,562
2024,Stationary Fuel Combustion,11.8656,1654
2024,On-site Transportation,222.653,1654
2024,Waste,29535.26,1654
2024,Fugitives (Flaring),287.39,1664
2024,Stationary Fuel Combustion,137.222,1664
2024,On-site Transportation,340.9685,1664
2024,Waste,69909.63,1664
2024,Stationary Fuel Combustion,22.93357,1365
2024,On-site Transportation,527.62,1365
2024,Waste,98778.4,1365
2024,Stationary Fuel Combustion,14730.2397,641
2024,Industrial Process,20.6154,641
2024,On-site Transportation,6976.3394,641
2024,Waste,136.7716,641
2024,Wastewater,61.9111,641
2024,Stationary Fuel Combustion,13174.28725,1341
2024,Stationary Fuel Combustion,1306937.942,227
2024,Industrial Process,643.9,227
2024,Stationary Fuel Combustion,19979.0518,640
2024,Industrial Process,20.4718,640
2024,On-site Transportation,4758.0768,640
2024,Waste,128.9428,640
2024,Wastewater,62.6643,640
2024,CO2 from Biomass Combustion,0.0,593
2024,Stationary Fuel Combustion,28100.77101,593
2024,On-site Transportation,34.4835,593
2024,Stationary Fuel Combustion,45405.5095,39
2024,Industrial Process,1029.3,39
2024,Stationary Fuel Combustion,10987.9,796
2024,On-site Transportation,242.895,796
2024,Stationary Fuel Combustion,28257.4338,951
2024,Stationary Fuel Combustion,4266.07,1511
2024,Stationary Fuel Combustion,6300.043,721
2024,Industrial Process,989.73,721
2024,Fugitives (Leakage),105764.8343,247
2024,Stationary Fuel Combustion,1725.3933,247
2024,Industrial Process,3.847,247
2024,On-site Transportation,191.457,247
2024,Industrial Process,17417.3685,1363
2024,Stationary Fuel Combustion,19618.023,71
2024,On-site Transportation,351.437,71
2024,Waste,7025.76,71
2024,Stationary Fuel Combustion,11651.795,509
2024,Industrial Process,6258.21849,509
2024,On-site Transportation,103496.2642,509
2024,Fugitives (Flaring),10201.3812,539
2024,Fugitives (Leakage),70.8477,539
2024,Stationary Fuel Combustion,21479.0704,539
2024,Fugitives (Venting),23.1812,539
2024,Fugitives (Flaring),478.7216,540
2024,Fugitives (Leakage),57.8662,540
2024,Stationary Fuel Combustion,45922.7342,540
2024,Fugitives (Venting),71.9566,540
2024,On-site Transportation,318.52,1084
2024,Waste,51823.27,1084
2024,Stationary Fuel Combustion,13579.069,770
2024,On-site Transportation,307.2937,770
2024,Stationary Fuel Combustion,30821.92,1187
2024,Fugitives (Flaring),13923.76,181
2024,Fugitives (Leakage),210.0,181
2024,Stationary Fuel Combustion,893615.21,181
2024,Fugitives (Venting),307993.53,181
2024,Wastewater,437.36,181
2024,Stationary Fuel Combustion,11810.0349,1022
2024,Industrial Process,12311.709,1200
2024,Fugitives (Flaring),100.729938,1573
2024,Stationary Fuel Combustion,25435.352,250
2024,On-site Transportation,67.089,250
2024,Stationary Fuel Combustion,20417.86557,741
2024,Industrial Process,3016.156365,741
2024,On-site Transportation,321.837801,741
2024,Fugitives (Flaring),9525.6215,424
2024,Fugitives (Leakage),83.72,424
2024,Stationary Fuel Combustion,7451.0447,424
2024,Stationary Fuel Combustion,11596.1127,740
2024,Industrial Process,41.27045,740
2024,Stationary Fuel Combustion,142449.9384,1137
2024,Stationary Fuel Combustion,47347.043,908
2024,Stationary Fuel Combustion,18559.5405,738
2024,Industrial Process,308.9977,738
2024,Stationary Fuel Combustion,2193.654,428
2024,On-site Transportation,815.28038,428
2024,Waste,37786.0,428
2024,Stationary Fuel Combustion,12771.484,111
2024,On-site Transportation,116.443,111
2024,Stationary Fuel Combustion,14019.179,1072
2024,On-site Transportation,307.9308,1072
2024,CO2 from Biomass Combustion,0.0,815
2024,Waste,22077.72,815
2024,CO2 from Biomass Combustion,0.0,283
2024,Waste,155255.072,283
2024,Stationary Fuel Combustion,2309.21,505
2024,On-site Transportation,78.888,505
2024,Stationary Fuel Combustion,16619.12493,729
2024,On-site Transportation,254.41169,729
2024,Stationary Fuel Combustion,19629.309,1558
2024,On-site Transportation,384.8071,1558
2024,Stationary Fuel Combustion,31290.8581,1175
2024,Fugitives (Flaring),227.57686,893
2024,Fugitives (Leakage),168.3431,893
2024,Stationary Fuel Combustion,12207.03458,893
2024,Fugitives (Venting),167.95232,893
2024,Fugitives (Flaring),109.64208,701
2024,Fugitives (Leakage),162.11131,701
2024,Stationary Fuel Combustion,31916.07427,701
2024,Fugitives (Venting),526.06503,701
2024,Fugitives (Leakage),23.64356,894
2024,Stationary Fuel Combustion,12921.594,894
2024,Fugitives (Venting),150.69112,894
2024,Fugitives (Leakage),19.89456,1198
2024,Stationary Fuel Combustion,10005.72769,1198
2024,Fugitives (Venting),261.72596,1198
2024,Fugitives (Leakage),164.70838,1507
2024,Stationary Fuel Combustion,10413.55618,1507
2024,Fugitives (Venting),40.43492,1507
2024,Fugitives (Flaring),59.61592,1499
2024,Fugitives (Leakage),429.3073,1499
2024,Stationary Fuel Combustion,13470.14403,1499
2024,Fugitives (Venting),222.15434,1499
2024,Fugitives (Flaring),1260.222,680
2024,Stationary Fuel Combustion,31159.90963,680
2024,Fugitives (Venting),39.00407,680
2024,Fugitives (Flaring),984.43489,963
2024,Fugitives (Leakage),406.57318,963
2024,Stationary Fuel Combustion,43351.1491,963
2024,Fugitives (Venting),84.15094,963
2024,CO2 from Biomass Combustion,0.0,386
2024,Stationary Fuel Combustion,27293.457,386
2024,Stationary Fuel Combustion,736.31675,1209
2024,Industrial Process,3146.9117,1209
2024,Fugitives (Venting),1.33825,1209
2024,Stationary Fuel Combustion,8489.0964,1613
2024,Stationary Fuel Combustion,11950.473,1387
2024,Stationary Fuel Combustion,14478.8536,1560
2024,Stationary Fuel Combustion,8617.948,600
2024,On-site Transportation,9154.486,600
2024,Stationary Fuel Combustion,52690.2198,361
2024,Industrial Process,1.182,361
2024,On-site Transportation,102.766,361
2024,Wastewater,33.749,361
2024,CO2 from Biomass Combustion,0.0,385
2024,Stationary Fuel Combustion,55.058,385
2024,On-site Transportation,712.409,385
2024,Waste,27639.535,385
2024,Stationary Fuel Combustion,12460.27347,712
2024,On-site Transportation,76.63933,712
2024,Stationary Fuel Combustion,72.28,1693
2024,On-site Transportation,8.1046,1693
2024,CO2 from Biomass Combustion,0.0,1287
2024,Stationary Fuel Combustion,175.027,1287
2024,On-site Transportation,274.1337,1287
2024,Waste,13256.172,1287
2024,CO2 from Biomass Combustion,0.0,320
2024,Stationary Fuel Combustion,0.00084,320
2024,On-site Transportation,1228.88467,320
2024,Waste,136729.7035,320
2024,Stationary Fuel Combustion,4712.556528,689
2024,Stationary Fuel Combustion,5954.0,344
2024,On-site Transportation,1621.0,344
2024,Wastewater,41068.92,344
2024,Stationary Fuel Combustion,9748.0402,1563
2024,Stationary Fuel Combustion,29870.75,1156
2023,Stationary Fuel Combustion,10335.997,1191
2023,Industrial Process,381.168,1191
2023,On-site Transportation,27213.236,1191
2024,CO2 from Biomass Combustion,0.0,1054
2024,Stationary Fuel Combustion,3.177135,1054
2024,On-site Transportation,227.396898,1054
2024,Waste,19305.59823,1054
2024,CO2 from Biomass Combustion,0.0,726
2024,Stationary Fuel Combustion,265.2699,726
2024,On-site Transportation,1.48926,726
2024,Waste,7825.62063,726
2024,Stationary Fuel Combustion,10021.6543,1506
2024,Stationary Fuel Combustion,11315.8011,1559
2024,Stationary Fuel Combustion,19361.617,1140
2024,Stationary Fuel Combustion,1962.18185,1659
2024,On-site Transportation,51.439146,1659
2024,Fugitives (Venting),25784.9061,1659
2022,Stationary Fuel Combustion,59195.5694,504
2022,On-site Transportation,516.4072,504
2022,Wastewater,50.8816,504
2024,CO2 from Biomass Combustion,0.0,1003
2024,Stationary Fuel Combustion,16209.1,1003
2024,On-site Transportation,883.9,1003
2023,CO2 from Biomass Combustion,0.0,826
2023,Stationary Fuel Combustion,12611.294,826
2023,On-site Transportation,769.811745,826
2023,Waste,1090.6,826
2023,CO2 from Biomass Combustion,0.0,1003
2023,Stationary Fuel Combustion,12587.0,1003
2023,On-site Transportation,744.6,1003
2024,CO2 from Biomass Combustion,0.0,835
2024,Stationary Fuel Combustion,7.39502,835
2024,On-site Transportation,103.4039,835
2024,Waste,17285.52,835
2022,Fugitives (Flaring),5341.09138,345
2022,Fugitives (Leakage),8156.9627,345
2022,Stationary Fuel Combustion,3649628.843,345
2022,On-site Transportation,11184.66,345
2022,Fugitives (Venting),302.00887,345
2022,Fugitives (Flaring),8549.79987,54
2022,Fugitives (Leakage),3742.80296,54
2022,Stationary Fuel Combustion,3851499.378,54
2022,On-site Transportation,11022.204,54
2022,Fugitives (Venting),1618.4849,54
2023,Fugitives (Flaring),6752.54589,345
2023,Fugitives (Leakage),4099.96393,345
2023,Stationary Fuel Combustion,3536479.467,345
2023,On-site Transportation,10472.976,345
2023,Fugitives (Venting),283.31475,345
2023,Fugitives (Flaring),12246.25236,54
2023,Fugitives (Leakage),3418.23028,54
2023,Stationary Fuel Combustion,3861518.954,54
2023,On-site Transportation,8810.928,54
2023,Fugitives (Venting),1283.76683,54
2023,CO2 from Biomass Combustion,0.0,1656
2023,Fugitives (Flaring),602.7976,1656
2023,Stationary Fuel Combustion,4019.5196,1656
2023,On-site Transportation,13.6217,1656
2023,Fugitives (Venting),191.408,1656
2023,Wastewater,28367.1792,1656
2022,CO2 from Biomass Combustion,0.0,1656
2022,Fugitives (Flaring),781.1492,1656
2022,Stationary Fuel Combustion,4878.3523,1656
2022,On-site Transportation,10.354,1656
2022,Fugitives (Venting),735.6636,1656
2022,Wastewater,25753.4748,1656
2024,CO2 from Biomass Combustion,0.0,297
2024,Fugitives (Leakage),49302.54,297
2024,Stationary Fuel Combustion,6058.3,297
2024,On-site Transportation,3882.88,297
2024,Waste,44.27,297
2024,Stationary Fuel Combustion,836.4275,419
2024,Industrial Process,15861.3402,419
2024,On-site Transportation,102.7769,419
2024,CO2 from Biomass Combustion,0.0,821
2024,Fugitives (Flaring),7087.2113,821
2024,Stationary Fuel Combustion,4975.219,821
2024,Wastewater,5350.7355,821
2024,Stationary Fuel Combustion,12216.985,1614
2024,Stationary Fuel Combustion,6291.909,629
2024,On-site Transportation,6212.25,629
2024,Stationary Fuel Combustion,1632.9195,416
2024,On-site Transportation,41.5689,416
2024,Fugitives (Flaring),362.665,76
2024,Stationary Fuel Combustion,24934.72,76
2024,Industrial Process,2722.6891,76
2024,On-site Transportation,193.939,76
2024,Fugitives (Venting),37.28,76
2024,Stationary Fuel Combustion,973.4736,1113
2024,Industrial Process,7.9987,1113
2024,Stationary Fuel Combustion,410.8073,1112
2024,Industrial Process,8.3858,1112
2024,On-site Transportation,18.6041,1112
2024,Stationary Fuel Combustion,11406.77096,1304
2024,Industrial Process,396.417,1304
2024,On-site Transportation,16.741237,1304
2024,Fugitives (Flaring),1074.1882,117
2024,Fugitives (Leakage),31.0436,117
2024,Stationary Fuel Combustion,52902.4008,117
2024,Industrial Process,31663.445,117
2024,Wastewater,225.537,117
2023,CO2 from Biomass Combustion,0.0,301
2023,Fugitives (Flaring),206672.3876,301
2023,Fugitives (Leakage),197345.1787,301
2023,Stationary Fuel Combustion,3269176.588,301
2023,Industrial Process,886912.9246,301
2023,On-site Transportation,571119.5538,301
2023,Fugitives (Venting),127330.6732,301
2023,Waste,2905.0,301
2023,Wastewater,1737.5981,301
2023,Fugitives (Flaring),1551.15422,960
2023,Fugitives (Leakage),561.62399,960
2023,Stationary Fuel Combustion,29146.92672,960
2023,Fugitives (Venting),1807.71693,960
2023,Fugitives (Flaring),4210.39276,599
2023,Fugitives (Leakage),3719.10709,599
2023,Stationary Fuel Combustion,152850.3039,599
2023,Fugitives (Venting),1539.72801,599
2022,CO2 from Biomass Combustion,0.0,475
2022,Stationary Fuel Combustion,16465.088,475
2023,CO2 from Biomass Combustion,0.0,183
2023,Stationary Fuel Combustion,138426.863,183
2023,Industrial Process,1567.749062,183
2023,On-site Transportation,17107.05425,183
2023,Waste,1083.780916,183
2023,Wastewater,14.64125,183
2023,Stationary Fuel Combustion,8730.933,1378
2023,Industrial Process,12020.0,1378
2023,On-site Transportation,292.5164,1378
2022,Stationary Fuel Combustion,8812.106,1378
2022,Industrial Process,13039.0,1378
2022,On-site Transportation,335.8118,1378
2022,Stationary Fuel Combustion,596.19182,1770
2022,On-site Transportation,53977.5175,1770
2023,Stationary Fuel Combustion,34817.98429,1770
2023,On-site Transportation,47495.48962,1770
2023,Fugitives (Flaring),1161.913402,1062
2023,Stationary Fuel Combustion,11037.51716,1062
2023,Fugitives (Venting),748.76284,1062
2023,CO2 from Biomass Combustion,0.0,570
2023,Fugitives (Flaring),44.9884,570
2023,Stationary Fuel Combustion,51507.0021,570
2023,Industrial Process,104.442,570
2023,On-site Transportation,294.6906,570
2023,Fugitives (Venting),8154.8706,570
2023,Waste,11256.0215,570
2023,Wastewater,11726.7188,570
2023,Fugitives (Flaring),2086.03601,862
2023,Stationary Fuel Combustion,16967.69111,862
2023,Fugitives (Venting),465.29597,862
2023,Stationary Fuel Combustion,15404.86793,1690
2023,On-site Transportation,2615.6455,1690
2022,Stationary Fuel Combustion,16311.4189,1690
2022,On-site Transportation,2279.04702,1690
2022,CO2 from Biomass Combustion,0.0,407
2022,Stationary Fuel Combustion,57870.03,407
2022,Industrial Process,0.0235,407
2022,Wastewater,14168.0,407
2023,Fugitives (Flaring),3915.6369,1691
2023,Fugitives (Leakage),296.8,1691
2023,Stationary Fuel Combustion,9105.10952,1691
2023,On-site Transportation,35.52105,1691
2023,Fugitives (Venting),6202.63482,1691
2022,Stationary Fuel Combustion,210.846,603
2022,On-site Transportation,648.459,603
2022,Waste,70549.92,603
2023,Stationary Fuel Combustion,26640.667,1471
2023,On-site Transportation,1189.7115,1471
2022,Stationary Fuel Combustion,27903.833,1471
2022,On-site Transportation,913.17,1471
2023,Stationary Fuel Combustion,10602.66505,1432
2023,On-site Transportation,155.17355,1432
2022,Stationary Fuel Combustion,13650.1169,1609
2022,Stationary Fuel Combustion,10331.9531,1599
2023,Stationary Fuel Combustion,2272.53,1155
2023,Industrial Process,152.0,1155
2023,On-site Transportation,14041.57,1155
2022,Stationary Fuel Combustion,1863.07,1155
2022,Industrial Process,177.0,1155
2022,On-site Transportation,13990.91,1155
2023,Fugitives (Flaring),17086.2451,370
2023,Fugitives (Leakage),529.12891,370
2023,Stationary Fuel Combustion,32860.5138,370
2023,On-site Transportation,1.443791,370
2023,Fugitives (Venting),614.029879,370
2023,Stationary Fuel Combustion,17062.86,592
2023,Stationary Fuel Combustion,600314.72,114
2023,CO2 from Biomass Combustion,0.0,214
2023,Fugitives (Flaring),745.03575,214
2023,Fugitives (Leakage),21907.592,214
2023,Stationary Fuel Combustion,228738.1646,214
2023,On-site Transportation,3241.0191,214
2023,Waste,107.3291,214
2023,Wastewater,14.5913,214
2023,Stationary Fuel Combustion,60761.778,12
2023,Industrial Process,755527.407,12
2023,On-site Transportation,3523.7332,12
2022,Fugitives (Flaring),8955.85736,568
2022,Fugitives (Leakage),251.16364,568
2022,Stationary Fuel Combustion,118147.7102,568
2022,On-site Transportation,57.426,568
2022,Fugitives (Venting),156.35909,568
2022,Stationary Fuel Combustion,90216.9203,759
2022,Fugitives (Leakage),772.0737,1561
2022,Stationary Fuel Combustion,11518.534,1561
2022,On-site Transportation,13.9565,1561
2022,Fugitives (Venting),7722.0737,1561
2023,Fugitives (Leakage),28334.264,215
2023,Stationary Fuel Combustion,620225.5638,215
2023,Industrial Process,3119850.0,215
2023,On-site Transportation,13311.203,215
2023,Fugitives (Flaring),111.29624,1617
2023,Fugitives (Leakage),108.9228,1617
2023,Stationary Fuel Combustion,11512.26803,1617
2023,Fugitives (Venting),35.37326,1617
2022,Fugitives (Flaring),36.42949,1617
2022,Fugitives (Leakage),303.6974,1617
2022,Stationary Fuel Combustion,11288.8146,1617
2022,Fugitives (Venting),336.88889,1617
2022,Fugitives (Flaring),21.90184,2071
2022,Fugitives (Leakage),158.65692,2071
2022,Stationary Fuel Combustion,7155.9637,2071
2022,Fugitives (Venting),2698.01335,2071
2023,Waste,27840.4,1467
2023,Stationary Fuel Combustion,60216.86865,1546
2023,Fugitives (Flaring),1554.4421,608
2023,Fugitives (Leakage),320.1437,608
2023,Stationary Fuel Combustion,45921.8823,608
2023,Fugitives (Venting),1433.8885,608
2023,CO2 from Biomass Combustion,0.0,63
2023,Stationary Fuel Combustion,132290.123,63
2023,On-site Transportation,70.035137,63
2023,Stationary Fuel Combustion,4908.92,1595
2023,On-site Transportation,108.78332,1595
2023,CO2 from Biomass Combustion,0.0,329
2023,Stationary Fuel Combustion,774.296,329
2023,On-site Transportation,382.5633,329
2023,Waste,97377.0505,329
2023,Fugitives (Leakage),92.814232,1636
2023,Stationary Fuel Combustion,11905.98175,1636
2023,On-site Transportation,4.336344,1636
2023,Stationary Fuel Combustion,10187.29753,1925
2023,On-site Transportation,2.261878,1925
2023,Fugitives (Leakage),63.056785,1630
2023,Stationary Fuel Combustion,11034.05979,1630
2023,On-site Transportation,2.261878,1630
2023,Fugitives (Flaring),531.403659,1251
2023,Fugitives (Leakage),155.768877,1251
2023,Stationary Fuel Combustion,15977.92587,1251
2023,On-site Transportation,3.204117,1251
2023,Stationary Fuel Combustion,8224.428,1493
2023,Stationary Fuel Combustion,58395.8514,485
2023,On-site Transportation,64.1713,485
2023,Stationary Fuel Combustion,45121.6254,691
2023,Fugitives (Venting),567.1577,691
2023,Wastewater,2719.8975,691
2023,Fugitives (Flaring),3318.43343,783
2023,Fugitives (Leakage),307.79598,783
2023,Stationary Fuel Combustion,68296.53496,783
2023,Fugitives (Venting),2916.00945,783
2022,Fugitives (Flaring),3350.4982,783
2022,Fugitives (Leakage),113.91761,783
2022,Stationary Fuel Combustion,55820.33148,783
2022,Fugitives (Venting),2227.811,783
2023,CO2 from Biomass Combustion,0.0,1185
2023,Fugitives (Flaring),50.885,1185
2023,Stationary Fuel Combustion,19011.942,1185
2023,On-site Transportation,0.70872,1185
2022,CO2 from Biomass Combustion,0.0,605
2022,Fugitives (Flaring),77.3708,605
2022,Stationary Fuel Combustion,18796.44199,605
2022,Industrial Process,571.08792,605
2022,On-site Transportation,61.83494,605
2023,CO2 from Biomass Combustion,0.0,605
2023,Fugitives (Flaring),78.379,605
2023,Stationary Fuel Combustion,17374.6721,605
2023,Industrial Process,554.4563,605
2023,On-site Transportation,221.66081,605
2023,Stationary Fuel Combustion,227201.8019,1429
2023,Industrial Process,67005.603,1429
2023,On-site Transportation,31222.16479,1429
2023,Stationary Fuel Combustion,181968.4895,90
2023,Industrial Process,217650.5558,90
2023,On-site Transportation,543.9787,90
2023,Waste,26824.985,1043
2022,On-site Transportation,1097.831,1263
2022,Waste,47705.224,1263
2023,CO2 from Biomass Combustion,0.0,135
2023,Stationary Fuel Combustion,132383.705,135
2023,Industrial Process,415971.49,135
2023,On-site Transportation,688.56294,135
2022,Fugitives (Flaring),2990.59794,564
2022,Fugitives (Leakage),359.88615,564
2022,Stationary Fuel Combustion,107276.1308,564
2022,On-site Transportation,56.26287,564
2022,Fugitives (Venting),410.19649,564
2022,Fugitives (Flaring),277.77139,1616
2022,Fugitives (Leakage),159.76,1616
2022,Stationary Fuel Combustion,11487.87263,1616
2023,Fugitives (Flaring),437.91981,1616
2023,Fugitives (Leakage),310.70524,1616
2023,Stationary Fuel Combustion,7945.77218,1616
2023,Fugitives (Venting),2775.03312,1616
2023,Stationary Fuel Combustion,20613.69929,1201
2023,Industrial Process,8070.11,1201
2023,On-site Transportation,27.461161,1201
2023,CO2 from Biomass Combustion,0.0,7
2023,Stationary Fuel Combustion,161242.3813,7
2023,Industrial Process,54.8216,7
2023,On-site Transportation,4420.4034,7
2023,Waste,3868.48,7
2023,Fugitives (Flaring),43.43845,1982
2023,Stationary Fuel Combustion,10756.60096,1982
2023,Fugitives (Venting),516.91252,1982
2023,Stationary Fuel Combustion,25436.49108,1665
2023,Fugitives (Venting),43904.15364,1665
2023,Fugitives (Flaring),2254.75142,882
2023,Fugitives (Leakage),49.50384,882
2023,Stationary Fuel Combustion,3949.61638,882
2023,Fugitives (Venting),490.03558,882
2022,Fugitives (Flaring),2685.63211,882
2022,Fugitives (Leakage),12.72089,882
2022,Stationary Fuel Combustion,4497.60886,882
2022,Fugitives (Venting),501.6066,882
2023,Fugitives (Flaring),2488.06879,1057
2023,Fugitives (Leakage),238.1042,1057
2023,Stationary Fuel Combustion,34519.22807,1057
2023,Fugitives (Venting),898.07033,1057
2023,Fugitives (Flaring),12145.817,1663
2023,Fugitives (Leakage),543.203,1663
2023,Stationary Fuel Combustion,44985.778,1663
2023,Fugitives (Venting),471.041,1663
2023,Stationary Fuel Combustion,106520.132,352
2023,On-site Transportation,67.86503,352
2023,Stationary Fuel Combustion,32372.856,1183
2023,On-site Transportation,1404.44,1183
2022,Fugitives (Flaring),756.36419,1529
2022,Fugitives (Leakage),119.40041,1529
2022,Stationary Fuel Combustion,77167.21055,1529
2023,CO2 from Biomass Combustion,0.0,1450
2023,Stationary Fuel Combustion,1136.77,1450
2023,On-site Transportation,668.91,1450
2023,Waste,66238.25,1450
2023,Stationary Fuel Combustion,28398.14,1139
2023,CO2 from Biomass Combustion,0.0,55
2023,Fugitives (Leakage),280.0,55
2023,Stationary Fuel Combustion,205679.6789,55
2023,Industrial Process,521805.5546,55
2023,On-site Transportation,3611.0519,55
2023,CO2 from Biomass Combustion,0.0,466
2023,Stationary Fuel Combustion,102023.2585,466
2023,On-site Transportation,1699.7146,466
2022,Stationary Fuel Combustion,7678.2171,754
2022,On-site Transportation,925.8737,754
2022,Fugitives (Venting),8048.647,754
2022,Fugitives (Leakage),22.6,1472
2022,Stationary Fuel Combustion,12131.5,1472
2022,Fugitives (Venting),750.4,1472
2022,Fugitives (Leakage),163.1,1465
2022,Stationary Fuel Combustion,23283.6,1465
2022,Fugitives (Venting),870.8,1465
2022,Fugitives (Leakage),872.7,2063
2022,Stationary Fuel Combustion,9458.4,2063
2022,Fugitives (Venting),117.6,2063
2022,Fugitives (Flaring),6.82,1462
2022,Fugitives (Leakage),74.6,1462
2022,Stationary Fuel Combustion,26258.9,1462
2022,Fugitives (Venting),179.2,1462
2022,Fugitives (Leakage),343.1,1965
2022,Stationary Fuel Combustion,9139.9,1965
2022,Fugitives (Venting),1008.0,1965
2022,Fugitives (Leakage),157.4,1473
2022,Stationary Fuel Combustion,10792.0,1473
2022,Fugitives (Venting),627.2,1473
2022,Fugitives (Leakage),22.8,1474
2022,Stationary Fuel Combustion,26792.6,1474
2022,Fugitives (Venting),4230.8,1474
2022,Fugitives (Leakage),84.6,1950
2022,Stationary Fuel Combustion,18379.4,1950
2022,Fugitives (Venting),1400.0,1950
2022,Fugitives (Leakage),95.1,1481
2022,Stationary Fuel Combustion,10098.5,1481
2022,Fugitives (Venting),1391.6,1481
2022,Fugitives (Leakage),855.9,1544
2022,Stationary Fuel Combustion,13457.7,1544
2022,Fugitives (Venting),2791.6,1544
2022,Fugitives (Leakage),183.7,1973
2022,Stationary Fuel Combustion,8545.3,1973
2022,Fugitives (Venting),1481.2,1973
2023,Stationary Fuel Combustion,12101.35968,929
2023,On-site Transportation,915.602182,929
2022,Stationary Fuel Combustion,17340.31331,488
2022,On-site Transportation,56.56782,488
2023,Stationary Fuel Combustion,16192.49965,488
2023,On-site Transportation,53.29,488
2023,CO2 from Biomass Combustion,0.0,223
2023,Stationary Fuel Combustion,132021.995,223
2023,On-site Transportation,3956.997,223
2023,Waste,6503.168,223
2023,Wastewater,45.05,223
2023,CO2 from Biomass Combustion,0.0,1956
2023,Stationary Fuel Combustion,4701.7989,1956
2023,On-site Transportation,1980.227952,1956
2023,Waste,18387.04,418
2023,CO2 from Biomass Combustion,0.0,1433
2023,Stationary Fuel Combustion,4598.213,1433
2023,On-site Transportation,7805.132,1433
2023,Waste,0.293,1433
2023,CO2 from Biomass Combustion,0.0,136
2023,Stationary Fuel Combustion,280163.294,136
2023,Industrial Process,426588.7043,136
2023,On-site Transportation,2170.0983,136
2023,Stationary Fuel Combustion,7289.175,1426
2023,On-site Transportation,8.0169,1426
2023,Stationary Fuel Combustion,46679.2417,1011
2023,Stationary Fuel Combustion,19227.452,768
2023,On-site Transportation,121.7396,768
2023,Stationary Fuel Combustion,105160.2075,1301
2023,Industrial Process,844763.2644,1301
2023,On-site Transportation,3022.127355,1301
2023,Stationary Fuel Combustion,10644.5267,1189
2023,CO2 from Biomass Combustion,0.0,1670
2023,Stationary Fuel Combustion,6450.72,1670
2023,On-site Transportation,2.103326,1670
2023,Stationary Fuel Combustion,25363.075,1370
2023,On-site Transportation,6.855,1370
2023,On-site Transportation,6997.06,2007
2022,Stationary Fuel Combustion,10045.4154,1540
2023,Fugitives (Flaring),4843.941325,1521
2023,Fugitives (Leakage),903.30333,1521
2023,Stationary Fuel Combustion,63819.25234,1521
2023,Fugitives (Venting),31.489726,1521
2023,Stationary Fuel Combustion,8304.608835,1540
2023,On-site Transportation,24.2074,1540
2023,Fugitives (Leakage),778.569,1733
2023,Stationary Fuel Combustion,3484.1244,1733
2023,Industrial Process,654.852,1733
2023,CO2 from Biomass Combustion,0.0,115
2023,Stationary Fuel Combustion,98576.5512,115
2023,Industrial Process,621.8399,115
2023,On-site Transportation,2034.3303,115
2023,Wastewater,34.7945,115
2023,Stationary Fuel Combustion,10151.397,867
2023,On-site Transportation,376.14,867
2023,Stationary Fuel Combustion,12944.4281,786
2023,Industrial Process,54.876,786
2023,On-site Transportation,2861.930815,786
2023,Waste,463.77,786
2023,Wastewater,60.95,786
2023,Stationary Fuel Combustion,129382.2692,48
2023,Stationary Fuel Combustion,30071.48899,717
2023,Fugitives (Leakage),1.512,294
2023,Stationary Fuel Combustion,22716.91793,294
2023,Industrial Process,83883.8858,294
2023,On-site Transportation,3725.6792,294
2023,Stationary Fuel Combustion,28293.8899,951
2023,Stationary Fuel Combustion,19835.28351,591
2023,On-site Transportation,62.808763,591
2023,Stationary Fuel Combustion,18269.122,1116
2023,On-site Transportation,196.38,1116
2023,Stationary Fuel Combustion,29814.2166,1147
2023,Stationary Fuel Combustion,215992.2646,402
2023,On-site Transportation,0.327435,402
2023,On-site Transportation,158.322821,1118
2023,Waste,13822.97374,1118
2023,Stationary Fuel Combustion,12769.9264,1145
2023,Stationary Fuel Combustion,12296.2105,1146
2023,CO2 from Biomass Combustion,0.0,355
2023,Fugitives (Flaring),381.126475,355
2023,Stationary Fuel Combustion,130223.0688,355
2023,On-site Transportation,127.63056,355
2023,Stationary Fuel Combustion,21170.3344,711
2023,CO2 from Biomass Combustion,0.0,365
2023,Fugitives (Flaring),50.2257,365
2023,Stationary Fuel Combustion,192.874678,365
2023,Industrial Process,1251.89772,365
2023,On-site Transportation,0.294485,365
2023,Stationary Fuel Combustion,24782.093,744
2023,On-site Transportation,2014.081505,744
2023,Stationary Fuel Combustion,71775.01356,381
2023,On-site Transportation,167.28,381
2023,CO2 from Biomass Combustion,0.0,73
2023,Stationary Fuel Combustion,166286.3691,73
2023,Industrial Process,26.117,73
2023,On-site Transportation,939.359,73
2023,Waste,20625.164,73
2023,Stationary Fuel Combustion,587.958,1582
2023,On-site Transportation,63.6848,1582
2023,Stationary Fuel Combustion,2689.59,1581
2023,On-site Transportation,397.394,1581
2023,Stationary Fuel Combustion,3246.7147,31
2023,Industrial Process,227252.0296,31
2023,On-site Transportation,137.4951,31
2023,Stationary Fuel Combustion,22048.173,1240
2023,Stationary Fuel Combustion,60629.32715,438
2023,Industrial Process,44296.556,438
2023,On-site Transportation,1761.18955,438
2023,Stationary Fuel Combustion,994941.5537,349
2023,Industrial Process,28.25072,349
2023,On-site Transportation,1.452,349
2023,Fugitives (Venting),18.58,349
2022,Fugitives (Flaring),5036.0607,354
2022,Fugitives (Leakage),823.5718,354
2022,Stationary Fuel Combustion,37714.32019,354
2022,Fugitives (Venting),319.3008,354
2023,Fugitives (Flaring),5543.97392,354
2023,Fugitives (Leakage),598.9047,354
2023,Stationary Fuel Combustion,40030.98082,354
2023,Fugitives (Venting),1661.62993,354
2023,Stationary Fuel Combustion,31028.0,474
2023,Industrial Process,22989.79,474
2023,On-site Transportation,406.46,474
2023,CO2 from Biomass Combustion,0.0,40
2023,Stationary Fuel Combustion,109327.741,40
2023,Industrial Process,75.84,40
2023,On-site Transportation,2876.30738,40
2023,CO2 from Biomass Combustion,0.0,626
2023,Stationary Fuel Combustion,17155.39047,626
2023,Industrial Process,457.462,626
2023,On-site Transportation,9060.244855,626
2023,Waste,123.248643,626
2023,Fugitives (Leakage),2499.491,1734
2023,Stationary Fuel Combustion,2635.3329,1734
2023,Industrial Process,179.02,1734
2023,Fugitives (Leakage),4140.252,1732
2023,Stationary Fuel Combustion,2298.1531,1732
2023,Industrial Process,785.7089,1732
2023,Fugitives (Leakage),559.504,1561
2023,Stationary Fuel Combustion,366.9653,1561
2023,Industrial Process,86.90373,1561
2023,Stationary Fuel Combustion,1371.449362,1736
2023,Industrial Process,22043.0,1736
2023,On-site Transportation,12.590653,1736
2022,Stationary Fuel Combustion,1162.524888,1736
2022,Industrial Process,17155.0,1736
2022,On-site Transportation,18.032932,1736
2023,Fugitives (Leakage),421.4323,285
2023,Stationary Fuel Combustion,245231.4428,285
2023,Fugitives (Venting),860.09617,285
2023,Fugitives (Leakage),0.0392,1938
2023,Stationary Fuel Combustion,13556.1129,1938
2023,Fugitives (Leakage),0.0981,1936
2023,Stationary Fuel Combustion,15128.3046,1936
2023,Fugitives (Leakage),0.0981,1937
2023,Stationary Fuel Combustion,11537.2001,1937
2023,Fugitives (Leakage),0.0981,1427
2023,Stationary Fuel Combustion,24581.1191,1427
2023,Fugitives (Flaring),31277.45209,341
2023,Fugitives (Leakage),160.776965,341
2023,Stationary Fuel Combustion,29452.30207,341
2023,On-site Transportation,7.07816,341
2023,Fugitives (Venting),40.791947,341
2023,Stationary Fuel Combustion,11816.222,684
2023,Industrial Process,314.5,684
2023,On-site Transportation,125.325,684
2023,Stationary Fuel Combustion,15221.832,403
2023,Fugitives (Flaring),477.3042,1336
2023,Fugitives (Leakage),3.3892,1336
2023,Stationary Fuel Combustion,15061.3277,1336
2023,Fugitives (Venting),1010.4996,1336
2023,Stationary Fuel Combustion,8021.337066,638
2023,On-site Transportation,3093.064,638
2023,Stationary Fuel Combustion,13574.7274,1206
2023,On-site Transportation,437.201708,1206
2023,CO2 from Biomass Combustion,0.0,636
2023,Stationary Fuel Combustion,4486.835,636
2023,Industrial Process,28.6,636
2023,On-site Transportation,15582.762,636
2023,Waste,9.768,636
2023,CO2 from Biomass Combustion,0.0,473
2023,Stationary Fuel Combustion,41726.8257,473
2023,On-site Transportation,1315.2969,473
2023,Wastewater,24.115,473
2023,CO2 from Biomass Combustion,0.0,1117
2023,Stationary Fuel Combustion,94888.131,1117
2023,On-site Transportation,610.6848,1117
2023,Wastewater,391.138,1117
2023,CO2 from Biomass Combustion,0.0,443
2023,Stationary Fuel Combustion,57412.8612,443
2023,On-site Transportation,1351.0087,443
2023,Wastewater,15290.021,443
2023,Stationary Fuel Combustion,60516.7033,281
2023,Industrial Process,17135.0,281
2023,On-site Transportation,511.0434,281
2023,Stationary Fuel Combustion,19831.117,637
2023,Stationary Fuel Combustion,10611.876,642
2023,Industrial Process,17.485,642
2023,On-site Transportation,43153.4005,642
2023,Stationary Fuel Combustion,70545.9,461
2023,Stationary Fuel Combustion,9935.195536,1571
2023,On-site Transportation,0.942509,1571
2023,Stationary Fuel Combustion,16820.365,415
2023,Industrial Process,96.813,415
2023,On-site Transportation,7160.265,415
2023,Waste,919.212,415
2023,Stationary Fuel Combustion,46104.658,432
2023,Stationary Fuel Combustion,13276.625,800
2023,Stationary Fuel Combustion,9767.974,1243
2023,Stationary Fuel Combustion,8588.536,1555
2023,Fugitives (Leakage),11700.10024,435
2023,Stationary Fuel Combustion,20441.87243,435
2023,On-site Transportation,48943.91308,435
2023,Wastewater,0.195057,435
2023,CO2 from Biomass Combustion,0.0,212
2023,Stationary Fuel Combustion,353239.9693,212
2023,Industrial Process,670072.95,212
2023,On-site Transportation,4899.429981,212
2023,Fugitives (Flaring),11505.452,1181
2023,Fugitives (Leakage),52.556,1181
2023,Stationary Fuel Combustion,964.204,1181
2023,Wastewater,271.06,1181
2023,Stationary Fuel Combustion,11458.8393,1022
2023,Stationary Fuel Combustion,40915.959,801
2023,CO2 from Biomass Combustion,0.0,722
2023,Stationary Fuel Combustion,32165.782,722
2023,On-site Transportation,153.8483,722
2023,Stationary Fuel Combustion,7054.232,1679
2023,On-site Transportation,2175.3514,1679
2023,Stationary Fuel Combustion,85055.03175,80
2023,Industrial Process,992.187973,80
2023,On-site Transportation,83957.25806,80
2023,Waste,81.144464,80
2023,Stationary Fuel Combustion,12606.34035,241
2023,Stationary Fuel Combustion,10359.9858,1509
2023,Industrial Process,5.0011,1509
2023,On-site Transportation,5.645414,1509
2023,Stationary Fuel Combustion,20064.6557,777
2023,Industrial Process,131.6531,777
2023,On-site Transportation,32.9182,777
2023,CO2 from Biomass Combustion,0.0,475
2023,Stationary Fuel Combustion,13093.63707,475
2023,CO2 from Biomass Combustion,0.0,534
2023,Stationary Fuel Combustion,11922.52427,534
2023,On-site Transportation,278816.6909,534
2023,Waste,3869.10245,534
2023,Wastewater,0.0795,534
2023,Stationary Fuel Combustion,29229.711,771
2023,Stationary Fuel Combustion,50304.604,998
2023,On-site Transportation,84328.779,998
2023,Waste,121.385,998
2023,CO2 from Biomass Combustion,0.0,243
2023,Stationary Fuel Combustion,83663.801,243
2023,On-site Transportation,1099.57,243
2023,Waste,22040.2,243
2023,CO2 from Biomass Combustion,0.0,1017
2023,Stationary Fuel Combustion,5799.445,1017
2023,Industrial Process,2798.0,1017
2023,On-site Transportation,116396.414,1017
2023,Stationary Fuel Combustion,21519.33,1179
2023,On-site Transportation,292.36,1179
2023,Stationary Fuel Combustion,4436.12054,649
2023,On-site Transportation,7715.822,649
2023,Stationary Fuel Combustion,3976.7747,647
2023,On-site Transportation,8442.439,647
2023,Stationary Fuel Combustion,36059.97823,1231
2023,On-site Transportation,201.227419,1231
2023,CO2 from Biomass Combustion,0.0,263
2023,Fugitives (Flaring),154.4495,263
2023,Stationary Fuel Combustion,56570.0274,263
2023,On-site Transportation,33.5584,263
2023,Stationary Fuel Combustion,59442.577,495
2023,Industrial Process,2142.5,495
2023,Fugitives (Flaring),17319.0432,149
2023,Fugitives (Leakage),323.68,149
2023,Stationary Fuel Combustion,384146.4397,149
2023,Industrial Process,37048.0257,149
2023,On-site Transportation,132.689,149
2023,Fugitives (Venting),25.951196,149
2023,Wastewater,421.1843,149
2023,Stationary Fuel Combustion,329732.5754,150
2023,Industrial Process,657946.8802,150
2023,On-site Transportation,2165.7937,150
2023,Fugitives (Leakage),120.4,849
2023,Stationary Fuel Combustion,3896.983,849
2023,Industrial Process,6419.0,849
2023,Stationary Fuel Combustion,3368.996,1526
2023,On-site Transportation,87673.085,1526
2023,Stationary Fuel Combustion,15960.9652,700
2023,Industrial Process,2535.2848,700
2023,Fugitives (Flaring),436.6533,9
2023,Stationary Fuel Combustion,981262.4295,9
2023,Industrial Process,3287418.803,9
2023,On-site Transportation,23048.33,9
2023,Fugitives (Flaring),28387.3667,195
2023,Fugitives (Leakage),1082.032,195
2023,Stationary Fuel Combustion,574939.5575,195
2023,Fugitives (Venting),176286.7244,195
2023,Wastewater,264.7182,195
2023,Stationary Fuel Combustion,21536.9354,1207
2023,On-site Transportation,1200.92988,1207
2023,CO2 from Biomass Combustion,0.0,346
2023,Stationary Fuel Combustion,31772.61,346
2023,On-site Transportation,40.865813,346
2023,Stationary Fuel Combustion,181833.4404,169
2023,Industrial Process,411333.6629,169
2023,On-site Transportation,3015.876,169
2023,Fugitives (Flaring),5099.88699,292
2023,Fugitives (Leakage),785.48654,292
2023,Stationary Fuel Combustion,913577.6483,292
2023,On-site Transportation,195.73584,292
2023,Stationary Fuel Combustion,1113765.509,197
2023,Stationary Fuel Combustion,11383.128,1522
2023,Industrial Process,690.144,1522
2023,Stationary Fuel Combustion,19038.309,644
2023,On-site Transportation,37069.073,644
2023,Stationary Fuel Combustion,76711.7527,262
2023,Industrial Process,1718.3632,262
2023,On-site Transportation,32073.3338,262
2023,Fugitives (Flaring),1384.053255,394
2023,Fugitives (Leakage),533.4986,394
2023,Stationary Fuel Combustion,42717.51569,394
2023,Fugitives (Venting),2490.7157,394
2023,Fugitives (Flaring),10234.56657,1095
2023,Fugitives (Leakage),124.9063,1095
2023,Stationary Fuel Combustion,6790.158048,1095
2023,Fugitives (Flaring),12.62763,1468
2023,Fugitives (Leakage),233.4192,1468
2023,Stationary Fuel Combustion,18228.3226,1468
2023,Fugitives (Flaring),166.800557,1096
2023,Fugitives (Leakage),2439.69912,1096
2023,Stationary Fuel Combustion,34506.8264,1096
2023,Fugitives (Venting),11977.1559,1096
2023,Fugitives (Leakage),204.644658,1094
2023,Stationary Fuel Combustion,19290.98104,1094
2023,Fugitives (Venting),6507.262459,1094
2023,Fugitives (Leakage),98.324297,1093
2023,Stationary Fuel Combustion,17810.15577,1093
2023,Fugitives (Venting),4295.010133,1093
2023,Fugitives (Flaring),5.942215,1952
2023,Stationary Fuel Combustion,18063.91438,1952
2023,Fugitives (Leakage),77.728936,1923
2023,Stationary Fuel Combustion,7827.06494,1923
2023,Fugitives (Venting),5803.995719,1923
2023,Stationary Fuel Combustion,84582.415,456
2023,On-site Transportation,881.05,456
2023,Stationary Fuel Combustion,115165.794,357
2023,Stationary Fuel Combustion,15157.78639,975
2023,On-site Transportation,57.777531,975
2023,Stationary Fuel Combustion,119968.8798,421
2023,Industrial Process,831.4358,421
2023,On-site Transportation,132979.0262,421
2023,Waste,28.385908,421
2023,Stationary Fuel Combustion,10741.9011,1162
2023,Stationary Fuel Combustion,8483.275,1161
2023,Stationary Fuel Combustion,7614.7501,1163
2023,Stationary Fuel Combustion,131319.2736,358
2023,CO2 from Biomass Combustion,0.0,602
2023,Stationary Fuel Combustion,96422.14614,602
2023,Industrial Process,47.3213,602
2023,On-site Transportation,38083.61465,602
2023,Waste,3574.82699,602
2023,Stationary Fuel Combustion,16885.35793,1202
2023,Stationary Fuel Combustion,52360.757,118
2023,Industrial Process,31700.2,118
2023,Stationary Fuel Combustion,9879.2172,1504
2023,On-site Transportation,810.3137,1504
2023,Stationary Fuel Combustion,75339.109,356
2023,CO2 from Biomass Combustion,0.0,234
2023,Stationary Fuel Combustion,217298.0007,234
2023,On-site Transportation,2526.854,234
2023,Wastewater,789.7,234
2023,Stationary Fuel Combustion,95798.62,138
2023,CO2 from Biomass Combustion,0.0,72
2023,Stationary Fuel Combustion,856117.7168,72
2023,Industrial Process,3288316.939,72
2023,On-site Transportation,23848.85237,72
2023,Stationary Fuel Combustion,28859.17851,1143
2023,Stationary Fuel Combustion,18430.434,775
2023,On-site Transportation,192.617,775
2023,Stationary Fuel Combustion,14903.92,1138
2023,On-site Transportation,178.49,1138
2023,Stationary Fuel Combustion,19871.89925,774
2023,On-site Transportation,10.783135,774
2023,Stationary Fuel Combustion,28680.5183,307
2023,CO2 from Biomass Combustion,0.0,519
2023,Stationary Fuel Combustion,14701.06741,519
2023,On-site Transportation,82.1274,519
2023,Stationary Fuel Combustion,27406.785,1130
2023,On-site Transportation,24189.618,1130
2023,Stationary Fuel Combustion,3766.19215,581
2023,Industrial Process,51611.0,581
2023,Stationary Fuel Combustion,11965.72,1178
2023,On-site Transportation,88.3449,1178
2023,Wastewater,2.2761,1178
2023,Stationary Fuel Combustion,15638.4068,730
2023,Stationary Fuel Combustion,55426.14636,321
2023,Industrial Process,1425.31,321
2023,Stationary Fuel Combustion,45709.7862,1149
2023,On-site Transportation,166.7861,1149
2023,Stationary Fuel Combustion,57624.551,498
2023,Stationary Fuel Combustion,305747.6762,26
2023,On-site Transportation,2.050815,26
2023,Stationary Fuel Combustion,90037.88,759
2023,Stationary Fuel Combustion,9999.762,1220
2023,Stationary Fuel Combustion,34048.0483,549
2023,Stationary Fuel Combustion,975421.1615,459
2023,On-site Transportation,2.1829,459
2023,Stationary Fuel Combustion,807499.2024,305
2023,On-site Transportation,1.073676,305
2023,Stationary Fuel Combustion,1159936.664,1349
2023,On-site Transportation,43.7636,1349
2023,CO2 from Biomass Combustion,0.0,752
2023,Stationary Fuel Combustion,13303.1186,752
2023,On-site Transportation,200.5402,752
2023,CO2 from Biomass Combustion,0.0,1193
2023,Fugitives (Flaring),675.338385,1193
2023,Stationary Fuel Combustion,15260.8421,1193
2023,Waste,9256.5092,1193
2023,Wastewater,20914.29,1193
2023,CO2 from Biomass Combustion,0.0,20
2023,Stationary Fuel Combustion,189039.615,20
2023,Industrial Process,1127.696,20
2023,On-site Transportation,2976.62379,20
2023,CO2 from Biomass Combustion,0.0,440
2023,Stationary Fuel Combustion,27652.977,440
2023,Industrial Process,19350.9,440
2023,On-site Transportation,688.9715,440
2023,Stationary Fuel Combustion,1946.27079,120
2023,On-site Transportation,0.501797,120
2023,Stationary Fuel Combustion,946.317909,3
2023,Stationary Fuel Combustion,97.572562,302
2023,On-site Transportation,1.372011,302
2023,Stationary Fuel Combustion,113.461617,319
2023,Stationary Fuel Combustion,64675.18719,347
2023,On-site Transportation,664.86509,347
2023,Stationary Fuel Combustion,73005.41387,401
2023,Industrial Process,5.43307,401
2023,On-site Transportation,611.4697,401
2023,Stationary Fuel Combustion,12227.24058,607
2023,Stationary Fuel Combustion,59459.8968,413
2023,Industrial Process,89.483866,413
2023,On-site Transportation,258.3633,413
2023,CO2 from Biomass Combustion,0.0,107
2023,Stationary Fuel Combustion,135829.4486,107
2023,Industrial Process,2336.6271,107
2023,On-site Transportation,2794.1415,107
2023,Fugitives (Leakage),181342.84,1324
2023,Stationary Fuel Combustion,3607.72,1324
2023,Industrial Process,1442.601,1324
2023,On-site Transportation,121132.604,1324
2023,Stationary Fuel Combustion,31469.77863,39
2023,Fugitives (Leakage),7.3,728
2023,Stationary Fuel Combustion,30587.1093,728
2023,Stationary Fuel Combustion,10069.16382,245
2023,Stationary Fuel Combustion,79555.8605,314
2023,On-site Transportation,566.7662,314
2023,Stationary Fuel Combustion,1273.87728,1515
2023,Stationary Fuel Combustion,15202.33328,1513
2023,Stationary Fuel Combustion,24834.16881,813
2023,Industrial Process,347.36,813
2023,Fugitives (Flaring),958.8267,94
2023,Stationary Fuel Combustion,212108.9028,94
2023,Industrial Process,83198.1936,94
2023,On-site Transportation,1799.1958,94
2023,Fugitives (Venting),7107.23996,94
2023,Stationary Fuel Combustion,1196.217642,1881
2023,On-site Transportation,6.024817,1881
2023,Fugitives (Leakage),250.0,1562
2023,Stationary Fuel Combustion,234.172,1562
2023,Fugitives (Venting),1554.0,1562
2023,Fugitives (Flaring),484.6765,163
2023,Stationary Fuel Combustion,87568.9113,163
2023,On-site Transportation,143.7504,163
2023,Stationary Fuel Combustion,41801.031,806
2023,On-site Transportation,322.513,806
2023,Fugitives (Flaring),26183.70568,193
2023,Fugitives (Leakage),4.316844,193
2023,Stationary Fuel Combustion,145696.5369,193
2023,Fugitives (Venting),13.857925,193
2023,Stationary Fuel Combustion,48499.14184,457
2023,On-site Transportation,381.490075,457
2023,Stationary Fuel Combustion,57144.253,8
2023,Industrial Process,744025.68,8
2023,On-site Transportation,7983.35414,8
2023,Stationary Fuel Combustion,56215.85195,101
2023,Industrial Process,38373.6938,101
2023,On-site Transportation,2567.896262,101
2022,Stationary Fuel Combustion,640546.5106,215
2022,Industrial Process,3123599.56,215
2022,On-site Transportation,14577.426,215
2023,Fugitives (Flaring),271.2027,157
2023,Stationary Fuel Combustion,23506.16065,157
2023,On-site Transportation,308.345,157
2023,Fugitives (Flaring),355.55589,1739
2023,Fugitives (Leakage),181.14687,1739
2023,Stationary Fuel Combustion,17043.58414,1739
2023,Fugitives (Venting),29.92771,1739
2023,Stationary Fuel Combustion,3763.969,1197
2023,On-site Transportation,23.545,1197
2023,CO2 from Biomass Combustion,0.0,293
2023,Stationary Fuel Combustion,36754.1264,293
2023,On-site Transportation,99.0252,293
2023,Stationary Fuel Combustion,3126.264,632
2023,On-site Transportation,13291.502,632
2023,Stationary Fuel Combustion,139220.0239,396
2023,CO2 from Biomass Combustion,0.0,291
2023,Fugitives (Flaring),10372.17056,291
2023,Fugitives (Leakage),185.39246,291
2023,Stationary Fuel Combustion,2321498.994,291
2023,On-site Transportation,1134.786387,291
2023,Fugitives (Venting),624.59,291
2023,Waste,3.417,291
2023,CO2 from Biomass Combustion,0.0,188
2023,Fugitives (Flaring),118576.18,188
2023,Fugitives (Leakage),1923.964,188
2023,Stationary Fuel Combustion,1656627.16,188
2023,On-site Transportation,1246.6344,188
2023,Fugitives (Venting),1225979.57,188
2023,Wastewater,20220.55,188
2023,Stationary Fuel Combustion,12836.80361,1052
2023,Fugitives (Venting),240.83012,1052
2023,Stationary Fuel Combustion,9309.383,600
2023,On-site Transportation,9938.8874,600
2023,Stationary Fuel Combustion,20858.8135,131
2023,On-site Transportation,8473.73223,131
2023,Stationary Fuel Combustion,44037.317,627
2023,Industrial Process,4470.46,627
2023,On-site Transportation,1148.137293,627
2022,Fugitives (Flaring),283.6693,1739
2022,Fugitives (Leakage),72.212,1739
2022,Stationary Fuel Combustion,17571.23427,1739
2022,Fugitives (Venting),15.19392,1739
2023,CO2 from Biomass Combustion,0.0,137
2023,Stationary Fuel Combustion,163082.472,137
2023,Industrial Process,443332.0,137
2023,On-site Transportation,851.113,137
2023,CO2 from Biomass Combustion,0.0,1590
2023,Stationary Fuel Combustion,5.18,1590
2023,On-site Transportation,127.737,1590
2023,Waste,12620.35,1590
2023,Stationary Fuel Combustion,4082.6093,1131
2023,On-site Transportation,23160.239,1131
2023,Waste,3.58,1131
2023,Wastewater,1.226,1131
2023,CO2 from Biomass Combustion,0.0,1608
2023,Stationary Fuel Combustion,9428.18,1608
2023,On-site Transportation,1731.19,1608
2023,Stationary Fuel Combustion,15211.01,1643
2023,On-site Transportation,1492.87,1643
2023,Stationary Fuel Combustion,12798.7064,1911
2023,CO2 from Biomass Combustion,0.0,119
2023,Stationary Fuel Combustion,128674.1375,119
2023,Industrial Process,77456.3429,119
2023,On-site Transportation,7636.17889,119
2023,Stationary Fuel Combustion,14231.0359,1127
2023,Industrial Process,1207.502,1127
2023,On-site Transportation,412.68255,1127
2023,Stationary Fuel Combustion,48601.284,313
2023,On-site Transportation,178.403614,313
2023,Fugitives (Flaring),60505.2714,106
2023,Fugitives (Leakage),73.0697,106
2023,Stationary Fuel Combustion,97146.6482,106
2023,On-site Transportation,60.1326,106
2023,Fugitives (Flaring),64019.0822,244
2023,Fugitives (Leakage),883.9988,244
2023,Stationary Fuel Combustion,59997.7484,244
2023,On-site Transportation,134.5159,244
2023,Fugitives (Venting),0.0028,244
2023,CO2 from Biomass Combustion,0.0,843
2023,Stationary Fuel Combustion,29107.84,843
2023,On-site Transportation,1478.782,843
2023,Waste,14805.56,843
2023,Stationary Fuel Combustion,15280.7399,1153
2023,On-site Transportation,315.28475,1153
2022,Fugitives (Flaring),337.652,1686
2022,Fugitives (Leakage),582.422,1686
2022,Stationary Fuel Combustion,13982.54,1686
2022,Fugitives (Venting),3939.945,1686
2022,Fugitives (Flaring),2569.517,1685
2022,Fugitives (Leakage),1310.733,1685
2022,Stationary Fuel Combustion,11355.857,1685
2022,Fugitives (Venting),1806.653,1685
2023,Stationary Fuel Combustion,56601.86128,311
2023,Industrial Process,22136.39353,311
2023,On-site Transportation,2009.83844,311
2022,Fugitives (Leakage),250.0,1562
2022,Stationary Fuel Combustion,221.102,1562
2022,Fugitives (Venting),6530.0,1562
2023,Stationary Fuel Combustion,30736.4019,1424
2023,CO2 from Biomass Combustion,0.0,1121
2023,Stationary Fuel Combustion,0.433861,1121
2023,On-site Transportation,474.338655,1121
2023,Waste,49152.88489,1121
2023,Fugitives (Flaring),810.456,1940
2023,Fugitives (Leakage),190.364,1940
2023,Stationary Fuel Combustion,29437.976,1940
2023,Fugitives (Venting),232.405,1940
2022,Fugitives (Flaring),7696.89,845
2022,Stationary Fuel Combustion,3945.0,845
2023,Fugitives (Flaring),14312.6472,845
2023,Stationary Fuel Combustion,4267.76,845
2023,CO2 from Biomass Combustion,0.0,28
2023,Fugitives (Leakage),1341.2,28
2023,Stationary Fuel Combustion,91041.3409,28
2023,Industrial Process,119490.0,28
2023,On-site Transportation,1553.538,28
2023,Stationary Fuel Combustion,361.715645,155
2023,Stationary Fuel Combustion,6705.206483,228
2023,CO2 from Biomass Combustion,0.0,34
2023,Stationary Fuel Combustion,2433.241759,34
2023,Wastewater,9.1189,34
2023,Stationary Fuel Combustion,324612.6062,88
2023,Industrial Process,865815.1875,88
2023,On-site Transportation,5088.3092,88
2023,Stationary Fuel Combustion,6374.51,1574
2023,On-site Transportation,528.097184,1574
2023,Stationary Fuel Combustion,9311.566579,1157
2023,On-site Transportation,32.773349,1157
2023,Stationary Fuel Combustion,27325.99002,1655
2023,On-site Transportation,650.67127,1655
2023,CO2 from Biomass Combustion,0.0,439
2023,Stationary Fuel Combustion,19078.0413,439
2023,On-site Transportation,6230.5486,439
2023,Waste,7.2883,439
2023,Stationary Fuel Combustion,15049.18286,1627
2023,On-site Transportation,365.4463,1627
2023,Stationary Fuel Combustion,11862.44123,1628
2023,On-site Transportation,370.351815,1628
2023,Fugitives (Flaring),18367.365,1364
2023,Fugitives (Leakage),682.0212,1364
2023,Stationary Fuel Combustion,123665.5723,1364
2023,On-site Transportation,10.1322,1364
2023,Fugitives (Venting),1891.3129,1364
2023,Wastewater,0.3864,1364
2022,CO2 from Biomass Combustion,0.0,81
2022,Stationary Fuel Combustion,858.160626,81
2022,Industrial Process,119949.3426,81
2022,On-site Transportation,332.568,81
2022,CO2 from Biomass Combustion,0.0,752
2022,Stationary Fuel Combustion,17850.0521,752
2022,On-site Transportation,264.5622,752
2022,Fugitives (Flaring),13957.7295,1996
2022,Fugitives (Leakage),13.9483,1996
2022,Stationary Fuel Combustion,566.5028,1996
2022,Fugitives (Venting),131.1703,1996
2023,Stationary Fuel Combustion,84089.6548,308
2023,On-site Transportation,310.499,308
2023,Stationary Fuel Combustion,62590.3539,22
2023,On-site Transportation,254.778135,22
2023,Stationary Fuel Combustion,47717.25356,905
2023,On-site Transportation,535.859793,905
2023,Stationary Fuel Combustion,31938.947,778
2023,On-site Transportation,202.1195,778
2023,Fugitives (Flaring),14580.8037,1642
2023,Fugitives (Leakage),462.8454,1642
2023,Stationary Fuel Combustion,20958.9414,1642
2023,On-site Transportation,5.53295,1642
2023,Fugitives (Venting),84.4551,1642
2023,On-site Transportation,104.016,1769
2023,Waste,9929.92,1769
2023,Stationary Fuel Combustion,10201.9666,1479
2022,Fugitives (Flaring),2409.5851,960
2022,Fugitives (Leakage),373.83,960
2022,Stationary Fuel Combustion,31399.5865,960
2022,Fugitives (Venting),1912.3687,960
2022,Stationary Fuel Combustion,25698.4393,1694
2022,Fugitives (Venting),1567.7103,1694
2023,Stationary Fuel Combustion,580.00365,837
2023,Industrial Process,13.78,837
2023,On-site Transportation,14782.60025,837
2023,Stationary Fuel Combustion,65115.66387,236
2023,Industrial Process,474543.9285,236
2023,On-site Transportation,1181.94495,236
2023,Stationary Fuel Combustion,16382.49659,237
2023,Industrial Process,495309.299,237
2023,On-site Transportation,1424.582525,237
2023,Stationary Fuel Combustion,68483.87,229
2023,Industrial Process,854520.232,229
2023,On-site Transportation,2443.5633,229
2023,Stationary Fuel Combustion,24401.17595,230
2023,Industrial Process,630401.838,230
2023,On-site Transportation,2975.16371,230
2023,Fugitives (Flaring),4314.7856,105
2023,Stationary Fuel Combustion,207377.2412,105
2023,On-site Transportation,476.4378,105
2023,Stationary Fuel Combustion,24502.6622,1346
2023,On-site Transportation,1592.783,1346
2023,CO2 from Biomass Combustion,0.0,1935
2023,Stationary Fuel Combustion,7679.563,1935
2023,On-site Transportation,1664.1336,1935
2023,Stationary Fuel Combustion,2603.4855,554
2023,Industrial Process,101860.1348,554
2023,On-site Transportation,420.51155,554
2022,CO2 from Biomass Combustion,0.0,1768
2022,Stationary Fuel Combustion,8656.95273,1768
2022,On-site Transportation,1669.13126,1768
2022,Waste,87.52772,1768
2023,CO2 from Biomass Combustion,0.0,1768
2023,Stationary Fuel Combustion,17371.74195,1768
2023,On-site Transportation,3451.73664,1768
2023,Waste,348.26771,1768
2023,Fugitives (Flaring),6.402928,1960
2023,Fugitives (Leakage),1217.83709,1960
2023,Stationary Fuel Combustion,10052.04721,1960
2023,Fugitives (Venting),83.16224,1960
2023,Fugitives (Leakage),95806.32857,247
2023,Stationary Fuel Combustion,2935.328481,247
2023,Industrial Process,4.254718,247
2023,On-site Transportation,180.342332,247
2023,CO2 from Biomass Combustion,0.0,1629
2023,On-site Transportation,81.8262,1629
2023,Waste,13993.84,1629
2022,CO2 from Biomass Combustion,0.0,2045
2022,Stationary Fuel Combustion,4706.4455,2045
2022,On-site Transportation,2367.7402,2045
2023,CO2 from Biomass Combustion,0.0,1039
2023,Stationary Fuel Combustion,0.7088,1039
2023,On-site Transportation,363.0,1039
2023,Waste,31808.0,1039
2023,Waste,37576.0,1040
2023,Fugitives (Flaring),263.67809,1548
2023,Fugitives (Leakage),1245.34265,1548
2023,Stationary Fuel Combustion,12977.12715,1548
2023,Fugitives (Venting),2975.91126,1548
2023,Stationary Fuel Combustion,9250.447,1308
2023,On-site Transportation,1.1415,1308
2023,Fugitives (Leakage),2930.079,2
2023,Stationary Fuel Combustion,245645.489,2
2023,Fugitives (Venting),8923.786,2
2023,Fugitives (Flaring),12828.395,38
2023,Fugitives (Leakage),53680.056,38
2023,Stationary Fuel Combustion,4488803.05,38
2023,Fugitives (Venting),229964.877,38
2023,Fugitives (Leakage),64541.089,130
2023,Stationary Fuel Combustion,1076293.837,130
2023,Fugitives (Venting),85444.611,130
2023,Stationary Fuel Combustion,38.601213,1119
2023,On-site Transportation,70.056834,1119
2023,Waste,22632.801,1119
2023,Stationary Fuel Combustion,16090.1171,1154
2023,On-site Transportation,4320.5461,1154
2023,Stationary Fuel Combustion,11681.7086,1649
2023,Industrial Process,1040.8,1649
2023,On-site Transportation,48894.519,1649
2023,Fugitives (Flaring),434.716,1564
2023,Fugitives (Leakage),641.574,1564
2023,Stationary Fuel Combustion,18929.94,1564
2023,Fugitives (Venting),3041.57223,1564
2023,CO2 from Biomass Combustion,0.0,835
2023,Stationary Fuel Combustion,2.725,835
2023,On-site Transportation,119.979515,835
2023,Waste,13308.12,835
2023,Stationary Fuel Combustion,50500.8306,1431
2023,Industrial Process,400.3581,1431
2023,On-site Transportation,1062.8888,1431
2023,Fugitives (Leakage),46732.89432,463
2023,Stationary Fuel Combustion,17731.15854,463
2023,On-site Transportation,50311.31524,463
2023,Fugitives (Leakage),50870.28492,295
2023,Stationary Fuel Combustion,28957.27543,295
2023,On-site Transportation,71530.05063,295
2023,Fugitives (Leakage),87231.73754,296
2023,Stationary Fuel Combustion,18232.50491,296
2023,On-site Transportation,59971.18227,296
2023,On-site Transportation,20345.956,1141
2023,Stationary Fuel Combustion,47423.2578,312
2023,Industrial Process,142593.1362,312
2023,On-site Transportation,197.4196,312
2023,Stationary Fuel Combustion,34436.92825,716
2023,Stationary Fuel Combustion,8.355,1041
2023,On-site Transportation,74.67,1041
2023,Waste,10602.75,1041
2023,Stationary Fuel Combustion,1.02,1328
2023,On-site Transportation,532.624,1328
2023,Waste,54271.802,1328
2023,Stationary Fuel Combustion,22598.46437,1579
2023,On-site Transportation,46.365468,1579
2023,Stationary Fuel Combustion,12508.88,460
2023,On-site Transportation,547.489,460
2023,Stationary Fuel Combustion,14783.3654,1072
2023,On-site Transportation,89.5407,1072
2023,Stationary Fuel Combustion,11381.4817,799
2023,On-site Transportation,228.8505,799
2023,Fugitives (Flaring),246.05798,1535
2023,Stationary Fuel Combustion,29150.62185,1535
2023,Fugitives (Venting),102.75099,1535
2023,Fugitives (Flaring),4787.20403,1767
2023,Stationary Fuel Combustion,11483.49443,1767
2023,Fugitives (Venting),808.09806,1767
2023,Stationary Fuel Combustion,8053.837,1537
2023,Fugitives (Venting),2671.7,1537
2023,Stationary Fuel Combustion,4744.60463,1536
2023,Industrial Process,0.125,1536
2023,On-site Transportation,0.472322,1536
2023,Fugitives (Venting),6572.95,1536
2023,Fugitives (Flaring),6047.597031,1623
2023,Fugitives (Leakage),111.798306,1623
2023,Stationary Fuel Combustion,3692.497619,1623
2023,Stationary Fuel Combustion,62.429,735
2023,Stationary Fuel Combustion,5847.43,819
2023,On-site Transportation,39.91937,819
2023,CO2 from Biomass Combustion,0.0,412
2023,Fugitives (Leakage),22.56268,412
2023,Stationary Fuel Combustion,3960.8434,412
2023,On-site Transportation,497.52786,412
2023,Waste,534.184,412
2023,Fugitives (Leakage),67.2019,872
2023,Stationary Fuel Combustion,13226.4702,872
2023,Fugitives (Flaring),14428.00065,265
2023,Fugitives (Leakage),85.65389,265
2023,Stationary Fuel Combustion,16164.39488,265
2023,CO2 from Biomass Combustion,0.0,1606
2023,Industrial Process,10041.8628,1606
2023,On-site Transportation,872.918,1606
2023,Stationary Fuel Combustion,15191.00937,1289
2023,Stationary Fuel Combustion,43853.94295,1288
2023,CO2 from Biomass Combustion,0.0,2011
2023,Stationary Fuel Combustion,12.616216,2011
2023,On-site Transportation,262.604621,2011
2023,Waste,8793.4376,2011
2023,Fugitives (Flaring),2614.6016,1394
2023,Fugitives (Leakage),34.7895,1394
2023,Stationary Fuel Combustion,7092.9756,1394
2023,Fugitives (Venting),390.8292,1394
2023,Stationary Fuel Combustion,14056.02,787
2023,Stationary Fuel Combustion,79325.9349,363
2023,On-site Transportation,217.909,363
2023,Waste,9949.24,1070
2023,Stationary Fuel Combustion,10966.98,1631
2023,On-site Transportation,2170.01,1631
2023,Fugitives (Venting),1395.0,1631
2023,Waste,1377.31916,1004
2023,Fugitives (Flaring),0.51696,1445
2023,Stationary Fuel Combustion,1352.70461,1445
2023,Fugitives (Venting),19881.87788,1445
2023,Stationary Fuel Combustion,4884.4849,1578
2023,On-site Transportation,90813.1376,1578
2023,Stationary Fuel Combustion,2534.3942,1640
2023,On-site Transportation,10399.597,1640
2023,Fugitives (Flaring),4148.23746,1405
2023,Fugitives (Leakage),1007.22,1405
2023,Stationary Fuel Combustion,5617.02731,1405
2023,Fugitives (Venting),101.16209,1405
2023,CO2 from Biomass Combustion,0.0,455
2023,Stationary Fuel Combustion,57212.6439,455
2023,Industrial Process,864.069,455
2023,On-site Transportation,1985.0553,455
2023,Waste,2273.5683,455
2023,Fugitives (Flaring),779.37937,1992
2023,Fugitives (Leakage),246.024,1992
2023,Stationary Fuel Combustion,2044.91866,1992
2023,On-site Transportation,270.42,1682
2023,Waste,31125.47,1682
2023,Fugitives (Flaring),3122.99347,886
2023,Fugitives (Leakage),286.98096,886
2023,Stationary Fuel Combustion,14961.2175,886
2023,Fugitives (Venting),490.38568,886
2023,CO2 from Biomass Combustion,0.0,251
2023,Stationary Fuel Combustion,9.3849,251
2023,Waste,14680.4,251
2023,Stationary Fuel Combustion,39304.528,1036
2023,On-site Transportation,18374.544,1036
2022,Fugitives (Flaring),881.56612,1970
2022,Stationary Fuel Combustion,2417.664,1970
2022,Fugitives (Venting),1066.24,1970
2023,Industrial Process,14160.0745,1234
2023,On-site Transportation,618.838,1234
2023,CO2 from Biomass Combustion,0.0,270
2023,Stationary Fuel Combustion,114.562,270
2023,Waste,75697.384,270
2022,Stationary Fuel Combustion,2978.8466,2041
2022,On-site Transportation,121179.243,2041
2023,Stationary Fuel Combustion,16667.81,685
2023,On-site Transportation,56.584,685
2023,On-site Transportation,207.1076,1765
2023,Waste,12004.72,1765
2023,Stationary Fuel Combustion,13272.71,860
2023,On-site Transportation,1967.16,860
2023,Stationary Fuel Combustion,22306.1854,1343
2023,Stationary Fuel Combustion,30169.55,1156
2023,Fugitives (Flaring),36.01903,1880
2023,Fugitives (Leakage),4083.09812,1880
2023,Stationary Fuel Combustion,24239.00528,1880
2023,Fugitives (Venting),8034.24786,1880
2023,CO2 from Biomass Combustion,0.0,478
2023,Stationary Fuel Combustion,4261.469,478
2023,On-site Transportation,361.081,478
2023,Fugitives (Flaring),1156.593,1430
2023,Fugitives (Leakage),151.76,1430
2023,Stationary Fuel Combustion,19357.81,1430
2023,Stationary Fuel Combustion,10433.9213,1554
2023,On-site Transportation,33.5982,1554
2023,Stationary Fuel Combustion,9686.8446,762
2023,On-site Transportation,24.2297,762
2023,Stationary Fuel Combustion,11.7354,1237
2023,On-site Transportation,118.5955,1237
2023,Waste,82115.9248,1237
2023,Stationary Fuel Combustion,26472.7265,1766
2023,Fugitives (Flaring),427.6277,1533
2023,Fugitives (Leakage),92.2628,1533
2023,Stationary Fuel Combustion,63517.96,1533
2023,On-site Transportation,7.7475,1533
2023,Fugitives (Venting),5.408176,1533
2023,Fugitives (Flaring),817.06418,1150
2023,Fugitives (Leakage),1624.86,1150
2023,Stationary Fuel Combustion,6018.80813,1150
2023,Fugitives (Venting),2174.11075,1150
2023,Fugitives (Flaring),5974.11218,1152
2023,Fugitives (Leakage),1549.524,1152
2023,Stationary Fuel Combustion,15624.40166,1152
2023,Fugitives (Flaring),809.63227,1148
2023,Fugitives (Leakage),492.996,1148
2023,Stationary Fuel Combustion,8058.08305,1148
2023,Fugitives (Leakage),2278.59606,1151
2023,Stationary Fuel Combustion,5067.77346,1151
2023,Fugitives (Venting),2278.59606,1151
2023,Fugitives (Flaring),158.37806,924
2023,Fugitives (Leakage),60.65782,924
2023,Stationary Fuel Combustion,2027.246,924
2023,Fugitives (Flaring),1618.277,1685
2023,Stationary Fuel Combustion,12848.138,1685
2023,Fugitives (Venting),1667.494,1685
2023,Fugitives (Flaring),2.332,1686
2023,Fugitives (Leakage),627.757,1686
2023,Stationary Fuel Combustion,12721.664,1686
2023,Fugitives (Venting),2760.599,1686
2023,CO2 from Biomass Combustion,0.0,369
2023,Fugitives (Flaring),653.20381,369
2023,Stationary Fuel Combustion,60357.04083,369
2023,On-site Transportation,671.268269,369
2023,Wastewater,74.185061,369
2023,Fugitives (Flaring),827.2589,1376
2023,Fugitives (Leakage),363.9335,1376
2023,Stationary Fuel Combustion,11021.1721,1376
2023,Fugitives (Venting),3099.4664,1376
2023,Fugitives (Flaring),80.0133,1290
2023,Fugitives (Leakage),1492.4712,1290
2023,Stationary Fuel Combustion,21626.1338,1290
2023,Fugitives (Venting),9612.9002,1290
2023,Fugitives (Flaring),1698.1489,1377
2023,Fugitives (Leakage),363.7556,1377
2023,Stationary Fuel Combustion,20244.5564,1377
2023,Fugitives (Venting),2476.3881,1377
2023,Fugitives (Flaring),4.98565,672
2023,Fugitives (Leakage),4768.956999,672
2023,Stationary Fuel Combustion,12646.34075,672
2023,Fugitives (Venting),548.444446,672
2023,Stationary Fuel Combustion,12417.426,1557
2023,Fugitives (Venting),526.23,1557
2023,CO2 from Biomass Combustion,0.0,1908
2023,Fugitives (Flaring),1577.68,1908
2023,Stationary Fuel Combustion,2769.11936,1908
2023,Industrial Process,1837.514,1908
2023,On-site Transportation,195.45388,1908
2023,Stationary Fuel Combustion,156.694,842
2023,On-site Transportation,1090.696,842
2023,Waste,35263.738,842
2023,CO2 from Biomass Combustion,0.0,677
2023,Stationary Fuel Combustion,58.6077,677
2023,On-site Transportation,1185.7185,677
2023,Waste,33567.721,677
2023,Stationary Fuel Combustion,168.865,603
2023,On-site Transportation,528.156,603
2023,Waste,74547.396,603
2023,CO2 from Biomass Combustion,0.0,367
2023,Stationary Fuel Combustion,68114.2585,367
2023,On-site Transportation,892.64,367
2023,Fugitives (Flaring),492.2263,1228
2023,Fugitives (Leakage),95.3186,1228
2023,Stationary Fuel Combustion,35454.9315,1228
2023,Fugitives (Venting),206.0664,1228
2023,Fugitives (Flaring),12.1942,1262
2023,Fugitives (Leakage),205.8301,1262
2023,Stationary Fuel Combustion,9163.2348,1262
2023,Fugitives (Venting),1096.4057,1262
2023,CO2 from Biomass Combustion,0.0,256
2023,Stationary Fuel Combustion,158560.9828,256
2023,Industrial Process,1022.1101,256
2023,On-site Transportation,1914.3678,256
2023,Fugitives (Leakage),120.5783,1905
2023,Stationary Fuel Combustion,16984.0835,1905
2023,Fugitives (Leakage),276.8821,545
2023,Stationary Fuel Combustion,2329077.064,545
2023,Fugitives (Venting),52.4,545
2023,Fugitives (Flaring),1097.55165,1970
2023,Fugitives (Leakage),331.864,1970
2023,Stationary Fuel Combustion,2806.481,1970
2023,Fugitives (Venting),1163.066,1970
2023,Fugitives (Leakage),182.8095,431
2023,Stationary Fuel Combustion,141604.4962,431
2023,Fugitives (Flaring),696.6297,494
2023,Fugitives (Leakage),118.0091,494
2023,Stationary Fuel Combustion,20496.0292,494
2023,Fugitives (Venting),48.1716,494
2023,Fugitives (Flaring),302.0614,340
2023,Fugitives (Leakage),111.0385,340
2023,Stationary Fuel Combustion,63976.3541,340
2023,Fugitives (Venting),19686.2956,340
2023,Fugitives (Leakage),9.6856,337
2023,Stationary Fuel Combustion,9655.3723,337
2023,Fugitives (Venting),159.5416,337
2023,Fugitives (Leakage),47.0075,1165
2023,Stationary Fuel Combustion,11721.9847,1165
2023,Fugitives (Venting),8.8522,1165
2023,Fugitives (Flaring),666.252213,1620
2023,Fugitives (Leakage),75.232234,1620
2023,Stationary Fuel Combustion,22877.36036,1620
2023,Fugitives (Venting),1017.489592,1620
2023,Fugitives (Flaring),128.498634,597
2023,Fugitives (Leakage),237.042454,597
2023,Stationary Fuel Combustion,60528.89692,597
2023,Fugitives (Venting),1305.987778,597
2023,Fugitives (Flaring),102.42852,847
2023,Fugitives (Leakage),117.22188,847
2023,Stationary Fuel Combustion,25782.74732,847
2023,Fugitives (Venting),191.017206,847
2023,Fugitives (Flaring),149.29989,1657
2023,Fugitives (Leakage),169.92832,1657
2023,Stationary Fuel Combustion,44537.39835,1657
2023,Fugitives (Venting),364.687328,1657
2023,Fugitives (Flaring),139.897051,901
2023,Fugitives (Leakage),128.970991,901
2023,Stationary Fuel Combustion,14205.13617,901
2023,Fugitives (Venting),346.464131,901
2023,Fugitives (Flaring),1215.7021,542
2023,Fugitives (Leakage),1054.1413,542
2023,Stationary Fuel Combustion,217044.6995,542
2023,On-site Transportation,6.987102,542
2023,Fugitives (Venting),1568.6802,542
2023,Fugitives (Flaring),187.291986,493
2023,Fugitives (Leakage),21.697475,493
2023,Stationary Fuel Combustion,61973.37664,493
2023,Fugitives (Venting),915.617334,493
2023,Fugitives (Flaring),145.199083,572
2023,Fugitives (Leakage),903.64008,572
2023,Stationary Fuel Combustion,66095.39479,572
2023,Fugitives (Venting),754.8353,572
2023,Fugitives (Flaring),283.038901,553
2023,Fugitives (Leakage),445.36214,553
2023,Stationary Fuel Combustion,64458.64993,553
2023,Fugitives (Venting),1314.328213,553
2023,Fugitives (Flaring),190.856618,900
2023,Fugitives (Leakage),88.048133,900
2023,Stationary Fuel Combustion,50293.95126,900
2023,Fugitives (Venting),699.99424,900
2023,Fugitives (Flaring),662.199406,376
2023,Fugitives (Leakage),318.562644,376
2023,Stationary Fuel Combustion,84775.86059,376
2023,On-site Transportation,9.415195,376
2023,Fugitives (Venting),1692.9964,376
2023,Fugitives (Flaring),2362.7419,429
2023,Fugitives (Leakage),1213.4486,429
2023,Stationary Fuel Combustion,269282.8699,429
2023,On-site Transportation,1134.4029,429
2023,Fugitives (Venting),132.4745,429
2023,Fugitives (Flaring),5453.2278,299
2023,Fugitives (Leakage),1891.7271,299
2023,Stationary Fuel Combustion,226946.0005,299
2023,On-site Transportation,350.9589,299
2023,Fugitives (Venting),100.682832,299
2023,Fugitives (Flaring),105.76086,1618
2023,Fugitives (Leakage),137.74065,1618
2023,Stationary Fuel Combustion,16040.69775,1618
2023,Fugitives (Venting),2475.57082,1618
2023,Fugitives (Flaring),3283.52524,1687
2023,Stationary Fuel Combustion,13268.39152,1687
2023,Fugitives (Venting),1.39798,1687
2023,Stationary Fuel Combustion,839954.7175,32
2023,Industrial Process,0.065136,32
2023,Fugitives (Venting),0.653,32
2023,Fugitives (Leakage),224.5732,49
2023,Stationary Fuel Combustion,295778.9368,49
2023,Fugitives (Flaring),69.50298,679
2023,Stationary Fuel Combustion,13043.15048,679
2023,Fugitives (Venting),481.65996,679
2023,Fugitives (Flaring),177.64745,678
2023,Stationary Fuel Combustion,13630.23623,678
2023,Fugitives (Venting),179.75006,678
2023,Fugitives (Flaring),23.91226,681
2023,Fugitives (Leakage),647.01251,681
2023,Stationary Fuel Combustion,13567.3623,681
2023,Fugitives (Venting),626.50712,681
2023,Stationary Fuel Combustion,10374.0063,1672
2023,On-site Transportation,290.5381,1672
2023,Stationary Fuel Combustion,121484.4357,445
2023,On-site Transportation,5849.9116,445
2023,Wastewater,17.8052,445
2023,Stationary Fuel Combustion,50.0815,1993
2023,On-site Transportation,340.57825,1993
2023,Stationary Fuel Combustion,20026.9313,327
2023,Industrial Process,38213.47782,327
2023,On-site Transportation,139.7914,327
2023,Fugitives (Flaring),102.77365,1625
2023,Fugitives (Leakage),801.57641,1625
2023,Stationary Fuel Combustion,12204.56636,1625
2023,Fugitives (Venting),179.23416,1625
2023,Fugitives (Leakage),15.401,476
2023,Stationary Fuel Combustion,358057.8339,476
2023,On-site Transportation,0.0427,476
2023,Fugitives (Venting),26.6379,476
2023,Stationary Fuel Combustion,17082.8618,148
2023,Industrial Process,11987.145,148
2023,On-site Transportation,245826.1058,148
2023,Stationary Fuel Combustion,4349.2976,422
2023,Industrial Process,2246.073,422
2023,On-site Transportation,42718.7579,422
2023,CO2 from Biomass Combustion,0.0,232
2023,Stationary Fuel Combustion,661817.9823,232
2023,Industrial Process,142394.284,232
2023,On-site Transportation,275.1744,232
2023,Stationary Fuel Combustion,13422.0526,965
2023,On-site Transportation,3202.2754,965
2023,Fugitives (Flaring),330.21425,959
2023,Fugitives (Leakage),170.35388,959
2023,Stationary Fuel Combustion,57389.85106,959
2023,Fugitives (Venting),1493.11916,959
2023,Fugitives (Flaring),930.6417,1480
2023,Fugitives (Leakage),57.9253,1480
2023,Stationary Fuel Combustion,32512.7317,1480
2023,Fugitives (Flaring),2392.531,1524
2023,Fugitives (Leakage),159.275,1524
2023,Stationary Fuel Combustion,51496.3232,1524
2023,Fugitives (Venting),278.788,1524
2023,Fugitives (Flaring),1856.2769,1525
2023,Stationary Fuel Combustion,21980.7089,1525
2023,Fugitives (Venting),269.9808,1525
2023,Fugitives (Leakage),259.51022,323
2023,Stationary Fuel Combustion,11800.74859,323
2023,Fugitives (Venting),352.27665,323
2023,Fugitives (Leakage),36.94788,896
2023,Stationary Fuel Combustion,11869.2755,896
2023,Fugitives (Venting),355.58043,896
2023,Fugitives (Leakage),70.58292,897
2023,Stationary Fuel Combustion,15349.64722,897
2023,Fugitives (Venting),323.81891,897
2023,Fugitives (Flaring),18934.402,1644
2023,Fugitives (Leakage),135.948,1644
2023,Stationary Fuel Combustion,2188.125,1644
2023,Fugitives (Venting),106.842,1644
2023,Fugitives (Leakage),56.56703,898
2023,Stationary Fuel Combustion,9905.9768,898
2023,Fugitives (Venting),314.43754,898
2023,Fugitives (Flaring),28780.028,1688
2023,Stationary Fuel Combustion,3277.542,1688
2023,Fugitives (Venting),214.7701,1688
2023,Fugitives (Leakage),371.85465,324
2023,Stationary Fuel Combustion,11666.19223,324
2023,Fugitives (Venting),396.8636,324
2023,Fugitives (Flaring),30051.561,1689
2023,Stationary Fuel Combustion,1919.06,1689
2023,Fugitives (Flaring),783.25671,325
2023,Fugitives (Leakage),83.13485,325
2023,Stationary Fuel Combustion,41502.95858,325
2023,Fugitives (Venting),58.95503,325
2023,Fugitives (Flaring),15047.559,1994
2023,Fugitives (Leakage),154.717,1994
2023,Stationary Fuel Combustion,1662.647,1994
2023,Fugitives (Venting),23.699,1994
2023,Fugitives (Flaring),11978.73357,958
2023,Stationary Fuel Combustion,1780.26888,958
2023,Fugitives (Venting),16.77714,958
2023,Stationary Fuel Combustion,13086.54,1538
2023,On-site Transportation,91.38,1538
2023,Stationary Fuel Combustion,7966.9316,1963
2023,Fugitives (Venting),999.1059,1963
2023,Fugitives (Flaring),38.8699,1894
2023,Fugitives (Leakage),16.8234,1894
2023,Stationary Fuel Combustion,18447.7797,1894
2023,Fugitives (Venting),40.4363,1894
2023,Stationary Fuel Combustion,9509.622,1692
2023,On-site Transportation,2200.5304,1692
2023,Waste,364.056,1692
2023,Fugitives (Leakage),937.8879,1495
2023,Stationary Fuel Combustion,12721.5901,1495
2023,Fugitives (Venting),1178.8922,1495
2023,Fugitives (Flaring),139173.1202,185
2023,Fugitives (Leakage),169.1433,185
2023,Stationary Fuel Combustion,161484.9052,185
2023,On-site Transportation,94.1055,185
2023,Fugitives (Venting),3528.3613,185
2023,Wastewater,3.5448,185
2023,Stationary Fuel Combustion,32110.59,793
2023,On-site Transportation,136.33,793
2023,Fugitives (Flaring),18123.58951,24
2023,Fugitives (Leakage),1656.671983,24
2023,Stationary Fuel Combustion,110585.1818,24
2023,On-site Transportation,63.991977,24
2023,Fugitives (Venting),1002.119451,24
2023,Wastewater,0.04802,24
2023,Fugitives (Flaring),1269.163302,156
2023,Fugitives (Leakage),94.071356,156
2023,Stationary Fuel Combustion,77506.12362,156
2023,On-site Transportation,180.998464,156
2023,Fugitives (Venting),692.118095,156
2023,Fugitives (Flaring),6380.5787,1023
2023,Fugitives (Leakage),22.6963,1023
2023,Stationary Fuel Combustion,20119.8375,1023
2023,Fugitives (Venting),582.4336,1023
2023,CO2 from Biomass Combustion,0.0,253
2023,Waste,195505.52,253
2023,Fugitives (Flaring),4013.8128,807
2023,Fugitives (Leakage),156.927,807
2023,Stationary Fuel Combustion,7874.87,807
2023,Fugitives (Venting),958.3532,807
2023,Fugitives (Flaring),25495.9807,868
2023,Fugitives (Leakage),309.9713,868
2023,Stationary Fuel Combustion,34971.5734,868
2023,Fugitives (Venting),3058.3223,868
2023,Fugitives (Flaring),258.3784,1244
2023,Fugitives (Leakage),938.0433,1244
2023,Stationary Fuel Combustion,20375.6576,1244
2023,Fugitives (Venting),10455.7101,1244
2023,Fugitives (Flaring),6225.7913,1063
2023,Fugitives (Leakage),182.1724,1063
2023,Stationary Fuel Combustion,10537.2863,1063
2023,Fugitives (Venting),4084.5345,1063
2023,CO2 from Biomass Combustion,0.0,1239
2023,Stationary Fuel Combustion,2.617484,1239
2023,On-site Transportation,476.8899,1239
2023,Waste,65207.4915,1239
2023,Fugitives (Flaring),5827.6441,949
2023,Fugitives (Leakage),176.0263,949
2023,Stationary Fuel Combustion,11293.8791,949
2023,Fugitives (Venting),3048.4568,949
2023,Fugitives (Flaring),21803.6203,590
2023,Fugitives (Leakage),248.0342,590
2023,Stationary Fuel Combustion,51824.7012,590
2023,Fugitives (Venting),8180.2167,590
2023,Fugitives (Flaring),33117.8494,871
2023,Fugitives (Leakage),1006.9893,871
2023,Stationary Fuel Combustion,10555.5485,871
2023,Fugitives (Venting),3081.1933,871
2023,Fugitives (Flaring),7275.0016,1064
2023,Fugitives (Leakage),23.5423,1064
2023,Stationary Fuel Combustion,7027.5713,1064
2023,Fugitives (Venting),2344.5854,1064
2023,Fugitives (Flaring),8620.5548,544
2023,Fugitives (Leakage),1056.441,544
2023,Stationary Fuel Combustion,31172.8983,544
2023,Fugitives (Venting),11468.7297,544
2023,Stationary Fuel Combustion,76.62,1693
2023,On-site Transportation,4.4903,1693
2023,Stationary Fuel Combustion,212.720674,423
2023,On-site Transportation,2969.9235,423
2023,Waste,22047.014,423
2023,Fugitives (Flaring),343.66611,884
2023,Stationary Fuel Combustion,21202.00215,884
2023,Fugitives (Venting),96.35328,884
2023,Fugitives (Leakage),206.35348,1910
2023,Stationary Fuel Combustion,13065.62493,1910
2023,Fugitives (Venting),227.83536,1910
2023,Fugitives (Flaring),187.61493,1327
2023,Stationary Fuel Combustion,11188.97061,1327
2023,Fugitives (Venting),70.2576,1327
2023,Fugitives (Flaring),469.6686,1326
2023,Stationary Fuel Combustion,13473.9336,1326
2023,Fugitives (Venting),58.21344,1326
2023,Stationary Fuel Combustion,10776.87429,1502
2023,Fugitives (Venting),77.53428,1502
2023,Stationary Fuel Combustion,11228.10966,1909
2023,Fugitives (Venting),225.57708,1909
2023,Fugitives (Flaring),244.0292,810
2023,Stationary Fuel Combustion,11005.6916,810
2023,Fugitives (Venting),0.448,810
2023,Stationary Fuel Combustion,20212.489,71
2023,On-site Transportation,322.709,71
2023,Waste,7131.88,71
2023,Fugitives (Flaring),141.7781,703
2023,Fugitives (Leakage),167.3382,703
2023,Stationary Fuel Combustion,15801.7346,703
2023,Fugitives (Venting),2772.1678,703
2023,Fugitives (Flaring),2426.4366,829
2023,Fugitives (Leakage),12.4493,829
2023,Stationary Fuel Combustion,7309.6129,829
2023,Fugitives (Venting),359.9435,829
2023,Fugitives (Flaring),3564.0935,1425
2023,Fugitives (Leakage),144.2857,1425
2023,Stationary Fuel Combustion,8592.9311,1425
2023,Fugitives (Venting),30.8266,1425
2023,Stationary Fuel Combustion,8795.17581,1028
2023,Fugitives (Venting),28.10304,1028
2023,Stationary Fuel Combustion,16524.14185,1029
2023,Fugitives (Venting),81.549,1029
2023,Stationary Fuel Combustion,5667.346477,1415
2023,Fugitives (Venting),8.53128,1415
2023,Stationary Fuel Combustion,12015.09,1597
2023,Stationary Fuel Combustion,30044.39,668
2023,On-site Transportation,37.695581,668
2023,Stationary Fuel Combustion,17983.398,864
2023,Industrial Process,23.4667,864
2023,On-site Transportation,13.472,864
2023,Stationary Fuel Combustion,14520.317,863
2023,Industrial Process,15.2447,863
2023,On-site Transportation,24.997,863
2023,Fugitives (Flaring),1459.5522,1962
2023,Fugitives (Leakage),402.755,1962
2023,Stationary Fuel Combustion,8095.0656,1962
2023,Fugitives (Venting),3240.5332,1962
2023,Fugitives (Flaring),1688.9871,1111
2023,Stationary Fuel Combustion,32657.4757,1111
2023,Fugitives (Venting),6960.8016,1111
2023,Fugitives (Flaring),535.1388,541
2023,Fugitives (Leakage),404.9208,541
2023,Stationary Fuel Combustion,16183.7371,541
2023,Fugitives (Venting),3681.0735,541
2023,Fugitives (Flaring),3860.2303,1497
2023,Fugitives (Leakage),8.9966,1497
2023,Stationary Fuel Combustion,932.0226,1497
2023,Fugitives (Venting),73.6686,1497
2023,Stationary Fuel Combustion,719.0,1886
2023,Fugitives (Flaring),8011.5652,1482
2023,Fugitives (Leakage),155.1924,1482
2023,Stationary Fuel Combustion,531.6464,1482
2023,Fugitives (Venting),191.5384,1482
2023,Stationary Fuel Combustion,60087.11411,465
2023,On-site Transportation,372.8096,465
2023,Stationary Fuel Combustion,15295.513,1572
2023,On-site Transportation,743.515105,1572
2023,Stationary Fuel Combustion,2.94313,1684
2023,On-site Transportation,331.85944,1684
2023,Waste,39459.66384,1684
2023,Fugitives (Flaring),250.64463,1673
2023,Fugitives (Leakage),112.792877,1673
2023,Stationary Fuel Combustion,13366.43832,1673
2023,Fugitives (Venting),559.826605,1673
2023,Fugitives (Flaring),71.27902,1291
2023,Fugitives (Leakage),53.44785,1291
2023,Stationary Fuel Combustion,15537.13679,1291
2023,Fugitives (Venting),32.057118,1291
2023,Fugitives (Flaring),254.013114,1334
2023,Stationary Fuel Combustion,8009.360675,1334
2023,Fugitives (Venting),1942.59735,1334
2023,CO2 from Biomass Combustion,0.0,1199
2023,Fugitives (Flaring),744.9522,1199
2023,On-site Transportation,99.831,1199
2023,Waste,16292.6,1199
2023,CO2 from Biomass Combustion,0.0,1331
2023,Stationary Fuel Combustion,0.007835,1331
2023,On-site Transportation,345.290953,1331
2023,Waste,48179.28086,1331
2023,Fugitives (Leakage),17.865736,213
2023,Stationary Fuel Combustion,207009.9918,213
2023,Industrial Process,366346.8738,213
2023,On-site Transportation,994.81968,213
2023,Stationary Fuel Combustion,41.488,931
2023,On-site Transportation,74.864,931
2023,Waste,35325.276,931
2023,Stationary Fuel Combustion,62660.63977,1245
2023,On-site Transportation,406.795941,1245
2023,Waste,126.60666,1245
2023,Wastewater,21.3961,1245
2023,Stationary Fuel Combustion,84989.18395,596
2023,On-site Transportation,952.0971,596
2023,Fugitives (Flaring),1787.1317,517
2023,Fugitives (Leakage),8474.4628,517
2023,Stationary Fuel Combustion,503584.6565,517
2023,Industrial Process,0.329,517
2023,On-site Transportation,474.0722,517
2023,Fugitives (Venting),1.7654,517
2023,Waste,51417.8,979
2023,Fugitives (Flaring),2388.381538,732
2023,Stationary Fuel Combustion,4137.9272,732
2023,Wastewater,41934.16748,732
2023,Fugitives (Flaring),833.3222,1584
2023,Fugitives (Leakage),596.8732,1584
2023,Stationary Fuel Combustion,17081.5493,1584
2023,Fugitives (Venting),36.4756,1584
2023,Fugitives (Flaring),673.4038,1695
2023,Fugitives (Leakage),856.7804,1695
2023,Stationary Fuel Combustion,12450.469,1695
2023,CO2 from Biomass Combustion,0.0,1648
2023,Stationary Fuel Combustion,79.91218,1648
2023,On-site Transportation,389.80988,1648
2023,Waste,61144.071,1648
2023,Fugitives (Flaring),263.34415,1322
2023,Stationary Fuel Combustion,9690.8739,1322
2023,Fugitives (Venting),472.556,1322
2023,Fugitives (Flaring),178.58715,1696
2023,Fugitives (Leakage),47.4068,1696
2023,Stationary Fuel Combustion,8631.04425,1696
2023,Fugitives (Venting),1943.7236,1696
2023,Fugitives (Flaring),246.7561,1697
2023,Fugitives (Leakage),7.728,1697
2023,Stationary Fuel Combustion,13793.6112,1697
2023,Fugitives (Venting),114.2736,1697
2023,Fugitives (Leakage),125.6436,1249
2023,Stationary Fuel Combustion,44181.7219,1249
2023,Fugitives (Venting),1899.8294,1249
2023,Fugitives (Flaring),350.499,1102
2023,Fugitives (Leakage),166.5157,1102
2023,Stationary Fuel Combustion,35619.228,1102
2023,Fugitives (Venting),914.2445,1102
2023,Fugitives (Leakage),14.2305,1611
2023,Stationary Fuel Combustion,11641.7256,1611
2023,Fugitives (Venting),253.4531,1611
2023,Fugitives (Leakage),31.9385,1903
2023,Stationary Fuel Combustion,5841.7079,1903
2023,Fugitives (Venting),4244.8376,1903
2023,Fugitives (Flaring),80.4274,1098
2023,Fugitives (Leakage),38.9632,1098
2023,Stationary Fuel Combustion,16988.0192,1098
2023,Fugitives (Venting),265.6053,1098
2023,Fugitives (Flaring),436.968,1966
2023,Fugitives (Leakage),37.5694,1966
2023,Stationary Fuel Combustion,10257.4249,1966
2023,Fugitives (Venting),312.6677,1966
2023,Fugitives (Flaring),264.5669,1103
2023,Fugitives (Leakage),43.523,1103
2023,Stationary Fuel Combustion,35015.6669,1103
2023,Fugitives (Venting),55.5748,1103
2023,Fugitives (Leakage),321.7957,1097
2023,Stationary Fuel Combustion,16061.693,1097
2023,Fugitives (Venting),381.0047,1097
2023,Stationary Fuel Combustion,10751.69696,1195
2023,Fugitives (Leakage),129.7133,1904
2023,Stationary Fuel Combustion,11441.9616,1904
2023,Fugitives (Venting),132.2333,1904
2023,Fugitives (Leakage),24.092,1101
2023,Stationary Fuel Combustion,12208.6942,1101
2023,Fugitives (Venting),2456.4249,1101
2023,Fugitives (Leakage),43.4771,1099
2023,Stationary Fuel Combustion,11104.2608,1099
2023,Fugitives (Venting),9457.1371,1099
2023,Fugitives (Leakage),292.2074,1895
2023,Stationary Fuel Combustion,19301.6902,1895
2023,Fugitives (Venting),134.6662,1895
2023,Fugitives (Leakage),19.0584,1100
2023,Stationary Fuel Combustion,16947.52,1100
2023,Fugitives (Venting),47.9417,1100
2023,Fugitives (Flaring),276.3015,909
2023,Fugitives (Leakage),326.4844,909
2023,Stationary Fuel Combustion,11153.1224,909
2023,Fugitives (Venting),1773.2806,909
2023,Fugitives (Flaring),462.1555,1129
2023,Fugitives (Leakage),341.0685,1129
2023,Stationary Fuel Combustion,28077.9564,1129
2023,Fugitives (Venting),394.4548,1129
2023,CO2 from Biomass Combustion,0.0,532
2023,On-site Transportation,2391.9517,532
2023,Waste,168433.44,532
2023,CO2 from Biomass Combustion,0.0,264
2023,Fugitives (Leakage),10.2555,264
2023,Stationary Fuel Combustion,265.4664,264
2023,On-site Transportation,5.9776,264
2023,Waste,12776.1436,264
2023,On-site Transportation,1118.782,1263
2023,Waste,59007.228,1263
2023,Fugitives (Flaring),2633.215406,734
2023,Fugitives (Leakage),181.130096,734
2023,Stationary Fuel Combustion,50104.79814,734
2023,On-site Transportation,180.437849,734
2023,Wastewater,421.48064,734
2023,Stationary Fuel Combustion,19393.9282,747
2023,Wastewater,174.4421,747
2023,Stationary Fuel Combustion,27211.2663,795
2023,Wastewater,107.1503,795
2023,Stationary Fuel Combustion,14919.7892,707
2023,Waste,13009.36,920
2023,Stationary Fuel Combustion,10786.6261,720
2023,Wastewater,218.0446,720
2023,Fugitives (Flaring),1606.161,1108
2023,Fugitives (Leakage),5.4225,1108
2023,Stationary Fuel Combustion,10094.923,1108
2023,On-site Transportation,0.291982,1108
2023,Fugitives (Venting),436.6641,1108
2023,Stationary Fuel Combustion,17605.9905,723
2023,Wastewater,272.5439,723
2023,CO2 from Biomass Combustion,0.0,61
2023,Fugitives (Flaring),23669.0767,61
2023,Fugitives (Leakage),911.861,61
2023,Stationary Fuel Combustion,5671892.09,61
2023,On-site Transportation,12707.6192,61
2023,Fugitives (Venting),1237.6758,61
2023,Waste,6.4792,61
2023,Fugitives (Flaring),104.9653,1031
2023,Fugitives (Leakage),17.1961,1031
2023,Stationary Fuel Combustion,11352.5959,1031
2023,Fugitives (Venting),28.8862,1031
2023,Fugitives (Flaring),361.1944,1009
2023,Fugitives (Leakage),93.8271,1009
2023,Stationary Fuel Combustion,24207.0317,1009
2023,On-site Transportation,93.425,1009
2023,Fugitives (Venting),461.4132,1009
2023,Stationary Fuel Combustion,17367.6276,751
2023,Stationary Fuel Combustion,16833.2591,791
2023,Stationary Fuel Combustion,25696.3391,699
2023,Stationary Fuel Combustion,11984.4378,809
2023,Waste,15.9209,809
2023,Stationary Fuel Combustion,20011.8888,789
2023,Waste,37.3692,789
2023,Wastewater,98.1283,789
2023,Stationary Fuel Combustion,22485.2821,996
2023,Wastewater,204.9718,996
2023,Waste,42679.84,579
2023,Stationary Fuel Combustion,16863.1027,1196
2023,On-site Transportation,162.9676,1196
2023,Fugitives (Flaring),32156.12,280
2023,Fugitives (Leakage),133.27788,280
2023,Stationary Fuel Combustion,61118.5833,280
2023,Fugitives (Venting),0.112,280
2023,Fugitives (Flaring),6998.3015,1440
2023,Fugitives (Leakage),210.77362,1440
2023,Stationary Fuel Combustion,78243.06662,1440
2023,Fugitives (Flaring),3592.85754,1246
2023,Fugitives (Leakage),82.24104,1246
2023,Stationary Fuel Combustion,38542.93829,1246
2023,Fugitives (Venting),4393.81062,1246
2023,Fugitives (Flaring),227.45272,1335
2023,Fugitives (Leakage),569.24538,1335
2023,Stationary Fuel Combustion,27310.64959,1335
2023,Fugitives (Venting),3157.28727,1335
2023,Fugitives (Flaring),5927.30402,976
2023,Fugitives (Leakage),2.67742,976
2023,Stationary Fuel Combustion,18277.01297,976
2023,Fugitives (Venting),5.0532,976
2023,Fugitives (Flaring),6577.31318,767
2023,Fugitives (Leakage),24.19156,767
2023,Stationary Fuel Combustion,14597.77732,767
2023,Fugitives (Venting),2349.07028,767
2023,Fugitives (Flaring),18123.06514,1547
2023,Fugitives (Leakage),102.79588,1547
2023,Stationary Fuel Combustion,508.94792,1547
2023,Waste,29258.6,919
2023,Stationary Fuel Combustion,131012.287,342
2023,Fugitives (Flaring),1099.38713,955
2023,Fugitives (Leakage),310.64024,955
2023,Stationary Fuel Combustion,28346.91964,955
2023,Fugitives (Venting),251.33578,955
2023,Stationary Fuel Combustion,80358.187,343
2023,Fugitives (Leakage),100.9534,1337
2023,Stationary Fuel Combustion,16484.40272,1337
2023,Fugitives (Flaring),69.1524,852
2023,Fugitives (Leakage),21.4268,852
2023,Stationary Fuel Combustion,15688.18569,852
2023,Fugitives (Venting),278.58076,852
2023,Fugitives (Flaring),587.16799,827
2023,Fugitives (Leakage),29.15485,827
2023,Stationary Fuel Combustion,12222.68576,827
2023,Fugitives (Venting),280.61341,827
2023,Fugitives (Flaring),11020.24651,1917
2023,Fugitives (Leakage),102.79588,1917
2023,Stationary Fuel Combustion,463.26363,1917
2023,Fugitives (Venting),119.05608,1917
2023,Stationary Fuel Combustion,13110.48531,633
2023,On-site Transportation,259.107928,633
2023,Fugitives (Flaring),11003.5768,1549
2023,Fugitives (Leakage),102.79588,1549
2023,Fugitives (Venting),117.35471,1549
2023,Fugitives (Flaring),2746.40875,1944
2023,Fugitives (Leakage),23.28311,1944
2023,Stationary Fuel Combustion,8451.01963,1944
2023,Fugitives (Flaring),71.48976,1988
2023,Stationary Fuel Combustion,2098.33864,1988
2023,Fugitives (Venting),8994.78121,1988
2022,Stationary Fuel Combustion,10800.35,633
2022,On-site Transportation,268.936,633
2023,Fugitives (Flaring),10413.14494,1698
2023,Fugitives (Leakage),102.79588,1698
2023,Stationary Fuel Combustion,61.84807,1698
2023,Fugitives (Venting),14.94717,1698
2023,Fugitives (Flaring),68.16192,1338
2023,Fugitives (Leakage),1.5582,1338
2023,Stationary Fuel Combustion,20131.65276,1338
2023,CO2 from Biomass Combustion,0.0,448
2023,Stationary Fuel Combustion,10867.98,448
2023,Waste,48744.36,448
2023,Fugitives (Flaring),13089.85367,1954
2023,Fugitives (Leakage),102.79588,1954
2023,Stationary Fuel Combustion,1628.52233,1954
2023,Stationary Fuel Combustion,10593.57,1975
2023,Fugitives (Venting),116.76,1975
2023,Fugitives (Flaring),115.45,1699
2023,Fugitives (Leakage),98.62,1699
2023,Stationary Fuel Combustion,11429.46,1699
2023,Fugitives (Venting),184.8,1699
2023,Fugitives (Flaring),685.14,1958
2023,Fugitives (Leakage),33.9,1958
2023,Stationary Fuel Combustion,11390.07,1958
2023,Fugitives (Venting),1264.48,1958
2023,Fugitives (Flaring),932.12,1458
2023,Fugitives (Leakage),161.38,1458
2023,Stationary Fuel Combustion,29290.82,1458
2023,Fugitives (Venting),353.92,1458
2023,Fugitives (Flaring),296.35,1942
2023,Fugitives (Leakage),3.64,1942
2023,Stationary Fuel Combustion,10169.09,1942
2023,Fugitives (Venting),14.0,1942
2023,Fugitives (Flaring),231.6,1106
2023,Stationary Fuel Combustion,25236.83,1106
2023,Fugitives (Venting),2204.44,1106
2023,Fugitives (Flaring),3779.86,1449
2023,Fugitives (Leakage),180.71,1449
2023,Stationary Fuel Combustion,46324.23,1449
2023,Fugitives (Venting),1742.44,1449
2023,Fugitives (Flaring),5289.8565,75
2023,Fugitives (Leakage),85.2203,75
2023,Stationary Fuel Combustion,57302.513,75
2023,Fugitives (Venting),499.172,75
2023,Fugitives (Flaring),106.79003,1700
2023,Fugitives (Leakage),34.61245,1700
2023,Stationary Fuel Combustion,714.1231,1700
2023,Fugitives (Venting),9156.13852,1700
2023,Stationary Fuel Combustion,7.02544,918
2023,Waste,26221.16,918
2023,CO2 from Biomass Combustion,0.0,158
2023,Stationary Fuel Combustion,267394.6423,158
2023,On-site Transportation,2775.3334,158
2023,Stationary Fuel Combustion,19007.1774,738
2023,Stationary Fuel Combustion,11596.525,740
2023,Industrial Process,3.81966,740
2023,Fugitives (Flaring),3601.3347,1299
2023,Fugitives (Leakage),226.4793,1299
2023,Stationary Fuel Combustion,207439.3482,1299
2023,On-site Transportation,190.6034,1299
2023,Fugitives (Venting),1763.5775,1299
2023,Fugitives (Leakage),639.8681,1498
2023,Stationary Fuel Combustion,8276.161,1498
2023,Fugitives (Venting),8508.6631,1498
2023,Fugitives (Flaring),275.6938,1104
2023,Fugitives (Leakage),377.5821,1104
2023,Stationary Fuel Combustion,30501.6554,1104
2023,Fugitives (Venting),73.8507,1104
2023,Stationary Fuel Combustion,23903.8461,910
2023,On-site Transportation,44.616685,910
2023,Wastewater,0.001217,910
2023,CO2 from Biomass Combustion,0.0,742
2023,On-site Transportation,369.6,742
2023,Waste,51489.05,742
2023,Stationary Fuel Combustion,9317.857,1567
2023,On-site Transportation,43.139571,1567
2023,Fugitives (Flaring),347.5784,332
2023,Fugitives (Leakage),1681.4987,332
2023,Stationary Fuel Combustion,27253.3104,332
2023,Fugitives (Venting),0.0252,332
2023,CO2 from Biomass Combustion,0.0,941
2023,Stationary Fuel Combustion,6438.1705,941
2023,On-site Transportation,395.9829,941
2023,Waste,26012.0,941
2023,Wastewater,788.27,941
2023,Stationary Fuel Combustion,16945.11,1160
2023,Waste,15450.96,899
2023,Waste,47821.48,1662
2023,Waste,33564.44,1369
2023,CO2 from Biomass Combustion,0.0,260
2023,Fugitives (Flaring),591.610055,260
2023,Stationary Fuel Combustion,278.257,260
2023,On-site Transportation,771.7925,260
2023,Waste,75099.108,260
2023,CO2 from Biomass Combustion,0.0,219
2023,Fugitives (Flaring),186577.7932,219
2023,Fugitives (Leakage),433963.3432,219
2023,Stationary Fuel Combustion,5465678.449,219
2023,Industrial Process,689617.832,219
2023,On-site Transportation,868362.9534,219
2023,Fugitives (Venting),4450.746156,219
2023,Wastewater,1460.383205,219
2023,Stationary Fuel Combustion,9855.726442,1626
2023,On-site Transportation,481.640295,1626
2023,Fugitives (Leakage),30.614696,146
2023,Stationary Fuel Combustion,901482.2753,146
2023,On-site Transportation,1.745722,146
2023,Fugitives (Flaring),67305.30484,116
2023,Fugitives (Leakage),241.4986,116
2023,Stationary Fuel Combustion,645555.5747,116
2023,Industrial Process,325778.1509,116
2023,On-site Transportation,1732.2779,116
2023,Fugitives (Venting),16635.66688,116
2023,Wastewater,23238.05068,116
2023,Fugitives (Flaring),350.01004,353
2023,Fugitives (Leakage),137.28228,353
2023,Stationary Fuel Combustion,97390.01167,353
2023,On-site Transportation,246.5147,353
2023,Fugitives (Leakage),58.68828,303
2023,Stationary Fuel Combustion,78852.70288,303
2023,On-site Transportation,66.49183,303
2023,Fugitives (Leakage),0.9618,290
2023,Stationary Fuel Combustion,35171.82796,290
2023,On-site Transportation,49.52349,290
2023,Fugitives (Flaring),78139.2987,266
2023,Fugitives (Leakage),0.5834,266
2023,Stationary Fuel Combustion,194630.861,266
2023,Fugitives (Flaring),351.7373,962
2023,Fugitives (Leakage),24.1702,962
2023,Stationary Fuel Combustion,49290.1352,962
2023,Fugitives (Venting),144.3538,962
2023,Fugitives (Flaring),415.4965,561
2023,Fugitives (Leakage),320.2372,561
2023,Stationary Fuel Combustion,85200.0156,561
2023,Fugitives (Venting),4002.4844,561
2023,Fugitives (Flaring),2281.195,1087
2023,Fugitives (Leakage),837.4109,1087
2023,Stationary Fuel Combustion,27190.7332,1087
2023,Fugitives (Venting),469.1519,1087
2023,Fugitives (Flaring),808.0896,990
2023,Fugitives (Leakage),75.9528,990
2023,Stationary Fuel Combustion,88019.8782,990
2023,Fugitives (Venting),109.7236,990
2023,Fugitives (Flaring),470.9644,560
2023,Fugitives (Leakage),774.942,560
2023,Stationary Fuel Combustion,71147.7892,560
2023,Fugitives (Venting),1588.2831,560
2023,Fugitives (Flaring),251.1632,1494
2023,Fugitives (Leakage),633.3677,1494
2023,Stationary Fuel Combustion,19060.6355,1494
2023,Fugitives (Venting),201.9171,1494
2023,Fugitives (Flaring),437.52864,1441
2023,Fugitives (Leakage),13.07121,1441
2023,Stationary Fuel Combustion,6687.68636,1441
2023,Fugitives (Venting),40394.74689,1441
2023,Fugitives (Flaring),81.3798,911
2023,Fugitives (Leakage),775.3016,911
2023,Stationary Fuel Combustion,20429.5885,911
2023,Fugitives (Venting),68.2491,911
2023,Fugitives (Flaring),259.9721,1006
2023,Fugitives (Leakage),280.8191,1006
2023,Stationary Fuel Combustion,40135.2116,1006
2023,Fugitives (Venting),2022.4421,1006
2023,Fugitives (Flaring),273.2015,1033
2023,Fugitives (Leakage),209.59,1033
2023,Stationary Fuel Combustion,53060.5709,1033
2023,Fugitives (Venting),974.6821,1033
2023,Fugitives (Flaring),272.1691,1032
2023,Fugitives (Leakage),121.2097,1032
2023,Stationary Fuel Combustion,26485.2946,1032
2023,Fugitives (Venting),750.4781,1032
2023,Fugitives (Flaring),343.9608,557
2023,Fugitives (Leakage),655.2315,557
2023,Stationary Fuel Combustion,68493.6514,557
2023,Fugitives (Venting),2741.367,557
2023,Fugitives (Flaring),166.1421,671
2023,Fugitives (Leakage),1696.4779,671
2023,Stationary Fuel Combustion,41737.1629,671
2023,Fugitives (Venting),238.9866,671
2023,Fugitives (Flaring),153.4568,1005
2023,Fugitives (Leakage),19.9813,1005
2023,Stationary Fuel Combustion,29343.1353,1005
2023,Fugitives (Venting),704.7762,1005
2023,Fugitives (Flaring),145.6803,943
2023,Fugitives (Leakage),84.5815,943
2023,Stationary Fuel Combustion,22079.5476,943
2023,Fugitives (Venting),373.6256,943
2023,Fugitives (Flaring),1579.0353,1010
2023,Fugitives (Leakage),9.2151,1010
2023,Stationary Fuel Combustion,18891.1919,1010
2023,Fugitives (Flaring),495.8439,575
2023,Fugitives (Leakage),36.9544,575
2023,Stationary Fuel Combustion,40963.3119,575
2023,Fugitives (Venting),598.6617,575
2023,Fugitives (Flaring),564.7972,1434
2023,Fugitives (Leakage),3.2452,1434
2023,Stationary Fuel Combustion,11902.3117,1434
2023,Fugitives (Flaring),3420.9132,559
2023,Fugitives (Leakage),28.9408,559
2023,Stationary Fuel Combustion,37779.2448,559
2023,Fugitives (Flaring),4236.3323,1451
2023,Fugitives (Leakage),2061.4114,1451
2023,Stationary Fuel Combustion,39439.7527,1451
2023,Fugitives (Venting),732.3386,1451
2023,Fugitives (Flaring),48.9826,702
2023,Fugitives (Leakage),8.1367,702
2023,Stationary Fuel Combustion,13692.8391,702
2023,Fugitives (Venting),820.7755,702
2023,Fugitives (Flaring),80.3446,1391
2023,Fugitives (Leakage),90.8571,1391
2023,Stationary Fuel Combustion,29200.6242,1391
2023,Fugitives (Venting),2.4728,1391
2023,Fugitives (Flaring),6431.7563,1487
2023,Fugitives (Leakage),223.6866,1487
2023,Stationary Fuel Combustion,34666.5695,1487
2023,Fugitives (Venting),446.4929,1487
2023,Fugitives (Flaring),337.4783,1333
2023,Fugitives (Leakage),31.958,1333
2023,Stationary Fuel Combustion,39310.7423,1333
2023,Fugitives (Venting),684.8942,1333
2023,Fugitives (Flaring),1962.655,1455
2023,Fugitives (Leakage),50.8523,1455
2023,Stationary Fuel Combustion,44723.9725,1455
2023,Fugitives (Venting),443.2643,1455
2023,Fugitives (Flaring),350.4461,912
2023,Fugitives (Leakage),4682.6403,912
2023,Stationary Fuel Combustion,64075.7009,912
2023,Fugitives (Venting),867.5887,912
2023,Fugitives (Flaring),55.4679,992
2023,Fugitives (Leakage),113.8148,992
2023,Stationary Fuel Combustion,20809.9272,992
2023,Fugitives (Venting),124.2582,992
2023,Fugitives (Flaring),14.2618,1397
2023,Fugitives (Leakage),402.5019,1397
2023,Stationary Fuel Combustion,13295.3614,1397
2023,Fugitives (Venting),99.0532,1397
2023,Fugitives (Flaring),10592.39209,1358
2023,Fugitives (Leakage),1344.114535,1358
2023,Stationary Fuel Combustion,281265.8323,1358
2023,Fugitives (Flaring),9428.286054,1382
2023,Fugitives (Leakage),425.713436,1382
2023,Stationary Fuel Combustion,159235.4526,1382
2023,Fugitives (Venting),1259.707639,1382
2023,Fugitives (Flaring),8598.944977,1014
2023,Fugitives (Leakage),418.503468,1014
2023,Stationary Fuel Combustion,89209.42232,1014
2023,Fugitives (Venting),138.0938,1014
2023,Fugitives (Flaring),4456.001975,1066
2023,Fugitives (Leakage),3340.058176,1066
2023,Stationary Fuel Combustion,85283.17802,1066
2023,Fugitives (Venting),2618.713973,1066
2023,Fugitives (Flaring),4928.215759,971
2023,Fugitives (Leakage),214.159788,971
2023,Stationary Fuel Combustion,60972.30464,971
2023,Fugitives (Flaring),2929.150317,558
2023,Fugitives (Leakage),2956.896784,558
2023,Stationary Fuel Combustion,59918.01574,558
2023,Fugitives (Flaring),2654.531817,533
2023,Fugitives (Leakage),3490.653384,533
2023,Stationary Fuel Combustion,46170.46694,533
2023,Fugitives (Flaring),5662.571693,1464
2023,Fugitives (Leakage),387.930151,1464
2023,Stationary Fuel Combustion,40820.24778,1464
2023,Fugitives (Flaring),15.689585,676
2023,Fugitives (Leakage),1297.706018,676
2023,Stationary Fuel Combustion,34974.00817,676
2023,Fugitives (Flaring),194.246886,938
2023,Fugitives (Leakage),231.254135,938
2023,Stationary Fuel Combustion,24314.65686,938
2023,Fugitives (Flaring),577.655432,725
2023,Fugitives (Leakage),659.685645,725
2023,Stationary Fuel Combustion,15435.33513,725
2023,Fugitives (Flaring),1013.010528,1018
2023,Fugitives (Leakage),298.276177,1018
2023,Stationary Fuel Combustion,10511.31771,1018
2023,Fugitives (Flaring),1929.381621,664
2023,Fugitives (Leakage),107.872819,664
2023,Stationary Fuel Combustion,8955.921331,664
2023,Fugitives (Venting),256.605029,664
2023,Fugitives (Flaring),1170.776023,1315
2023,Fugitives (Leakage),76.735695,1315
2023,Stationary Fuel Combustion,8834.003286,1315
2023,Fugitives (Venting),126.09144,1315
2023,Stationary Fuel Combustion,35365.174,1523
2023,On-site Transportation,607.103,1523
2023,Fugitives (Flaring),847.46013,879
2023,Fugitives (Leakage),111.96965,879
2023,Stationary Fuel Combustion,13958.49118,879
2023,Fugitives (Venting),6868.04868,879
2023,Fugitives (Flaring),40.08044,804
2023,Stationary Fuel Combustion,2653.02058,804
2023,Fugitives (Venting),19961.96437,804
2023,Fugitives (Flaring),492.86721,880
2023,Fugitives (Leakage),24.24341,880
2023,Stationary Fuel Combustion,13848.19134,880
2023,Fugitives (Venting),985.38177,880
2023,Stationary Fuel Combustion,60374.1429,522
2023,Industrial Process,33.63355,522
2023,On-site Transportation,269.52486,522
2023,Wastewater,661.4806,522
2023,Stationary Fuel Combustion,16375.1459,855
2023,Wastewater,243.4597,855
2023,Stationary Fuel Combustion,8957.0517,1021
2023,On-site Transportation,66.2085,1021
2023,Wastewater,116.248,1021
2023,CO2 from Biomass Combustion,0.0,746
2023,Stationary Fuel Combustion,16863.5108,746
2023,Industrial Process,1015.28495,746
2023,On-site Transportation,615.99704,746
2023,Wastewater,366.8312,746
2023,Fugitives (Flaring),908.07318,883
2023,Fugitives (Leakage),145.33327,883
2023,Stationary Fuel Combustion,15514.32918,883
2023,Fugitives (Venting),3660.55902,883
2023,Fugitives (Flaring),533.61619,496
2023,Fugitives (Leakage),18.73716,496
2023,Stationary Fuel Combustion,35632.01496,496
2023,Fugitives (Venting),24450.57151,496
2023,Fugitives (Leakage),160.97003,41
2023,Stationary Fuel Combustion,28140.02366,41
2023,Fugitives (Venting),1786.21055,41
2023,Fugitives (Flaring),271.31317,820
2023,Fugitives (Leakage),81.22593,820
2023,Stationary Fuel Combustion,13572.42082,820
2023,Fugitives (Venting),1494.83505,820
2023,Fugitives (Flaring),598.62514,885
2023,Stationary Fuel Combustion,19892.11901,885
2023,Fugitives (Venting),4486.84862,885
2023,Fugitives (Flaring),25.34164,1928
2023,Fugitives (Leakage),101.31101,1928
2023,Stationary Fuel Combustion,10978.34684,1928
2023,Fugitives (Venting),220.70406,1928
2023,Fugitives (Flaring),661.74088,1401
2023,Fugitives (Leakage),1260.45565,1401
2023,Stationary Fuel Combustion,61264.47962,1401
2023,Fugitives (Venting),462.63786,1401
2023,Fugitives (Leakage),163.37672,1076
2023,Stationary Fuel Combustion,12028.74703,1076
2023,Fugitives (Venting),1388.79873,1076
2023,Fugitives (Leakage),0.98089,1619
2023,Stationary Fuel Combustion,13585.05907,1619
2023,Fugitives (Venting),412.35242,1619
2023,Fugitives (Flaring),72889.90208,84
2023,Fugitives (Leakage),1506.74863,84
2023,Stationary Fuel Combustion,106480.9946,84
2023,Fugitives (Venting),2541.35022,84
2023,Fugitives (Leakage),29.64011,1489
2023,Stationary Fuel Combustion,14435.89159,1489
2023,Fugitives (Venting),192.81392,1489
2023,Fugitives (Flaring),1017.01803,1976
2023,Fugitives (Leakage),33.83315,1976
2023,Stationary Fuel Combustion,7909.61743,1976
2023,Fugitives (Venting),1581.66753,1976
2023,Fugitives (Flaring),676.60565,576
2023,Fugitives (Leakage),2225.53772,576
2023,Stationary Fuel Combustion,1332374.085,576
2023,Fugitives (Venting),200.18686,576
2023,CO2 from Biomass Combustion,0.0,782
2023,Stationary Fuel Combustion,24085.41,782
2023,On-site Transportation,26.32,782
2023,Stationary Fuel Combustion,15079.757,1701
2023,Stationary Fuel Combustion,20071.18,1180
2023,Fugitives (Flaring),1804.5454,1090
2023,Fugitives (Leakage),55.958,1090
2023,Stationary Fuel Combustion,7934.3,1090
2023,Fugitives (Venting),224.1942,1090
2023,Fugitives (Flaring),6752.3876,1418
2023,Fugitives (Leakage),133.1876,1418
2023,Stationary Fuel Combustion,15414.1,1418
2023,Fugitives (Venting),1087.9818,1418
2023,Fugitives (Flaring),8219.6802,1091
2023,Stationary Fuel Combustion,17108.1958,1091
2023,Fugitives (Venting),693.1089,1091
2023,Stationary Fuel Combustion,17442.86359,625
2023,On-site Transportation,61166.45214,625
2023,Waste,117.71143,625
2023,Wastewater,0.11998,625
2023,Stationary Fuel Combustion,23746.85678,589
2023,On-site Transportation,66307.55487,589
2023,Waste,54.29224,589
2023,Wastewater,0.315045,589
2023,CO2 from Biomass Combustion,0.0,610
2023,Stationary Fuel Combustion,9516.069,610
2023,On-site Transportation,17816.738,610
2023,Wastewater,2.81695,610
2023,Waste,105118.4842,274
2023,Waste,12895.31561,284
2023,CO2 from Biomass Combustion,0.0,275
2023,Stationary Fuel Combustion,19.59864,275
2023,On-site Transportation,1015.650506,275
2023,Waste,335789.533,275
2023,On-site Transportation,90.5624,1702
2023,Waste,10137.23074,1702
2023,Fugitives (Flaring),1048.3303,654
2023,Fugitives (Leakage),882.83789,654
2023,Stationary Fuel Combustion,14234.1018,654
2023,Fugitives (Venting),404.24546,654
2023,Fugitives (Flaring),773.76691,1309
2023,Fugitives (Leakage),944.93268,1309
2023,Stationary Fuel Combustion,9447.70454,1309
2023,Fugitives (Venting),3966.71394,1309
2023,Fugitives (Flaring),3612.25355,1044
2023,Fugitives (Leakage),721.47246,1044
2023,Stationary Fuel Combustion,86767.07053,1044
2023,Fugitives (Venting),105.6235,1044
2023,Fugitives (Flaring),476.98833,1466
2023,Fugitives (Leakage),475.08978,1466
2023,Stationary Fuel Combustion,27174.25116,1466
2023,Fugitives (Venting),112.03829,1466
2023,Fugitives (Flaring),207.834,1947
2023,Stationary Fuel Combustion,12852.69252,1947
2023,Fugitives (Flaring),5476.3452,538
2023,Fugitives (Leakage),2450.27429,538
2023,Stationary Fuel Combustion,21506.77495,538
2023,Fugitives (Venting),1278.11944,538
2023,Fugitives (Flaring),663.65982,690
2023,Fugitives (Leakage),142.46541,690
2023,Stationary Fuel Combustion,11047.58993,690
2023,Fugitives (Venting),366.26352,690
2023,Fugitives (Flaring),246.70287,1888
2023,Stationary Fuel Combustion,14335.28223,1888
2023,Fugitives (Flaring),1094.94988,947
2023,Fugitives (Leakage),401.89922,947
2023,Stationary Fuel Combustion,41628.90903,947
2023,Fugitives (Venting),447.82727,947
2023,Fugitives (Flaring),349.63666,1318
2023,Fugitives (Leakage),284.76202,1318
2023,Stationary Fuel Combustion,11367.62,1318
2023,Fugitives (Venting),2626.71261,1318
2023,Fugitives (Flaring),3893.39,1362
2023,Fugitives (Leakage),51.5112,1362
2023,Stationary Fuel Combustion,47902.05,1362
2023,Fugitives (Venting),343.3656,1362
2023,Fugitives (Flaring),3013.65715,1073
2023,Fugitives (Leakage),400.91985,1073
2023,Stationary Fuel Combustion,71354.76863,1073
2023,Fugitives (Venting),406.40226,1073
2023,Fugitives (Flaring),4091.81902,713
2023,Fugitives (Leakage),543.88996,713
2023,Stationary Fuel Combustion,25132.23819,713
2023,Fugitives (Venting),4553.09605,713
2023,Fugitives (Flaring),1972.94356,586
2023,Fugitives (Leakage),152.43949,586
2023,Stationary Fuel Combustion,51536.97456,586
2023,Fugitives (Venting),1305.26427,586
2023,Fugitives (Flaring),3907.95463,987
2023,Fugitives (Leakage),375.04672,987
2023,Stationary Fuel Combustion,39310.44853,987
2023,Fugitives (Venting),89.66773,987
2023,Fugitives (Flaring),4700.07826,1074
2023,Fugitives (Leakage),856.81231,1074
2023,Stationary Fuel Combustion,68268.23227,1074
2023,Fugitives (Venting),66.81001,1074
2023,Fugitives (Flaring),13143.86068,587
2023,Fugitives (Leakage),1455.94469,587
2023,Stationary Fuel Combustion,92650.84439,587
2023,Fugitives (Venting),1624.45169,587
2023,Fugitives (Flaring),6986.95355,1588
2023,Fugitives (Leakage),289.24662,1588
2023,Stationary Fuel Combustion,40850.98132,1588
2023,Fugitives (Venting),28.40185,1588
2023,Fugitives (Flaring),1009.26737,1589
2023,Fugitives (Leakage),372.20346,1589
2023,Stationary Fuel Combustion,13006.98618,1589
2023,Fugitives (Venting),32.16827,1589
2023,Fugitives (Flaring),883.63373,1971
2023,Fugitives (Leakage),57.40153,1971
2023,Stationary Fuel Combustion,9704.50498,1971
2023,Fugitives (Venting),1225.59956,1971
2023,Fugitives (Flaring),5493.35148,1416
2023,Fugitives (Leakage),423.70731,1416
2023,Stationary Fuel Combustion,89808.98989,1416
2023,Fugitives (Venting),185.61766,1416
2023,Fugitives (Flaring),2637.19303,1026
2023,Fugitives (Leakage),1177.38371,1026
2023,Stationary Fuel Combustion,75296.87076,1026
2023,Fugitives (Venting),183.7453,1026
2023,Fugitives (Flaring),4247.31334,1307
2023,Fugitives (Leakage),872.2634,1307
2023,Stationary Fuel Combustion,72933.7324,1307
2023,Fugitives (Venting),434.8606,1307
2023,Fugitives (Flaring),4905.47645,1025
2023,Fugitives (Leakage),583.5684,1025
2023,Stationary Fuel Combustion,46186.82059,1025
2023,Fugitives (Venting),472.30648,1025
2023,Fugitives (Flaring),5427.20849,1306
2023,Fugitives (Leakage),457.4646,1306
2023,Stationary Fuel Combustion,37139.72,1306
2023,Fugitives (Venting),470.6528,1306
2023,Fugitives (Flaring),844.96249,982
2023,Fugitives (Leakage),442.65564,982
2023,Stationary Fuel Combustion,36977.06001,982
2023,Fugitives (Venting),1710.76977,982
2023,Fugitives (Flaring),3967.69093,984
2023,Fugitives (Leakage),269.24874,984
2023,Stationary Fuel Combustion,34480.13204,984
2023,Fugitives (Venting),329.02497,984
2023,Fugitives (Flaring),2398.45784,1027
2023,Fugitives (Leakage),727.03244,1027
2023,Stationary Fuel Combustion,34643.72634,1027
2023,Fugitives (Venting),150.89473,1027
2023,Fugitives (Flaring),2127.05759,1375
2023,Fugitives (Leakage),204.54927,1375
2023,Stationary Fuel Combustion,34849.99,1375
2023,Fugitives (Venting),232.19664,1375
2023,Fugitives (Flaring),898.09493,983
2023,Fugitives (Leakage),376.73221,983
2023,Stationary Fuel Combustion,34528.47665,983
2023,Fugitives (Venting),1997.66519,983
2023,Fugitives (Flaring),1327.92227,981
2023,Fugitives (Leakage),296.28766,981
2023,Stationary Fuel Combustion,21921.62832,981
2023,Fugitives (Venting),970.04014,981
2023,Fugitives (Flaring),2827.96439,1024
2023,Fugitives (Leakage),83.60472,1024
2023,Stationary Fuel Combustion,20468.9682,1024
2023,Fugitives (Venting),545.9732,1024
2023,Fugitives (Flaring),256.86695,1395
2023,Fugitives (Leakage),15.9824,1395
2023,Stationary Fuel Combustion,14332.4676,1395
2023,Fugitives (Venting),2172.2624,1395
2023,Fugitives (Flaring),296.263912,1292
2023,Fugitives (Leakage),20.1068,1292
2023,Stationary Fuel Combustion,10636.33795,1292
2023,Fugitives (Venting),1177.61,1292
2023,Fugitives (Flaring),5427.326456,1360
2023,Fugitives (Leakage),38.92871,1360
2023,Stationary Fuel Combustion,103102.1386,1360
2023,On-site Transportation,72.633228,1360
2023,Fugitives (Venting),960.8019,1360
2023,Fugitives (Flaring),187.66015,948
2023,Fugitives (Leakage),123.4548,948
2023,Stationary Fuel Combustion,21363.7713,948
2023,Fugitives (Venting),761.572,948
2023,Fugitives (Flaring),240.5349,1488
2023,Fugitives (Leakage),13.9888,1488
2023,Stationary Fuel Combustion,23652.63245,1488
2023,Fugitives (Venting),251.3616,1488
2023,Fugitives (Flaring),310.375005,1929
2023,Fugitives (Leakage),2993.16445,1929
2023,Stationary Fuel Combustion,43524.06951,1929
2023,Fugitives (Venting),224.17595,1929
2023,Fugitives (Flaring),52.87475,1000
2023,Fugitives (Leakage),140.1372,1000
2023,Stationary Fuel Combustion,13069.01025,1000
2023,Fugitives (Venting),1523.7908,1000
2023,Fugitives (Flaring),585.7897,922
2023,Stationary Fuel Combustion,44004.99965,922
2023,Fugitives (Venting),481.7904,922
2023,Fugitives (Flaring),12332.90175,126
2023,Fugitives (Leakage),291.2483,126
2023,Stationary Fuel Combustion,128253.7972,126
2023,On-site Transportation,10.472817,126
2023,Fugitives (Venting),2848.4052,126
2023,Stationary Fuel Combustion,12669.6458,666
2023,On-site Transportation,2188.9559,666
2023,Waste,676.4912,666
2023,CO2 from Biomass Combustion,0.0,853
2023,Stationary Fuel Combustion,7112.8745,853
2023,On-site Transportation,2097.9587,853
2023,Waste,2073.0164,853
2023,Fugitives (Flaring),102449.0865,127
2023,Fugitives (Leakage),137.27,127
2023,Stationary Fuel Combustion,228977.0352,127
2023,On-site Transportation,36.097093,127
2023,Fugitives (Venting),108.8556,127
2023,Fugitives (Flaring),5072.204901,1303
2023,Fugitives (Leakage),336.722438,1303
2023,Stationary Fuel Combustion,84900.98543,1303
2023,Fugitives (Venting),1685.259374,1303
2023,Fugitives (Flaring),451.144516,985
2023,Fugitives (Leakage),67.641749,985
2023,Stationary Fuel Combustion,10848.97296,985
2023,Fugitives (Venting),67.283797,985
2023,Fugitives (Flaring),2742.00756,1964
2023,Fugitives (Leakage),461.577333,1964
2023,Stationary Fuel Combustion,23615.96906,1964
2023,Fugitives (Venting),620.67735,1964
2023,Fugitives (Flaring),1253.421807,1930
2023,Fugitives (Leakage),2150.168694,1930
2023,Stationary Fuel Combustion,14652.3564,1930
2023,Fugitives (Venting),236.382309,1930
2023,Fugitives (Flaring),5972.636955,1939
2023,Fugitives (Leakage),936.360608,1939
2023,Stationary Fuel Combustion,37576.17029,1939
2023,Fugitives (Venting),458.521663,1939
2023,Stationary Fuel Combustion,934.8328,437
2023,On-site Transportation,48533.8534,437
2023,Fugitives (Flaring),82772.3307,430
2023,Fugitives (Leakage),596.632594,430
2023,Stationary Fuel Combustion,52645.12,430
2023,Fugitives (Venting),1401.9975,430
2023,Fugitives (Flaring),977.6341,1283
2023,Fugitives (Leakage),292.861,1283
2023,Stationary Fuel Combustion,17739.217,1283
2023,Fugitives (Venting),652.1491,1283
2023,Fugitives (Flaring),9832.5377,338
2023,Fugitives (Leakage),309.590805,338
2023,Stationary Fuel Combustion,212700.2233,338
2023,Fugitives (Venting),3998.4641,338
2023,Fugitives (Flaring),9429.9615,552
2023,Fugitives (Leakage),161.993653,552
2023,Stationary Fuel Combustion,114088.0465,552
2023,Fugitives (Venting),387.316216,552
2023,Fugitives (Flaring),6047.663,988
2023,Fugitives (Leakage),217.104,988
2023,Stationary Fuel Combustion,31899.5546,988
2023,Fugitives (Venting),3002.6957,988
2023,Fugitives (Flaring),6109.64569,502
2023,Fugitives (Leakage),686.177957,502
2023,Stationary Fuel Combustion,53550.15839,502
2023,Fugitives (Venting),3546.304962,502
2023,Fugitives (Flaring),23380.2925,550
2023,Fugitives (Leakage),663.705998,550
2023,Stationary Fuel Combustion,201242.8812,550
2023,On-site Transportation,91.9944,550
2023,Fugitives (Venting),839.6423,550
2023,Fugitives (Flaring),13090.16406,1454
2023,Fugitives (Leakage),540.3926,1454
2023,Stationary Fuel Combustion,16754.35703,1454
2023,Fugitives (Venting),633.071815,1454
2023,Fugitives (Flaring),12118.14297,1282
2023,Fugitives (Leakage),368.321319,1282
2023,Stationary Fuel Combustion,28696.55983,1282
2023,Fugitives (Venting),1760.651514,1282
2023,Fugitives (Leakage),67.9603,878
2023,Stationary Fuel Combustion,8670.6899,878
2023,Fugitives (Venting),1608.8571,878
2023,Stationary Fuel Combustion,6811.547,721
2023,Industrial Process,981.96,721
2023,On-site Transportation,2753.407,1703
2023,Stationary Fuel Combustion,43718.5711,915
2023,On-site Transportation,485.3981,915
2023,Stationary Fuel Combustion,41305.5956,749
2023,CO2 from Biomass Combustion,0.0,124
2023,Stationary Fuel Combustion,82055.12953,124
2023,On-site Transportation,2457.246,124
2023,Fugitives (Flaring),131.6,1683
2023,Stationary Fuel Combustion,1.4218,1683
2023,On-site Transportation,176.44,1683
2023,Waste,22042.44,1683
2023,Stationary Fuel Combustion,17876.79012,655
2023,On-site Transportation,0.970466,655
2023,Stationary Fuel Combustion,3540.152237,1943
2023,Stationary Fuel Combustion,113301.522,93
2023,On-site Transportation,4.973962,93
2023,CO2 from Biomass Combustion,0.0,1238
2023,On-site Transportation,100.9872,1238
2023,Waste,29906.1183,1238
2023,CO2 from Biomass Combustion,0.0,350
2023,On-site Transportation,20.579036,350
2023,Waste,127223.3849,350
2023,Fugitives (Flaring),5113.19,1047
2023,Fugitives (Leakage),353.48,1047
2023,Stationary Fuel Combustion,9108.62,1047
2023,Stationary Fuel Combustion,11519.68,706
2023,Fugitives (Flaring),8529.6,1913
2023,Fugitives (Leakage),74.14,1913
2023,Stationary Fuel Combustion,1262.64,1913
2023,Fugitives (Flaring),7422.2,1912
2023,Fugitives (Leakage),59.32,1912
2023,Stationary Fuel Combustion,3165.16,1912
2023,Fugitives (Flaring),15051.31,1924
2023,Fugitives (Leakage),78.12,1924
2023,Stationary Fuel Combustion,1895.28,1924
2023,Fugitives (Flaring),9134.04,1914
2023,Fugitives (Leakage),71.29,1914
2023,Stationary Fuel Combustion,1305.13,1914
2023,Fugitives (Flaring),10041.69,1915
2023,Fugitives (Leakage),151.42,1915
2023,Stationary Fuel Combustion,956.59,1915
2023,Fugitives (Flaring),25444.44,492
2023,Fugitives (Leakage),270.98,492
2023,Stationary Fuel Combustion,8153.29,492
2023,Fugitives (Flaring),12494.88,1435
2023,Fugitives (Leakage),508.85,1435
2023,Stationary Fuel Combustion,6111.1,1435
2023,Fugitives (Flaring),8817.94,1046
2023,Fugitives (Leakage),41.49,1046
2023,Stationary Fuel Combustion,2214.63,1046
2023,Fugitives (Flaring),16683.73,1402
2023,Fugitives (Leakage),188.51,1402
2023,Stationary Fuel Combustion,69684.744,513
2023,CO2 from Biomass Combustion,0.0,464
2023,Stationary Fuel Combustion,14699.11758,464
2023,On-site Transportation,1369.8779,464
2023,CO2 from Biomass Combustion,0.0,1457
2023,Stationary Fuel Combustion,175.25095,1457
2023,On-site Transportation,268.723649,1457
2023,Waste,29901.7071,1457
2023,Fugitives (Flaring),320.88885,939
2023,Fugitives (Leakage),162.87292,939
2023,Stationary Fuel Combustion,39370.87991,939
2023,Fugitives (Venting),102.96347,939
2023,Fugitives (Flaring),4357.60016,934
2023,Fugitives (Leakage),3198.54752,934
2023,Stationary Fuel Combustion,42332.7449,934
2023,Fugitives (Flaring),158.11029,1704
2023,Fugitives (Leakage),180.57676,1704
2023,Stationary Fuel Combustion,9888.56098,1704
2023,Fugitives (Venting),202.43683,1704
2023,Stationary Fuel Combustion,12.2964,1128
2023,On-site Transportation,110.6429,1128
2023,Waste,18590.103,1128
2023,Fugitives (Leakage),56.42891,1049
2023,Stationary Fuel Combustion,219.43534,1049
2023,Fugitives (Venting),1422.41827,1049
2023,Stationary Fuel Combustion,15844.094,715
2023,Fugitives (Leakage),841.66357,1058
2023,Stationary Fuel Combustion,9312.06813,1058
2023,Fugitives (Venting),4080.521169,1058
2023,Stationary Fuel Combustion,13797.2855,1681
2023,Stationary Fuel Combustion,22271.828,688
2023,On-site Transportation,44.033572,688
2023,Fugitives (Flaring),42.4,930
2023,Stationary Fuel Combustion,20560.341,930
2023,On-site Transportation,214.365,930
2023,CO2 from Biomass Combustion,0.0,113
2023,Stationary Fuel Combustion,125263.4912,113
2023,On-site Transportation,2505.33843,113
2023,Waste,26786.5976,113
2023,Wastewater,498.8095,113
2023,CO2 from Biomass Combustion,0.0,1212
2023,Stationary Fuel Combustion,303.351,1212
2023,Waste,49798.95,1212
2023,CO2 from Biomass Combustion,0.0,151
2023,Stationary Fuel Combustion,10.973603,151
2023,On-site Transportation,540.76844,151
2023,Waste,127985.0566,151
2023,CO2 from Biomass Combustion,0.0,935
2023,Stationary Fuel Combustion,11997.681,935
2023,On-site Transportation,9637.076,935
2023,CO2 from Biomass Combustion,0.0,409
2023,Fugitives (Flaring),266.669,409
2023,Stationary Fuel Combustion,15.8845,409
2023,On-site Transportation,13.282829,409
2023,Waste,38892.0,409
2023,Stationary Fuel Combustion,13183.6272,639
2023,On-site Transportation,10121.173,639
2023,Fugitives (Flaring),33796.8897,240
2023,Fugitives (Leakage),444.5012,240
2023,Stationary Fuel Combustion,116500.7384,240
2023,On-site Transportation,261.3915,240
2023,Fugitives (Venting),64440.869,240
2023,Fugitives (Flaring),310.6227,693
2023,Stationary Fuel Combustion,15863.8866,693
2023,Fugitives (Venting),382.3372,693
2023,Fugitives (Flaring),20112.984,51
2023,Fugitives (Leakage),993.44,51
2023,Stationary Fuel Combustion,1063140.231,51
2023,Fugitives (Venting),784631.349,51
2023,Wastewater,5968.22,51
2023,Fugitives (Flaring),16364.84917,1034
2023,Fugitives (Leakage),23.914265,1034
2023,Stationary Fuel Combustion,245881.0334,1034
2023,On-site Transportation,2511.16301,1034
2023,Fugitives (Venting),162.894676,1034
2023,Stationary Fuel Combustion,28947.1091,811
2023,On-site Transportation,137.41064,811
2023,Fugitives (Flaring),113317.0024,551
2023,Fugitives (Leakage),27.618977,551
2023,Stationary Fuel Combustion,23508.52801,551
2023,On-site Transportation,2308.608558,551
2023,Fugitives (Venting),22.191456,551
2023,Fugitives (Leakage),80.3423,1411
2023,Stationary Fuel Combustion,10478.2043,1411
2023,Fugitives (Venting),42.2647,1411
2023,Fugitives (Flaring),10388.375,1995
2023,Fugitives (Leakage),11.4983,1995
2023,Stationary Fuel Combustion,1364.0526,1995
2023,Fugitives (Venting),162.1763,1995
2023,Fugitives (Flaring),13254.1923,1706
2023,Fugitives (Leakage),11.0235,1706
2023,Stationary Fuel Combustion,1591.1404,1706
2023,Fugitives (Venting),427.4089,1706
2023,Fugitives (Flaring),8711.4951,1707
2023,Fugitives (Leakage),11.5641,1707
2023,Stationary Fuel Combustion,1499.7976,1707
2023,Fugitives (Venting),247.197,1707
2023,Fugitives (Flaring),8899.1519,1708
2023,Fugitives (Leakage),2.6332,1708
2023,Stationary Fuel Combustion,1197.8985,1708
2023,Fugitives (Venting),42.1695,1708
2023,Fugitives (Flaring),5906.6091,1297
2023,Fugitives (Leakage),62.5321,1297
2023,Stationary Fuel Combustion,10167.2829,1297
2023,Fugitives (Venting),251.3866,1297
2023,Stationary Fuel Combustion,512579.0991,1089
2023,Industrial Process,922656.2258,1089
2023,On-site Transportation,2830.338327,1089
2023,CO2 from Biomass Combustion,0.0,1709
2023,Fugitives (Flaring),305.684,1709
2023,Stationary Fuel Combustion,1905.488,1709
2023,Wastewater,27562.046,1709
2023,CO2 from Biomass Combustion,0.0,1340
2023,Stationary Fuel Combustion,12846.8202,1340
2023,On-site Transportation,1366.9796,1340
2023,Fugitives (Leakage),120.4,1973
2023,Stationary Fuel Combustion,8810.0,1973
2023,Fugitives (Venting),1691.2,1973
2023,Fugitives (Leakage),3422.44028,1294
2023,Stationary Fuel Combustion,7907.82508,1294
2023,Fugitives (Venting),1377.99828,1294
2023,CO2 from Biomass Combustion,0.0,1565
2023,Stationary Fuel Combustion,0.132341,1565
2023,On-site Transportation,388.736,1565
2023,Waste,68270.2921,1565
2023,Fugitives (Leakage),487.2,1490
2023,Stationary Fuel Combustion,12594.6,1490
2023,Fugitives (Venting),761.6,1490
2023,Fugitives (Flaring),5314.358484,957
2023,Fugitives (Leakage),948.07944,957
2023,Stationary Fuel Combustion,7505.99574,957
2023,Fugitives (Venting),60.38413,957
2023,Fugitives (Leakage),31.315624,1344
2023,Stationary Fuel Combustion,34909.35047,1344
2023,Fugitives (Venting),10.701969,1344
2023,Fugitives (Leakage),0.0794,1325
2023,Stationary Fuel Combustion,24236.9374,1325
2023,Fugitives (Flaring),1922.42843,595
2023,Fugitives (Leakage),38.08391,595
2023,Stationary Fuel Combustion,241336.6243,595
2023,On-site Transportation,13.36648,595
2023,Fugitives (Venting),1893.82396,595
2023,Stationary Fuel Combustion,1299.692922,1931
2023,Industrial Process,7.25305,1931
2023,On-site Transportation,2658.354814,1931
2023,Stationary Fuel Combustion,16293.94,1051
2023,Fugitives (Flaring),1641.6258,1667
2023,Fugitives (Leakage),144.79018,1667
2023,Stationary Fuel Combustion,235223.1826,1667
2023,On-site Transportation,0.79014,1667
2023,Fugitives (Venting),2136.4917,1667
2023,Fugitives (Leakage),22.4,1473
2023,Stationary Fuel Combustion,9980.3,1473
2023,Fugitives (Venting),576.8,1473
2023,Stationary Fuel Combustion,30838.35,758
2023,Fugitives (Flaring),4055.69173,1439
2023,Fugitives (Leakage),65.313,1439
2023,Stationary Fuel Combustion,295105.703,1439
2023,On-site Transportation,0.86113,1439
2023,Fugitives (Venting),2541.94982,1439
2023,Stationary Fuel Combustion,15438.135,1591
2023,Fugitives (Flaring),5.6,1462
2023,Fugitives (Leakage),112.0,1462
2023,Stationary Fuel Combustion,22310.6,1462
2023,Fugitives (Venting),137.2,1462
2023,Fugitives (Flaring),21082.81993,546
2023,Fugitives (Leakage),280.55256,546
2023,Stationary Fuel Combustion,119668.1159,546
2023,On-site Transportation,6.50631,546
2023,Fugitives (Venting),1359.56274,546
2023,Fugitives (Leakage),2.8,1965
2023,Stationary Fuel Combustion,9240.9,1965
2023,Fugitives (Venting),1030.4,1965
2023,Fugitives (Flaring),11108.93249,1996
2023,Fugitives (Leakage),117.202789,1996
2023,Stationary Fuel Combustion,336.121092,1996
2023,Fugitives (Venting),69.64482,1996
2023,Fugitives (Flaring),1296.763475,1653
2023,Stationary Fuel Combustion,9837.878493,1653
2023,Fugitives (Venting),13121.75208,1653
2023,Fugitives (Flaring),1746.64405,573
2023,Fugitives (Leakage),115.39807,573
2023,Stationary Fuel Combustion,259453.4286,573
2023,On-site Transportation,23.03886,573
2023,Fugitives (Venting),1965.325,573
2023,CO2 from Biomass Combustion,0.0,427
2023,Stationary Fuel Combustion,149.4121,427
2023,On-site Transportation,303.1673,427
2023,Waste,17840.76796,427
2022,CO2 from Biomass Combustion,0.0,360
2022,Stationary Fuel Combustion,17022.79,360
2022,On-site Transportation,352.2496,360
2023,Fugitives (Flaring),2070.04952,1284
2023,Fugitives (Leakage),75.1906,1284
2023,Stationary Fuel Combustion,279050.0426,1284
2023,On-site Transportation,4.03253,1284
2023,Fugitives (Venting),1704.77776,1284
2023,Fugitives (Flaring),28805.88729,97
2023,Fugitives (Leakage),37.243439,97
2023,Stationary Fuel Combustion,74683.16192,97
2023,On-site Transportation,1131.450477,97
2023,Fugitives (Venting),0.4571,97
2023,Fugitives (Flaring),2798.39599,499
2023,Fugitives (Leakage),23.86023,499
2023,Stationary Fuel Combustion,311558.2331,499
2023,On-site Transportation,31.22793,499
2023,Fugitives (Venting),5438.42661,499
2023,Fugitives (Flaring),11138.25675,85
2023,Fugitives (Leakage),2646.9505,85
2023,Stationary Fuel Combustion,56162.5335,85
2023,On-site Transportation,60.269847,85
2023,Fugitives (Venting),348.5547,85
2023,Fugitives (Flaring),22531.38503,524
2023,Fugitives (Leakage),54.67156,524
2023,Stationary Fuel Combustion,102600.4551,524
2023,On-site Transportation,1.3405,524
2023,Fugitives (Venting),611.91588,524
2023,Stationary Fuel Combustion,41445.73828,569
2023,Fugitives (Flaring),14289.6286,86
2023,Fugitives (Leakage),882.222115,86
2023,Stationary Fuel Combustion,263841.8494,86
2023,On-site Transportation,214.050629,86
2023,Fugitives (Venting),2.234652,86
2023,Wastewater,7.140476,86
2023,CO2 from Biomass Combustion,0.0,78
2023,Stationary Fuel Combustion,40904.6225,78
2023,On-site Transportation,2871.4357,78
2023,Wastewater,8942.388,78
2023,CO2 from Biomass Combustion,0.0,580
2023,Fugitives (Flaring),523.69925,580
2023,Fugitives (Leakage),5.535585,580
2023,Stationary Fuel Combustion,70.270037,580
2023,On-site Transportation,480.1712,580
2023,Waste,51634.436,580
2023,CO2 from Biomass Combustion,0.0,1570
2023,Stationary Fuel Combustion,684.8575,1570
2023,Waste,42.3958,1570
2023,Stationary Fuel Combustion,20.160714,1651
2023,On-site Transportation,176.8267,1651
2023,Waste,25895.7149,1651
2023,Stationary Fuel Combustion,10137.97767,612
2023,Stationary Fuel Combustion,4915.511223,366
2023,Industrial Process,44102.05,366
2023,On-site Transportation,38.0073,366
2023,Fugitives (Flaring),868.61184,1016
2023,Fugitives (Leakage),67.32587,1016
2023,Stationary Fuel Combustion,118609.1941,1016
2023,On-site Transportation,0.91155,1016
2023,Fugitives (Venting),565.79318,1016
2023,CO2 from Biomass Combustion,0.0,50
2023,Fugitives (Flaring),1238.222042,50
2023,Stationary Fuel Combustion,47470.4704,50
2023,Wastewater,1422.362747,50
2023,CO2 from Biomass Combustion,0.0,65
2023,Stationary Fuel Combustion,33527.28457,65
2023,Industrial Process,213.776581,65
2023,On-site Transportation,1046.9108,65
2023,Fugitives (Flaring),3150.65527,594
2023,Fugitives (Leakage),76.4136,594
2023,Stationary Fuel Combustion,288703.4887,594
2023,On-site Transportation,22.94434,594
2023,Fugitives (Venting),2491.54079,594
2023,Fugitives (Flaring),114.53,874
2023,Fugitives (Leakage),442.67,874
2023,Stationary Fuel Combustion,19284.75,874
2023,Fugitives (Venting),158.9,874
2023,Fugitives (Flaring),17.23,1107
2023,Fugitives (Leakage),384.96,1107
2023,Stationary Fuel Combustion,26921.34,1107
2023,Fugitives (Venting),2765.85,1107
2023,Fugitives (Flaring),1324.75721,1359
2023,Fugitives (Leakage),3.23959,1359
2023,Stationary Fuel Combustion,282391.6599,1359
2023,Fugitives (Venting),2362.13441,1359
2023,Fugitives (Flaring),679.56369,1485
2023,Fugitives (Leakage),114.05611,1485
2023,Stationary Fuel Combustion,10109.84338,1485
2023,Fugitives (Venting),768.3773,1485
2023,Stationary Fuel Combustion,97.56,727
2023,On-site Transportation,0.77225,727
2023,Wastewater,11458.02,727
2023,Fugitives (Flaring),350.42679,1484
2023,Fugitives (Leakage),27.86129,1484
2023,Stationary Fuel Combustion,12585.06413,1484
2023,Fugitives (Venting),185.30711,1484
2023,Fugitives (Flaring),46914.44638,249
2023,Fugitives (Leakage),362.17737,249
2023,Stationary Fuel Combustion,397275.6032,249
2023,On-site Transportation,2.05691,249
2023,Fugitives (Venting),6284.34089,249
2023,On-site Transportation,39.935,1890
2023,Waste,3227.5,1890
2023,Stationary Fuel Combustion,11559.9235,1576
2023,On-site Transportation,781.75141,1576
2023,Stationary Fuel Combustion,627.72,1109
2023,On-site Transportation,938.853,1109
2023,Waste,86268.0,1109
2023,Stationary Fuel Combustion,17471.8689,1380
2023,Industrial Process,28.445,1380
2023,Stationary Fuel Combustion,6551.266,629
2023,On-site Transportation,5925.675,629
2023,On-site Transportation,51.838,917
2023,Waste,18410.27,917
2023,Fugitives (Leakage),126.0,1544
2023,Stationary Fuel Combustion,15404.6,1544
2023,Fugitives (Venting),2912.0,1544
2023,Fugitives (Flaring),37053.68117,79
2023,Fugitives (Leakage),213.00592,79
2023,Stationary Fuel Combustion,125319.1481,79
2023,Fugitives (Venting),4236.41814,79
2023,Fugitives (Flaring),4489.30665,398
2023,Fugitives (Leakage),24.93454,398
2023,Stationary Fuel Combustion,50713.08545,398
2023,Fugitives (Venting),1757.85212,398
2023,Stationary Fuel Combustion,22482.0441,665
2023,On-site Transportation,1038.4193,665
2023,Waste,201.0736,665
2023,Fugitives (Flaring),618.70756,397
2023,Fugitives (Leakage),129.30884,397
2023,Stationary Fuel Combustion,53994.40565,397
2023,Fugitives (Venting),1406.39222,397
2023,Fugitives (Leakage),72.8,1474
2023,Stationary Fuel Combustion,26206.5,1474
2023,Fugitives (Venting),4060.0,1474
2023,CO2 from Biomass Combustion,0.0,1601
2023,Stationary Fuel Combustion,5542.3114,1601
2023,On-site Transportation,1647.2451,1601
2023,Waste,3210.158,1601
2023,Stationary Fuel Combustion,5930.6358,854
2023,On-site Transportation,942.557,854
2023,Waste,1503.9136,854
2023,CO2 from Biomass Combustion,0.0,400
2023,Stationary Fuel Combustion,10414.4356,400
2023,On-site Transportation,4127.9547,400
2023,Waste,8898.3328,400
2023,Stationary Fuel Combustion,16206.6,1472
2023,Fugitives (Venting),736.4,1472
2023,Fugitives (Leakage),193.6756,584
2023,Stationary Fuel Combustion,214224.8562,584
2023,On-site Transportation,832.1974,584
2023,Waste,3681.0284,584
2023,Wastewater,54.166,584
2023,Fugitives (Leakage),22.4,1481
2023,Stationary Fuel Combustion,11941.0,1481
2023,Fugitives (Venting),1906.8,1481
2023,CO2 from Biomass Combustion,0.0,769
2023,Waste,94556.5152,769
2023,Fugitives (Flaring),1002.87316,333
2023,Fugitives (Leakage),9.97586,333
2023,Stationary Fuel Combustion,29219.30376,333
2023,Fugitives (Venting),12443.03431,333
2023,Fugitives (Leakage),44.8,1465
2023,Stationary Fuel Combustion,23167.8,1465
2023,Fugitives (Venting),621.6,1465
2023,Fugitives (Leakage),14.0,1950
2023,Stationary Fuel Combustion,16215.1,1950
2023,Fugitives (Venting),1181.6,1950
2023,Stationary Fuel Combustion,9781.9148,1599
2023,Fugitives (Flaring),405.9,1710
2023,Fugitives (Leakage),11.2,1710
2023,Stationary Fuel Combustion,9318.4,1710
2023,Fugitives (Venting),358.4,1710
2023,Stationary Fuel Combustion,11477.0257,1164
2023,CO2 from Biomass Combustion,0.0,1085
2023,Fugitives (Flaring),91.28,1085
2023,Stationary Fuel Combustion,15.2289,1085
2023,On-site Transportation,621.97,1085
2023,Waste,55599.6,1085
2023,Stationary Fuel Combustion,13089.0509,1609
2023,Stationary Fuel Combustion,17662.3774,710
2023,On-site Transportation,148.622,710
2023,Stationary Fuel Combustion,10315.05342,1979
2023,Stationary Fuel Combustion,17074.9462,1348
2023,On-site Transportation,244.865479,1348
2023,Fugitives (Flaring),5006.78436,568
2023,Fugitives (Leakage),69.76965,568
2023,Stationary Fuel Combustion,130787.752,568
2023,On-site Transportation,79.55,568
2023,Fugitives (Venting),152.83216,568
2023,Stationary Fuel Combustion,10822.8126,1120
2023,Industrial Process,2785.33,1120
2023,On-site Transportation,51.66957,1120
2023,Stationary Fuel Combustion,9485.89876,405
2023,On-site Transportation,9264.8444,405
2023,Waste,75.62976,405
2023,Fugitives (Flaring),775.1202,970
2023,Fugitives (Leakage),37.2588,970
2023,Stationary Fuel Combustion,15046.1012,970
2023,Fugitives (Flaring),3842.7932,967
2023,Fugitives (Leakage),639.1587,967
2023,Stationary Fuel Combustion,16588.7941,967
2023,Fugitives (Flaring),5356.4055,1542
2023,Fugitives (Leakage),155.2425,1542
2023,Stationary Fuel Combustion,25342.7922,1542
2023,Fugitives (Venting),0.8878,1542
2023,Fugitives (Flaring),3391.0866,994
2023,Fugitives (Leakage),531.7582,994
2023,Stationary Fuel Combustion,157864.5203,994
2023,Fugitives (Venting),121.2896,994
2023,Fugitives (Flaring),721.9892,1711
2023,Fugitives (Leakage),141.7651,1711
2023,Stationary Fuel Combustion,18085.873,1711
2023,Fugitives (Flaring),6779.7274,1543
2023,Fugitives (Leakage),491.6346,1543
2023,Stationary Fuel Combustion,74083.4199,1543
2023,Fugitives (Venting),568.4006,1543
2023,Fugitives (Flaring),4138.1558,1444
2023,Fugitives (Leakage),400.2607,1444
2023,Stationary Fuel Combustion,58087.4956,1444
2023,Fugitives (Venting),211.6442,1444
2023,Fugitives (Flaring),877.2136,927
2023,Fugitives (Leakage),117.2729,927
2023,Stationary Fuel Combustion,22158.2245,927
2023,Fugitives (Flaring),549.9476,953
2023,Fugitives (Leakage),338.7051,953
2023,Stationary Fuel Combustion,11423.4638,953
2023,Fugitives (Flaring),852.8371,1259
2023,Fugitives (Leakage),62.0983,1259
2023,Stationary Fuel Combustion,9118.4121,1259
2023,Fugitives (Flaring),851.2896,952
2023,Fugitives (Leakage),40.6,952
2023,Stationary Fuel Combustion,14994.8802,952
2023,Fugitives (Venting),49.7006,952
2023,Fugitives (Flaring),3302.8035,1020
2023,Fugitives (Leakage),97.013,1020
2023,Stationary Fuel Combustion,20559.402,1020
2023,Fugitives (Venting),0.3921,1020
2023,Fugitives (Flaring),915.2491,936
2023,Fugitives (Leakage),148.7627,936
2023,Stationary Fuel Combustion,18509.9745,936
2023,Fugitives (Venting),71.8587,936
2023,Fugitives (Flaring),1220.0434,968
2023,Fugitives (Leakage),511.656,968
2023,Stationary Fuel Combustion,28274.1364,968
2023,Fugitives (Venting),82.7134,968
2023,Fugitives (Flaring),1137.8134,966
2023,Fugitives (Leakage),251.6243,966
2023,Stationary Fuel Combustion,23552.4181,966
2023,Fugitives (Venting),31.9003,966
2023,Fugitives (Flaring),2447.4229,954
2023,Fugitives (Leakage),194.134,954
2023,Stationary Fuel Combustion,13813.1084,954
2023,Fugitives (Venting),31.9509,954
2023,Fugitives (Flaring),857.8245,937
2023,Fugitives (Leakage),1352.1754,937
2023,Stationary Fuel Combustion,41946.2626,937
2023,Fugitives (Venting),102.8922,937
2023,Stationary Fuel Combustion,16610.61,1045
2023,Stationary Fuel Combustion,27382.23,1373
2023,Stationary Fuel Combustion,53872.14,814
2023,Stationary Fuel Combustion,10027.35,1891
2023,Stationary Fuel Combustion,475906.4409,62
2023,On-site Transportation,11.176,62
2023,Stationary Fuel Combustion,35859.2425,1205
2023,Wastewater,26.447,1205
2023,CO2 from Biomass Combustion,0.0,944
2023,Stationary Fuel Combustion,42.80975,944
2023,Waste,111157.143,944
2023,Fugitives (Leakage),2742.450196,6
2023,Stationary Fuel Combustion,526153.7668,6
2023,Fugitives (Venting),13671.56763,6
2023,Stationary Fuel Combustion,10734.0,1386
2023,On-site Transportation,2551.51,1386
2023,CO2 from Biomass Combustion,0.0,794
2023,Stationary Fuel Combustion,23465.14758,794
2023,On-site Transportation,140.9748,794
2023,CO2 from Biomass Combustion,0.0,484
2023,Stationary Fuel Combustion,20015.73785,484
2023,Industrial Process,12.626632,484
2023,On-site Transportation,5914.896822,484
2023,Waste,987.54426,484
2023,Wastewater,1.811381,484
2023,Fugitives (Flaring),2073.530058,380
2023,Fugitives (Leakage),77.6705,380
2023,Stationary Fuel Combustion,177544.6186,380
2023,Fugitives (Venting),210.4189,380
2023,Fugitives (Flaring),9324.902329,1980
2023,Stationary Fuel Combustion,1257.498518,1980
2023,Fugitives (Venting),154.335573,1980
2023,Fugitives (Flaring),12976.99967,1712
2023,Stationary Fuel Combustion,1037.917436,1712
2023,Fugitives (Venting),215.519635,1712
2023,Fugitives (Flaring),47809.96267,928
2023,Fugitives (Leakage),643.864358,928
2023,Stationary Fuel Combustion,11811.78188,928
2023,Fugitives (Venting),1124.616667,928
2023,Fugitives (Flaring),8648.96481,1713
2023,Stationary Fuel Combustion,1182.723772,1713
2023,Fugitives (Venting),693.30508,1713
2023,Fugitives (Flaring),13442.99109,1638
2023,Fugitives (Leakage),7.123311,1638
2023,Stationary Fuel Combustion,4115.914299,1638
2023,Fugitives (Venting),168.478487,1638
2023,Fugitives (Flaring),3399.806816,1531
2023,Fugitives (Leakage),5.089922,1531
2023,Stationary Fuel Combustion,10077.08367,1531
2023,Fugitives (Venting),166.247977,1531
2023,Fugitives (Flaring),16245.11527,1532
2023,Fugitives (Leakage),393.58434,1532
2023,Stationary Fuel Combustion,19103.58427,1532
2023,Fugitives (Venting),109.089601,1532
2023,Fugitives (Flaring),3721.295726,1610
2023,Fugitives (Leakage),13.782997,1610
2023,Stationary Fuel Combustion,12790.19249,1610
2023,Fugitives (Venting),34.767334,1610
2023,Fugitives (Flaring),7662.3043,1955
2023,Fugitives (Leakage),133.1637,1955
2023,Stationary Fuel Combustion,2325.6427,1955
2023,Industrial Process,4449.0,961
2023,Fugitives (Venting),25864.87,961
2023,Stationary Fuel Combustion,972.86,1296
2023,Industrial Process,1768.0,1296
2023,Fugitives (Venting),12284.36,1296
2023,Stationary Fuel Combustion,564851.5445,16
2023,On-site Transportation,3.4914,16
2023,CO2 from Biomass Combustion,0.0,362
2023,Fugitives (Flaring),27.938555,362
2023,Stationary Fuel Combustion,23054.01133,362
2023,On-site Transportation,392.8687,362
2023,Wastewater,418.9219,362
2023,Stationary Fuel Combustion,12261.302,705
2023,On-site Transportation,320.391,705
2023,Stationary Fuel Combustion,203236.8985,221
2023,Industrial Process,391526.0381,221
2023,Stationary Fuel Combustion,597.382,1516
2023,On-site Transportation,1400.845,1516
2023,Fugitives (Venting),241928.4,1516
2023,Stationary Fuel Combustion,42347.0208,1227
2023,On-site Transportation,126.9263,1227
2023,Fugitives (Flaring),3775.2251,359
2023,Fugitives (Leakage),454.25762,359
2023,Stationary Fuel Combustion,11188.01595,359
2023,On-site Transportation,49.13,359
2023,Fugitives (Venting),522.94129,359
2023,Fugitives (Flaring),991.38077,869
2023,Fugitives (Leakage),293.80868,869
2023,Stationary Fuel Combustion,19398.42444,869
2023,On-site Transportation,78.182,869
2023,Fugitives (Venting),1271.20075,869
2023,Fugitives (Flaring),709.42571,1007
2023,Fugitives (Leakage),251.05007,1007
2023,Stationary Fuel Combustion,32925.63025,1007
2023,On-site Transportation,14.332,1007
2023,Fugitives (Venting),505.79767,1007
2023,Stationary Fuel Combustion,17956.67,964
2023,Fugitives (Flaring),6779.06607,25
2023,Fugitives (Leakage),568.71123,25
2023,Stationary Fuel Combustion,38959.26934,25
2023,On-site Transportation,63.155,25
2023,Fugitives (Venting),494.92203,25
2023,Fugitives (Flaring),3518.35927,1384
2023,Fugitives (Leakage),137.63372,1384
2023,Stationary Fuel Combustion,53867.76413,1384
2023,Fugitives (Venting),246.06544,1384
2023,Stationary Fuel Combustion,7017.857,866
2023,Industrial Process,380.7654,866
2023,On-site Transportation,16.5015,866
2023,Fugitives (Flaring),4372.2576,1356
2023,Fugitives (Leakage),726.1015,1356
2023,Stationary Fuel Combustion,129457.4669,1356
2023,On-site Transportation,230.183,1356
2023,Fugitives (Venting),701.07724,1356
2022,Stationary Fuel Combustion,11283.32,1511
2023,Fugitives (Flaring),2100.38337,5
2023,Fugitives (Leakage),494.027,5
2023,Stationary Fuel Combustion,342862.995,5
2023,On-site Transportation,24.09,5
2023,Fugitives (Leakage),723.09591,1551
2023,Stationary Fuel Combustion,10155.29588,1551
2023,Fugitives (Venting),31.41249,1551
2023,Fugitives (Flaring),13053.80244,393
2023,Fugitives (Leakage),1535.95687,393
2023,Stationary Fuel Combustion,81136.69187,393
2023,On-site Transportation,83.898,393
2023,Fugitives (Venting),1523.03049,393
2023,Fugitives (Flaring),10238.45664,216
2023,Fugitives (Leakage),315.91763,216
2023,Stationary Fuel Combustion,140769.5862,216
2023,On-site Transportation,41.131,216
2023,Fugitives (Venting),2314.96785,216
2023,Fugitives (Flaring),1815.56752,980
2023,Fugitives (Leakage),1151.91275,980
2023,Stationary Fuel Combustion,72027.48318,980
2023,On-site Transportation,124.119,980
2023,Fugitives (Venting),1899.37071,980
2023,Fugitives (Flaring),72842.18493,190
2023,Fugitives (Leakage),1550.71374,190
2023,Stationary Fuel Combustion,247674.503,190
2023,On-site Transportation,190.073,190
2023,Fugitives (Venting),428.93058,190
2023,Stationary Fuel Combustion,10892.41,1511
2023,Stationary Fuel Combustion,13292.295,745
2023,CO2 from Biomass Combustion,0.0,1438
2023,Fugitives (Flaring),168.1663,1438
2023,Stationary Fuel Combustion,75.253,1438
2023,On-site Transportation,737.924,1438
2023,Waste,68142.984,1438
2023,CO2 from Biomass Combustion,0.0,1448
2023,Fugitives (Flaring),1.96,1448
2023,Stationary Fuel Combustion,2.18,1448
2023,On-site Transportation,279.754,1448
2023,Waste,45304.0,1448
2023,CO2 from Biomass Combustion,0.0,1442
2023,Fugitives (Flaring),4.2,1442
2023,On-site Transportation,229.698,1442
2023,Waste,75768.0,1442
2023,CO2 from Biomass Combustion,0.0,726
2023,Stationary Fuel Combustion,353.169898,726
2023,On-site Transportation,2.79121,726
2023,Waste,9150.86818,726
2023,Fugitives (Flaring),38736.21,181
2023,Fugitives (Leakage),210.0,181
2023,Stationary Fuel Combustion,884442.29,181
2023,Fugitives (Venting),308141.35,181
2023,Wastewater,403.76,181
2023,CO2 from Biomass Combustion,0.0,1357
2023,Fugitives (Flaring),25.48,1357
2023,Stationary Fuel Combustion,5.45,1357
2023,On-site Transportation,242.726,1357
2023,Waste,116956.0,1357
2023,CO2 from Biomass Combustion,0.0,472
2023,Stationary Fuel Combustion,94641.496,472
2023,On-site Transportation,486.774,472
2023,CO2 from Biomass Combustion,0.0,1443
2023,Fugitives (Flaring),3.92,1443
2023,Stationary Fuel Combustion,0.28,1443
2023,On-site Transportation,233.698,1443
2023,Waste,75544.0,1443
2023,CO2 from Biomass Combustion,0.0,351
2023,Stationary Fuel Combustion,97.194113,351
2023,On-site Transportation,2662.245095,351
2023,Waste,133054.0155,351
2023,CO2 from Biomass Combustion,0.0,348
2023,Stationary Fuel Combustion,20378.9029,348
2023,Industrial Process,285.722,348
2023,On-site Transportation,16209.11911,348
2023,Waste,1.030005,348
2023,Stationary Fuel Combustion,11941.622,1012
2023,On-site Transportation,171.7123,1012
2023,Stationary Fuel Combustion,13665.51363,1902
2023,Fugitives (Venting),1011.82938,1902
2023,Stationary Fuel Combustion,23968.06793,318
2023,Stationary Fuel Combustion,28175.32061,833
2023,Stationary Fuel Combustion,26105.311,326
2023,On-site Transportation,204.468,326
2023,Fugitives (Flaring),26.37556,913
2023,Stationary Fuel Combustion,12374.77816,913
2023,Fugitives (Flaring),7665.357908,239
2023,Fugitives (Leakage),903.483336,239
2023,Stationary Fuel Combustion,111379.2678,239
2023,On-site Transportation,0.598981,239
2023,Fugitives (Venting),2674.02617,239
2023,Fugitives (Flaring),42.58284,1042
2023,Fugitives (Leakage),507.7215,1042
2023,Stationary Fuel Combustion,22927.47951,1042
2023,Fugitives (Venting),922.80958,1042
2023,Fugitives (Flaring),3525.81919,1086
2023,Fugitives (Leakage),10.1304,1086
2023,Stationary Fuel Combustion,21903.87864,1086
2023,Fugitives (Venting),1455.41541,1086
2023,Stationary Fuel Combustion,12287.43681,1083
2023,Fugitives (Venting),972.78857,1083
2023,Stationary Fuel Combustion,93604.72786,577
2023,Stationary Fuel Combustion,44473.3052,1313
2023,Stationary Fuel Combustion,30320.29057,1314
2023,Fugitives (Flaring),2941.97087,877
2023,Fugitives (Leakage),26.7274,877
2023,Stationary Fuel Combustion,5409.21802,877
2023,Fugitives (Venting),2816.75795,877
2023,Fugitives (Flaring),827.21686,1652
2023,Fugitives (Leakage),133.728,1652
2023,Stationary Fuel Combustion,28071.6682,1652
2023,Fugitives (Venting),83.88572,1652
2023,Fugitives (Flaring),71.49371,925
2023,Fugitives (Leakage),19.19465,925
2023,Stationary Fuel Combustion,33791.79047,925
2023,Fugitives (Flaring),17663.54092,317
2023,Fugitives (Leakage),301.63303,317
2023,Stationary Fuel Combustion,66688.61194,317
2023,Fugitives (Venting),55.25,317
2023,Fugitives (Leakage),356.66003,1371
2023,Stationary Fuel Combustion,26180.02169,1371
2023,Fugitives (Flaring),2646.96882,907
2023,Fugitives (Leakage),296.96996,907
2023,Stationary Fuel Combustion,11602.00598,907
2023,Fugitives (Venting),959.82979,907
2023,Fugitives (Leakage),24.97622,657
2023,Stationary Fuel Combustion,12048.4738,657
2023,Fugitives (Flaring),1499.36662,834
2023,Fugitives (Leakage),2.20752,834
2023,Stationary Fuel Combustion,38699.60287,834
2023,Fugitives (Venting),582.87851,834
2023,Fugitives (Flaring),3409.05502,1983
2023,Fugitives (Leakage),36.8578,1983
2023,Stationary Fuel Combustion,6119.32165,1983
2023,Fugitives (Venting),475.80662,1983
2023,Stationary Fuel Combustion,2444.23383,1714
2023,Fugitives (Venting),10008.95117,1714
2023,Fugitives (Flaring),544.91167,1403
2023,Fugitives (Leakage),21.87553,1403
2023,Stationary Fuel Combustion,11705.40453,1403
2023,Stationary Fuel Combustion,10149.77138,1959
2023,Fugitives (Venting),717.206,1959
2023,Fugitives (Flaring),589.88958,170
2023,Fugitives (Leakage),45.39769,170
2023,Stationary Fuel Combustion,109590.7785,170
2023,Fugitives (Venting),320333.88,170
2023,Fugitives (Leakage),25.40076,1603
2023,Stationary Fuel Combustion,10598.26165,1603
2023,Fugitives (Venting),1130.215,1603
2023,Fugitives (Flaring),949.01471,1423
2023,Fugitives (Leakage),24.53652,1423
2023,Stationary Fuel Combustion,16993.81263,1423
2023,Fugitives (Flaring),7525.74397,1492
2023,Fugitives (Leakage),22.64464,1492
2023,Stationary Fuel Combustion,31376.32954,1492
2023,Fugitives (Flaring),3474.75534,1941
2023,Fugitives (Leakage),21.48423,1941
2023,Stationary Fuel Combustion,29818.66318,1941
2023,Fugitives (Flaring),29.94617,334
2023,Fugitives (Leakage),50.59628,334
2023,Stationary Fuel Combustion,27105.65666,334
2023,Fugitives (Venting),485.19576,334
2023,Stationary Fuel Combustion,11500.07663,1897
2023,Fugitives (Flaring),1060.57694,670
2023,Fugitives (Leakage),23.8293,670
2023,Stationary Fuel Combustion,23996.0655,670
2023,Fugitives (Flaring),10.50416,277
2023,Fugitives (Leakage),79.35676,277
2023,Stationary Fuel Combustion,22613.40792,277
2023,Fugitives (Venting),1568.21771,277
2023,Fugitives (Flaring),4747.81425,1491
2023,Fugitives (Leakage),326.09513,1491
2023,Stationary Fuel Combustion,8038.18994,1491
2023,Fugitives (Venting),2465.81231,1491
2023,Fugitives (Leakage),62.63096,818
2023,Stationary Fuel Combustion,12764.74699,818
2023,Fugitives (Venting),688.82694,818
2023,Fugitives (Flaring),199.12698,1080
2023,Fugitives (Leakage),11.06448,1080
2023,Stationary Fuel Combustion,22010.38946,1080
2023,Fugitives (Venting),2694.22379,1080
2023,Fugitives (Flaring),10.08616,1922
2023,Stationary Fuel Combustion,10207.9687,1922
2023,Fugitives (Venting),537.50469,1922
2023,Fugitives (Flaring),86.04105,1037
2023,Fugitives (Leakage),4.03088,1037
2023,Stationary Fuel Combustion,28427.53178,1037
2023,Fugitives (Venting),356.00944,1037
2023,Fugitives (Flaring),511.94638,1412
2023,Fugitives (Leakage),94.24677,1412
2023,Stationary Fuel Combustion,12268.37901,1412
2023,Fugitives (Venting),46.405,1412
2023,Fugitives (Flaring),2164.3023,388
2023,Stationary Fuel Combustion,34941.15478,388
2023,Fugitives (Leakage),511.637,1715
2023,Stationary Fuel Combustion,33128.4225,1715
2023,Fugitives (Venting),10552.89099,1715
2023,Fugitives (Flaring),5264.272379,1353
2023,Fugitives (Leakage),473.437929,1353
2023,Stationary Fuel Combustion,781356.3868,1353
2023,On-site Transportation,2172.918622,1353
2023,Fugitives (Flaring),2619.933491,521
2023,Fugitives (Leakage),828.28431,521
2023,Stationary Fuel Combustion,793906.2528,521
2023,On-site Transportation,2991.59436,521
2023,Fugitives (Flaring),1111.78,254
2023,Stationary Fuel Combustion,47085.46,254
2023,Fugitives (Flaring),9472.00629,178
2023,Stationary Fuel Combustion,13901.4212,178
2023,Fugitives (Venting),6829.00302,178
2023,Fugitives (Flaring),1495.40213,1716
2023,Fugitives (Leakage),133.63084,1716
2023,Stationary Fuel Combustion,1895.42872,1716
2023,Fugitives (Venting),10573.83255,1716
2023,Fugitives (Flaring),16944.04822,1352
2023,Fugitives (Leakage),1905.722386,1352
2023,Stationary Fuel Combustion,2646024.375,1352
2023,On-site Transportation,1090.617857,1352
2023,Fugitives (Venting),2477.930736,1352
2023,Wastewater,33.1128,1352
2023,Fugitives (Flaring),2681.16186,125
2023,Fugitives (Leakage),190.3034,125
2023,Stationary Fuel Combustion,71194.51817,125
2023,Fugitives (Venting),162.29833,125
2023,Fugitives (Flaring),90.06454,904
2023,Stationary Fuel Combustion,13437.02765,904
2023,Fugitives (Venting),36.46837,904
2023,Fugitives (Flaring),1716.81871,110
2023,Stationary Fuel Combustion,30951.34338,110
2023,Fugitives (Venting),2884.41026,110
2023,CO2 from Biomass Combustion,0.0,556
2023,Fugitives (Leakage),117.0804,556
2023,Stationary Fuel Combustion,74191.87399,556
2023,On-site Transportation,948.89179,556
2023,Fugitives (Venting),6.1152,556
2023,Waste,1027.5055,556
2023,Wastewater,114.798,556
2023,Fugitives (Flaring),2.32646,1919
2023,Stationary Fuel Combustion,9112.42991,1919
2023,Fugitives (Venting),1597.63245,1919
2023,Stationary Fuel Combustion,10061.29091,1974
2023,Fugitives (Venting),918.55352,1974
2023,Fugitives (Flaring),471.5544,1901
2023,Stationary Fuel Combustion,10484.82133,1901
2023,Fugitives (Venting),1678.82947,1901
2023,Fugitives (Flaring),419.70639,902
2023,Fugitives (Leakage),67.37696,902
2023,Stationary Fuel Combustion,13973.1836,902
2023,Fugitives (Venting),1017.03853,902
2023,CO2 from Biomass Combustion,0.0,1583
2023,Stationary Fuel Combustion,2161.388019,1583
2023,On-site Transportation,0.662849,1583
2023,Wastewater,50518.17,1583
2023,Fugitives (Flaring),116.88339,836
2023,Fugitives (Leakage),26.83044,836
2023,Stationary Fuel Combustion,13168.79641,836
2023,Fugitives (Venting),1019.16465,836
2023,Stationary Fuel Combustion,13410.67563,1081
2023,Fugitives (Venting),253.04596,1081
2023,Fugitives (Flaring),734.37383,1639
2023,Fugitives (Leakage),39.56344,1639
2023,Stationary Fuel Combustion,20262.71595,1639
2023,Fugitives (Venting),978.16293,1639
2023,CO2 from Biomass Combustion,0.0,630
2023,Stationary Fuel Combustion,19476.0909,630
2023,Industrial Process,1731.8609,630
2023,On-site Transportation,1785.0853,630
2023,Waste,547.0516,630
2023,Wastewater,86.6994,630
2023,Fugitives (Flaring),3497.5559,315
2023,Fugitives (Leakage),2.11876,315
2023,Stationary Fuel Combustion,46179.8842,315
2023,Fugitives (Venting),1150.25348,315
2023,Fugitives (Flaring),3639.43103,511
2023,Fugitives (Leakage),23.86776,511
2023,Stationary Fuel Combustion,43073.31466,511
2023,Fugitives (Venting),67.01357,511
2023,Fugitives (Flaring),1648.845619,166
2023,Fugitives (Leakage),17.8504,166
2023,Stationary Fuel Combustion,178117.7888,166
2023,Fugitives (Venting),3604.8513,166
2023,Fugitives (Flaring),31.70364,1503
2023,Fugitives (Leakage),22.1824,1503
2023,Stationary Fuel Combustion,13784.19948,1503
2023,Fugitives (Flaring),10066.9274,316
2023,Fugitives (Leakage),224.86268,316
2023,Stationary Fuel Combustion,75523.91891,316
2023,Fugitives (Venting),682.81639,316
2023,CO2 from Biomass Combustion,0.0,1110
2023,Stationary Fuel Combustion,9.493104,1110
2023,On-site Transportation,388.1478,1110
2023,Waste,64570.65,1110
2023,Fugitives (Flaring),103.02588,1920
2023,Stationary Fuel Combustion,12927.93623,1920
2023,Fugitives (Venting),186.73058,1920
2023,Fugitives (Flaring),1586.7506,1896
2023,Fugitives (Leakage),5.53224,1896
2023,Stationary Fuel Combustion,12221.37254,1896
2023,Fugitives (Venting),1352.14289,1896
2023,Fugitives (Flaring),207.84145,1082
2023,Fugitives (Leakage),52.26368,1082
2023,Stationary Fuel Combustion,17020.70436,1082
2023,Fugitives (Venting),752.15736,1082
2023,Fugitives (Flaring),471.5544,1311
2023,Fugitives (Leakage),61.8618,1311
2023,Stationary Fuel Combustion,26230.66011,1311
2023,Fugitives (Venting),693.24103,1311
2023,Waste,41199.0012,331
2023,Fugitives (Flaring),7217.76778,574
2023,Fugitives (Leakage),132482.832,574
2023,Stationary Fuel Combustion,927196.032,574
2023,Industrial Process,2809.909678,574
2023,On-site Transportation,580782.15,574
2023,Wastewater,100.62346,574
2023,Fugitives (Flaring),202.03092,1079
2023,Fugitives (Leakage),10.35216,1079
2023,Stationary Fuel Combustion,24591.35184,1079
2023,Fugitives (Venting),911.45513,1079
2023,Fugitives (Flaring),963.44698,903
2023,Fugitives (Leakage),16.597,903
2023,Stationary Fuel Combustion,10352.44441,903
2023,Fugitives (Venting),1452.77792,903
2023,Stationary Fuel Combustion,19298.47344,1933
2023,Fugitives (Flaring),6678.71995,1646
2023,Fugitives (Leakage),118.03545,1646
2023,Stationary Fuel Combustion,15383.63017,1646
2023,Fugitives (Flaring),146.16189,1946
2023,Fugitives (Leakage),66.40354,1946
2023,Stationary Fuel Combustion,11573.66201,1946
2023,Fugitives (Flaring),18523.66737,1717
2023,Stationary Fuel Combustion,4171.62563,1717
2023,Fugitives (Flaring),615.5653,1477
2023,Fugitives (Leakage),27.8068,1477
2023,Stationary Fuel Combustion,13216.6687,1477
2023,Fugitives (Venting),961.5931,1477
2023,Fugitives (Flaring),30663.76038,1718
2023,Fugitives (Leakage),8.44829,1718
2023,Stationary Fuel Combustion,3562.2122,1718
2023,Fugitives (Flaring),519.31746,974
2023,Fugitives (Leakage),0.41222,974
2023,Stationary Fuel Combustion,74410.91706,974
2023,Fugitives (Venting),22.6621,974
2023,Fugitives (Flaring),6465.90013,1972
2023,Stationary Fuel Combustion,6858.16175,1972
2023,Fugitives (Venting),546.68544,1972
2023,Fugitives (Flaring),11566.42252,1719
2023,Fugitives (Leakage),14.70233,1719
2023,Fugitives (Flaring),15.1493,69
2023,Fugitives (Leakage),98175.1645,69
2023,Stationary Fuel Combustion,57349.37,69
2023,Fugitives (Venting),10259.3088,69
2023,Fugitives (Flaring),1419.0291,13
2023,Fugitives (Leakage),13793.0451,13
2023,Stationary Fuel Combustion,72804.5509,13
2023,Industrial Process,25.0055,13
2023,Fugitives (Venting),15306.4903,13
2023,Fugitives (Flaring),11468.76,1948
2023,Fugitives (Leakage),1097.57,1948
2023,Stationary Fuel Combustion,60266.92,1948
2023,Fugitives (Flaring),168.52,1951
2023,Fugitives (Leakage),5.33,1951
2023,Stationary Fuel Combustion,17703.65,1951
2023,Fugitives (Flaring),3681.44,1949
2023,Fugitives (Leakage),2985.29,1949
2023,Stationary Fuel Combustion,36004.09,1949
2023,Fugitives (Venting),95.36,1949
2023,Fugitives (Flaring),4056.9,1447
2023,Fugitives (Leakage),2382.02,1447
2023,Stationary Fuel Combustion,42054.84,1447
2023,Fugitives (Venting),2914.7,1447
2023,Fugitives (Flaring),10369.06668,177
2023,Fugitives (Leakage),83.67828,177
2023,Stationary Fuel Combustion,78099.11457,177
2023,On-site Transportation,152.47969,177
2023,Fugitives (Venting),31632.42419,177
2023,Stationary Fuel Combustion,70281.8367,248
2023,Stationary Fuel Combustion,25730.65321,1505
2023,Fugitives (Flaring),6.20617,1414
2023,Stationary Fuel Combustion,22673.92095,1414
2023,Fugitives (Venting),3.4904,1414
2023,Stationary Fuel Combustion,22621.64002,1585
2023,Fugitives (Flaring),7510.16289,471
2023,Fugitives (Leakage),1781.36237,471
2023,Stationary Fuel Combustion,227227.0911,471
2023,Fugitives (Venting),917.38549,471
2023,Stationary Fuel Combustion,10248.2558,1114
2023,Stationary Fuel Combustion,49945.8363,503
2023,On-site Transportation,3490.4519,503
2023,Wastewater,11.1692,503
2023,Stationary Fuel Combustion,45701.23757,23
2023,Industrial Process,28.67,23
2023,CO2 from Biomass Combustion,0.0,1345
2023,Stationary Fuel Combustion,0.231485,1345
2023,On-site Transportation,250.57569,1345
2023,Waste,113924.98,1345
2023,Fugitives (Flaring),13482.1748,121
2023,Fugitives (Leakage),0.14,121
2023,Stationary Fuel Combustion,117946.1179,121
2023,On-site Transportation,69.4857,121
2022,Fugitives (Leakage),249.452,2021
2022,Stationary Fuel Combustion,261.0127,2021
2022,On-site Transportation,6158.11092,2021
2022,Wastewater,1.31848,2021
2023,Stationary Fuel Combustion,29842.5845,652
2023,On-site Transportation,54.778184,652
2023,Fugitives (Flaring),19648.7565,208
2023,Fugitives (Leakage),591.5655,208
2023,Stationary Fuel Combustion,93229.724,208
2023,On-site Transportation,174.9365,208
2023,Fugitives (Venting),62685.2092,208
2023,Fugitives (Leakage),88.04936,830
2023,Stationary Fuel Combustion,13808.41001,830
2023,Fugitives (Venting),122.71022,830
2023,Stationary Fuel Combustion,10963.22659,1921
2023,Fugitives (Venting),132.63104,1921
2023,Fugitives (Flaring),77.83442,1918
2023,Stationary Fuel Combustion,11619.1702,1918
2023,Fugitives (Venting),80.27671,1918
2023,Stationary Fuel Combustion,14392.18612,1984
2023,Stationary Fuel Combustion,12960.51081,1407
2023,Fugitives (Venting),146.59209,1407
2023,Stationary Fuel Combustion,12032.13652,1720
2023,Fugitives (Venting),1394.37073,1720
2023,Fugitives (Flaring),2744.89159,322
2023,Fugitives (Leakage),304.3138,322
2023,Stationary Fuel Combustion,37508.9457,322
2023,Fugitives (Venting),18075.76743,322
2023,Fugitives (Flaring),404.95161,1660
2023,Fugitives (Leakage),23.82611,1660
2023,Stationary Fuel Combustion,50366.04087,1660
2023,Fugitives (Leakage),877.569,1989
2023,Stationary Fuel Combustion,1199.11954,1989
2023,Fugitives (Venting),10193.39115,1989
2023,Fugitives (Leakage),515.38375,1721
2023,Stationary Fuel Combustion,4175.07229,1721
2023,Fugitives (Venting),11259.48615,1721
2023,Fugitives (Flaring),670.25576,1647
2023,Fugitives (Leakage),407.98912,1647
2023,Stationary Fuel Combustion,14375.78715,1647
2023,Fugitives (Venting),2153.50862,1647
2023,Fugitives (Flaring),67.0458,1078
2023,Fugitives (Leakage),12.46,1078
2023,Stationary Fuel Combustion,33905.40506,1078
2023,Fugitives (Venting),485.16236,1078
2023,Fugitives (Flaring),5590.11289,1661
2023,Stationary Fuel Combustion,31022.79912,1661
2023,Fugitives (Venting),256.35792,1661
2023,Fugitives (Leakage),351.14548,1722
2023,Stationary Fuel Combustion,4359.90909,1722
2023,Fugitives (Venting),13584.20749,1722
2023,Fugitives (Flaring),5979.80139,1723
2023,Fugitives (Leakage),365.84408,1723
2023,Stationary Fuel Combustion,26059.43568,1723
2023,Fugitives (Venting),5121.21633,1723
2023,Fugitives (Flaring),16.29233,1724
2023,Fugitives (Leakage),3.6148,1724
2023,Stationary Fuel Combustion,13606.18231,1724
2023,Fugitives (Venting),1.7452,1724
2023,Fugitives (Flaring),1452.73689,1725
2023,Fugitives (Leakage),41.1992,1725
2023,Stationary Fuel Combustion,30092.6733,1725
2023,Fugitives (Venting),338.33857,1725
2023,Fugitives (Flaring),32769.0019,207
2023,Fugitives (Leakage),25.4932,207
2023,Stationary Fuel Combustion,113176.764,207
2023,On-site Transportation,196.9384,207
2023,Fugitives (Venting),117316.457,207
2023,Fugitives (Leakage),427.57652,1726
2023,Stationary Fuel Combustion,2667.58389,1726
2023,Fugitives (Venting),15723.75507,1726
2023,Fugitives (Leakage),5.53224,1997
2023,Stationary Fuel Combustion,10286.7426,1997
2023,Fugitives (Venting),104.70867,1997
2023,Fugitives (Leakage),68.2746,1668
2023,Stationary Fuel Combustion,529076.2723,1668
2023,On-site Transportation,300.47,1668
2023,Fugitives (Flaring),4490.86405,1727
2023,Fugitives (Leakage),388.66464,1727
2023,Stationary Fuel Combustion,47150.6575,1727
2023,Fugitives (Venting),20310.64953,1727
2023,Stationary Fuel Combustion,18126.08805,1998
2023,Fugitives (Venting),1951.26108,1998
2023,Fugitives (Flaring),603.53877,1728
2023,Fugitives (Leakage),1298.22056,1728
2023,Stationary Fuel Combustion,48977.15568,1728
2023,Fugitives (Venting),67591.20519,1728
2023,Fugitives (Leakage),129.99336,1729
2023,Stationary Fuel Combustion,29208.03576,1729
2023,Fugitives (Venting),3471.09305,1729
2023,Stationary Fuel Combustion,11100.55011,1999
2023,Fugitives (Flaring),55377.3158,1666
2023,Fugitives (Leakage),60.5042,1666
2023,Stationary Fuel Combustion,75869.2616,1666
2023,On-site Transportation,1412.3081,1666
2023,Fugitives (Venting),837.717607,1666
2023,Fugitives (Leakage),18.62,798
2023,Stationary Fuel Combustion,8609.69,798
2023,On-site Transportation,369.7,798
2023,Waste,20150.61,798
2023,Stationary Fuel Combustion,16666.37818,1641
2023,Fugitives (Venting),225.12359,1641
2023,Stationary Fuel Combustion,1776.9506,1658
2023,Fugitives (Venting),20419.93999,1658
2023,CO2 from Biomass Combustion,0.0,1372
2023,Stationary Fuel Combustion,59590.8182,1372
2023,On-site Transportation,2236.6481,1372
2023,Waste,31892.0,1372
2023,Wastewater,649.25,1372
2023,Stationary Fuel Combustion,28215.0868,669
2023,On-site Transportation,816.17337,669
2023,Fugitives (Leakage),1972.44992,1632
2023,Stationary Fuel Combustion,853.21368,1632
2023,Fugitives (Venting),11633.1357,1632
2023,Stationary Fuel Combustion,33085.9,1211
2023,On-site Transportation,804.097,1211
2023,Stationary Fuel Combustion,34401.43255,278
2023,Industrial Process,59274.517,278
2023,On-site Transportation,874.69994,278
2023,Fugitives (Flaring),5140.3426,708
2023,Fugitives (Leakage),174.1751,708
2023,Stationary Fuel Combustion,9290.1322,708
2023,Stationary Fuel Combustion,24741.626,856
2023,On-site Transportation,38.714155,856
2023,Stationary Fuel Combustion,11514.872,1615
2023,On-site Transportation,567.8415,1615
2023,Fugitives (Venting),117288.36,1437
2023,Fugitives (Venting),33973.0972,1459
2023,CO2 from Biomass Combustion,0.0,27
2023,Fugitives (Flaring),456.084,27
2023,Stationary Fuel Combustion,0.141433,27
2023,On-site Transportation,11.600965,27
2023,Waste,54641.384,27
2023,CO2 from Biomass Combustion,0.0,1192
2023,Fugitives (Flaring),794.43581,1192
2023,Stationary Fuel Combustion,13864.2454,1192
2023,Wastewater,69896.93,1192
2023,CO2 from Biomass Combustion,0.0,128
2023,Fugitives (Flaring),2214.017,128
2023,Stationary Fuel Combustion,13.8088,128
2023,On-site Transportation,45.642,128
2023,Waste,570257.436,128
2023,CO2 from Biomass Combustion,0.0,1596
2023,Fugitives (Flaring),751.195355,1596
2023,Stationary Fuel Combustion,5127.46109,1596
2023,Wastewater,28839.12,1596
2023,Fugitives (Leakage),14523.5468,271
2023,Stationary Fuel Combustion,7552.5674,271
2023,On-site Transportation,92818.1851,271
2023,Wastewater,3308.10269,271
2023,Fugitives (Leakage),8564.794,378
2023,Stationary Fuel Combustion,4002.5376,378
2023,On-site Transportation,32302.60358,378
2023,Stationary Fuel Combustion,2550.1741,1501
2023,On-site Transportation,12651.2205,1501
2023,Waste,10833.9,1230
2023,Fugitives (Leakage),5069.2572,635
2023,Stationary Fuel Combustion,69.3486,635
2023,On-site Transportation,12600.0667,635
2023,Stationary Fuel Combustion,1207713.048,441
2023,Fugitives (Flaring),8395.926,368
2023,Fugitives (Leakage),4406.6344,368
2023,Stationary Fuel Combustion,1152848.043,368
2023,On-site Transportation,8373.9395,368
2023,Fugitives (Venting),665.4312,368
2023,Wastewater,65.3436,368
2023,Fugitives (Flaring),83.45467,171
2023,Fugitives (Leakage),8892.85618,171
2023,Stationary Fuel Combustion,1105549.911,171
2023,On-site Transportation,39.89519,171
2023,Fugitives (Venting),40926.73257,171
2023,Fugitives (Leakage),128.84633,1367
2023,Stationary Fuel Combustion,32147.46851,1367
2023,Fugitives (Venting),1607.66486,1367
2023,CO2 from Biomass Combustion,0.0,1320
2023,Stationary Fuel Combustion,992.15554,1320
2023,Waste,2096.798,1320
2023,Wastewater,1566.318,1320
2023,Stationary Fuel Combustion,656.58,516
2023,On-site Transportation,2812.827,516
2023,Waste,61728.408,516
2023,Stationary Fuel Combustion,51969.7218,374
2023,Stationary Fuel Combustion,8315.5224,373
2023,Stationary Fuel Combustion,6208.116752,689
2023,Fugitives (Leakage),610.91958,531
2023,Stationary Fuel Combustion,30524.35692,531
2023,Fugitives (Venting),10996.5144,531
2023,Fugitives (Flaring),194709.742,162
2023,Fugitives (Leakage),225.0297,162
2023,Stationary Fuel Combustion,3025509.178,162
2023,Industrial Process,377.03306,162
2023,On-site Transportation,1656.0745,162
2023,Fugitives (Venting),72226.9443,162
2023,Fugitives (Leakage),1351.94411,1476
2023,Stationary Fuel Combustion,11824.8371,1476
2023,Fugitives (Venting),6016.39802,1476
2023,Stationary Fuel Combustion,14726.957,756
2023,Industrial Process,8296.86,756
2023,On-site Transportation,18.003236,756
2023,Fugitives (Leakage),961.50185,1453
2023,Stationary Fuel Combustion,162260.9623,1453
2023,Fugitives (Venting),9365.69963,1453
2023,Fugitives (Leakage),3558.15266,82
2023,Stationary Fuel Combustion,386788.8749,82
2023,Fugitives (Venting),17378.14098,82
2023,Stationary Fuel Combustion,42441.983,908
2023,Fugitives (Leakage),142.26,797
2023,Stationary Fuel Combustion,28808.2096,797
2023,Industrial Process,1860.809,797
2023,On-site Transportation,105.4046,797
2023,CO2 from Biomass Combustion,0.0,175
2023,Stationary Fuel Combustion,40726.784,175
2023,On-site Transportation,1058.7959,175
2023,Wastewater,587.876,175
2023,CO2 from Biomass Combustion,0.0,873
2023,Stationary Fuel Combustion,11714.995,873
2023,On-site Transportation,298.913,873
2023,CO2 from Biomass Combustion,0.0,70
2023,Stationary Fuel Combustion,69681.987,70
2023,Industrial Process,13.0,70
2023,On-site Transportation,1270.88,70
2023,Stationary Fuel Combustion,10396.3322,372
2023,Fugitives (Leakage),54044.5969,199
2023,Stationary Fuel Combustion,17735.54865,199
2023,Fugitives (Venting),1721.09898,199
2023,Fugitives (Flaring),5676.22524,225
2023,Fugitives (Leakage),6488.36085,225
2023,Stationary Fuel Combustion,90724.97551,225
2023,Fugitives (Venting),92515.42677,225
2023,Fugitives (Flaring),1532.809,180
2023,Fugitives (Leakage),1217.264,180
2023,Stationary Fuel Combustion,66166.6675,180
2023,Fugitives (Venting),8998.9187,180
2023,Fugitives (Leakage),16.7553,1071
2023,Stationary Fuel Combustion,7.7711,1071
2023,On-site Transportation,121.1381,1071
2023,Fugitives (Venting),24.433,1071
2023,Stationary Fuel Combustion,19874.3948,1122
2023,On-site Transportation,3.1152,1122
2023,Wastewater,1803.729576,1122
2023,CO2 from Biomass Combustion,0.0,1190
2023,Stationary Fuel Combustion,10461.3869,1190
2023,Fugitives (Flaring),1984.84968,45
2023,Fugitives (Leakage),2503.569,45
2023,Stationary Fuel Combustion,459055.9827,45
2023,Industrial Process,85749.0,45
2023,On-site Transportation,1057.33839,45
2023,Fugitives (Venting),6872.1,45
2023,Wastewater,4.256,45
2023,Fugitives (Flaring),77.63528,96
2023,Fugitives (Leakage),1779.891,96
2023,Stationary Fuel Combustion,335548.6044,96
2023,Industrial Process,200627.0,96
2023,On-site Transportation,806.5327,96
2023,Fugitives (Venting),22376.213,96
2023,Fugitives (Flaring),14095.635,4
2023,Fugitives (Leakage),730.0418,4
2023,Stationary Fuel Combustion,732587.1005,4
2023,Industrial Process,258611.63,4
2023,On-site Transportation,3662.728043,4
2023,Fugitives (Venting),70065.55,4
2023,Wastewater,183.96,4
2023,Fugitives (Flaring),587.9311,861
2023,Fugitives (Leakage),23.066,861
2023,Stationary Fuel Combustion,17351.2951,861
2023,On-site Transportation,147.6808,861
2023,Wastewater,1.74412,861
2023,Fugitives (Flaring),382.8005,914
2023,Fugitives (Leakage),734.699,914
2023,Stationary Fuel Combustion,16675.696,914
2023,Fugitives (Venting),28.1599,914
2023,Stationary Fuel Combustion,27517.441,656
2023,On-site Transportation,290.0256,656
2023,CO2 from Biomass Combustion,0.0,566
2023,Stationary Fuel Combustion,73848.73785,566
2023,Fugitives (Flaring),5814.7532,986
2023,Fugitives (Leakage),694.0397,986
2023,Stationary Fuel Combustion,170941.2483,986
2023,Fugitives (Venting),139.2504,986
2023,Stationary Fuel Combustion,11803.9455,865
2023,On-site Transportation,16.8434,865
2023,Stationary Fuel Combustion,36335.1385,547
2023,Industrial Process,844.0,547
2023,On-site Transportation,94.9986,547
2023,Fugitives (Leakage),2599.56617,189
2023,Stationary Fuel Combustion,96999.09294,189
2023,Fugitives (Venting),14804.54538,189
2023,Fugitives (Flaring),576.19163,30
2023,Fugitives (Leakage),12246.25468,30
2023,Stationary Fuel Combustion,890317.1262,30
2023,Fugitives (Venting),53765.24373,30
2023,Fugitives (Leakage),5829.85686,186
2023,Stationary Fuel Combustion,116138.0068,186
2023,Fugitives (Venting),78388.80313,186
2023,Stationary Fuel Combustion,228296.463,1436
2023,On-site Transportation,43.019179,1436
2023,Stationary Fuel Combustion,29809.85105,822
2023,Industrial Process,3.1289,822
2023,On-site Transportation,919.637,822
2023,Stationary Fuel Combustion,15772.87627,1730
2023,Fugitives (Flaring),5774.09182,467
2023,Fugitives (Leakage),221.1235,467
2023,Stationary Fuel Combustion,21386.87118,467
2023,Fugitives (Venting),6979.8805,467
2023,Fugitives (Leakage),7.58828,828
2023,Stationary Fuel Combustion,37802.09791,828
2023,Stationary Fuel Combustion,10358.83,1534
2023,Industrial Process,169.0,1534
2023,On-site Transportation,138.027,1534
2023,Fugitives (Flaring),6106.63596,123
2023,Fugitives (Leakage),2784.26264,123
2023,Stationary Fuel Combustion,39688.312,123
2023,Fugitives (Venting),2885.37282,123
2023,Fugitives (Flaring),669.97429,1987
2023,Stationary Fuel Combustion,11405.41989,1987
2023,Fugitives (Flaring),936.33452,875
2023,Fugitives (Leakage),53.1774,875
2023,Stationary Fuel Combustion,20749.09276,875
2023,Fugitives (Venting),961.64856,875
2023,Fugitives (Leakage),738.212428,198
2023,Stationary Fuel Combustion,421106.9602,198
2023,Industrial Process,21.9279,198
2023,Fugitives (Venting),5768.361991,198
2023,Fugitives (Leakage),523.48671,1242
2023,Stationary Fuel Combustion,18381.23474,1242
2023,Fugitives (Venting),2472.851571,1242
2023,Stationary Fuel Combustion,5534.8614,753
2023,Industrial Process,10953.882,753
2023,On-site Transportation,7.212,753
2023,Fugitives (Flaring),7205.63646,512
2023,Fugitives (Leakage),549.94447,512
2023,Stationary Fuel Combustion,27246.30019,512
2023,Fugitives (Venting),6832.02181,512
2023,Fugitives (Flaring),93.41789,848
2023,Stationary Fuel Combustion,10161.35443,848
2023,Fugitives (Venting),636.97562,848
2023,Fugitives (Flaring),804.2014,773
2023,Fugitives (Leakage),241.32507,773
2023,Stationary Fuel Combustion,28431.95892,773
2023,Fugitives (Flaring),344.69443,1731
2023,Fugitives (Leakage),231.21449,1731
2023,Stationary Fuel Combustion,19060.0627,1731
2023,Fugitives (Flaring),8249.41036,535
2023,Fugitives (Leakage),87.34604,535
2023,Stationary Fuel Combustion,13834.59068,535
2023,Fugitives (Venting),3591.70217,535
2023,Fugitives (Flaring),273.19564,1421
2023,Fugitives (Leakage),767.73316,1421
2023,Stationary Fuel Combustion,10659.11977,1421
2023,Fugitives (Venting),161.97115,1421
2023,Fugitives (Leakage),28.25,202
2023,Stationary Fuel Combustion,420901.85,202
2023,Stationary Fuel Combustion,14923.98884,1182
2023,Industrial Process,678.959321,1182
2023,On-site Transportation,29864.24483,1182
2023,Stationary Fuel Combustion,8498.2467,1968
2023,On-site Transportation,39.49852,1968
2023,Stationary Fuel Combustion,385.9283,1884
2023,CO2 from Biomass Combustion,0.0,286
2023,Stationary Fuel Combustion,142909.271,286
2023,On-site Transportation,29709.423,286
2023,Fugitives (Flaring),283.352345,540
2023,Fugitives (Leakage),137.966924,540
2023,Stationary Fuel Combustion,40416.91638,540
2023,Fugitives (Venting),89.095377,540
2023,Fugitives (Flaring),143.0714,1569
2023,Fugitives (Leakage),41.0009,1569
2023,Stationary Fuel Combustion,9563.6838,1569
2023,Fugitives (Venting),394.312,1569
2023,Fugitives (Flaring),112.7418,697
2023,Fugitives (Leakage),36.7415,697
2023,Stationary Fuel Combustion,18890.8755,697
2023,Fugitives (Venting),505.3533,697
2023,Fugitives (Flaring),664.0804,539
2023,Fugitives (Leakage),195.821297,539
2023,Stationary Fuel Combustion,16936.33559,539
2023,Fugitives (Venting),23.117103,539
2023,Fugitives (Flaring),18221.8522,695
2023,Stationary Fuel Combustion,18183.2759,695
2023,Fugitives (Flaring),3176.4676,696
2023,Fugitives (Leakage),5.6446,696
2023,Stationary Fuel Combustion,12154.2965,696
2023,Fugitives (Venting),330.1537,696
2023,Fugitives (Flaring),881.2696,1475
2023,Fugitives (Leakage),75.798,1475
2023,Stationary Fuel Combustion,10400.4942,1475
2023,Fugitives (Venting),4368.3877,1475
2023,Fugitives (Flaring),211.7659,926
2023,Stationary Fuel Combustion,9859.2613,926
2023,Fugitives (Venting),1159.9088,926
2023,Stationary Fuel Combustion,28110.0451,1991
2023,Fugitives (Flaring),811.5625,565
2023,Fugitives (Leakage),503.7187,565
2023,Stationary Fuel Combustion,228242.6746,565
2023,Industrial Process,0.846,565
2023,On-site Transportation,503.0726,565
2023,Fugitives (Flaring),304.1646,453
2023,Fugitives (Leakage),110.1747,453
2023,Stationary Fuel Combustion,545268.2899,453
2023,On-site Transportation,2094.4057,453
2023,Fugitives (Venting),246.2663,453
2023,CO2 from Biomass Combustion,0.0,748
2023,Stationary Fuel Combustion,8823.668758,748
2023,On-site Transportation,1210.919347,748
2023,Stationary Fuel Combustion,891353.403,392
2023,Industrial Process,117.0,392
2023,On-site Transportation,3.386,392
2023,Fugitives (Flaring),6611.9723,176
2023,Fugitives (Leakage),82.3956,176
2023,Stationary Fuel Combustion,136966.6375,176
2023,Industrial Process,109007.6072,176
2023,On-site Transportation,398.4252,176
2023,Fugitives (Venting),1494.1129,176
2023,Wastewater,164.8555,176
2023,Fugitives (Flaring),484.2259,98
2023,Fugitives (Leakage),52.9732,98
2023,Industrial Process,28324.923,98
2023,Fugitives (Venting),3347.8564,98
2023,Waste,513.2932,98
2023,Wastewater,1283.2329,98
2023,Stationary Fuel Combustion,16202.5,1168
2023,On-site Transportation,8.5,1168
2023,Stationary Fuel Combustion,11625.8141,916
2023,Industrial Process,2689.6891,916
2023,On-site Transportation,16.6913,916
2023,Fugitives (Venting),6303.3956,916
2023,Stationary Fuel Combustion,2217.134,505
2023,On-site Transportation,65.053,505
2023,Stationary Fuel Combustion,25.163654,382
2023,On-site Transportation,1036.022,382
2023,Waste,165210.36,382
2023,CO2 from Biomass Combustion,0.0,408
2023,Stationary Fuel Combustion,933.3364,408
2023,On-site Transportation,1218.2318,408
2023,Waste,122733.8,408
2023,CO2 from Biomass Combustion,0.0,258
2023,Stationary Fuel Combustion,740.6066,258
2023,On-site Transportation,1218.179,258
2023,Waste,193872.28,258
2023,Fugitives (Flaring),8159.3352,1945
2023,Stationary Fuel Combustion,1389.371,1945
2023,Fugitives (Venting),579.1412,1945
2023,Fugitives (Flaring),1324.281,1124
2023,Fugitives (Leakage),283.1211,1124
2023,Stationary Fuel Combustion,3204.8278,1124
2023,Fugitives (Venting),6924.7926,1124
2023,Stationary Fuel Combustion,3321.848,628
2023,On-site Transportation,30085.81,628
2023,Stationary Fuel Combustion,8153.8907,754
2023,On-site Transportation,1070.3601,754
2023,Fugitives (Venting),8903.108,754
2023,CO2 from Biomass Combustion,0.0,449
2023,Stationary Fuel Combustion,21.521,449
2023,On-site Transportation,754.139,449
2023,Waste,16626.445,449
2023,CO2 from Biomass Combustion,0.0,1123
2023,Stationary Fuel Combustion,16.172,1123
2023,Waste,22948.2,1123
2023,CO2 from Biomass Combustion,0.0,1680
2023,Stationary Fuel Combustion,26.026,1680
2023,On-site Transportation,263.572,1680
2023,Waste,38029.265,1680
2023,Stationary Fuel Combustion,4956.97,764
2023,Stationary Fuel Combustion,29608.9,447
2023,Stationary Fuel Combustion,9052.96,763
2023,Stationary Fuel Combustion,10896.2572,1341
2023,CO2 from Biomass Combustion,0.0,593
2023,Stationary Fuel Combustion,21112.9463,593
2023,On-site Transportation,18.3625,593
2023,Stationary Fuel Combustion,876482.604,172
2023,On-site Transportation,525.5841,172
2023,Stationary Fuel Combustion,501489.1734,173
2023,Industrial Process,194.11,173
2023,On-site Transportation,38.2616,173
2023,Stationary Fuel Combustion,832100.1441,226
2023,On-site Transportation,266.2697,226
2023,Stationary Fuel Combustion,1539902.467,139
2023,Industrial Process,1364.175,139
2023,On-site Transportation,1061.6088,139
2023,Stationary Fuel Combustion,1147066.003,227
2023,Industrial Process,645.545,227
2023,CO2 from Biomass Combustion,0.0,134
2023,Stationary Fuel Combustion,60699.0566,134
2023,Industrial Process,2201.0,134
2023,On-site Transportation,712.518,134
2023,CO2 from Biomass Combustion,0.0,1054
2023,Stationary Fuel Combustion,3.269353,1054
2023,On-site Transportation,214.881582,1054
2023,Waste,21280.48748,1054
2023,Stationary Fuel Combustion,685439.9609,152
2023,On-site Transportation,3728.4859,152
2023,Stationary Fuel Combustion,99105.8659,442
2023,On-site Transportation,1646.159,442
2023,Stationary Fuel Combustion,43480.3136,631
2023,On-site Transportation,1094.4455,631
2023,Stationary Fuel Combustion,32601.1365,548
2023,On-site Transportation,1327.1021,548
2023,Fugitives (Flaring),2081.44947,1366
2023,Fugitives (Leakage),243.8324,1366
2023,Stationary Fuel Combustion,36557.71614,1366
2023,Fugitives (Flaring),12779.18418,1446
2023,Fugitives (Leakage),4815.27916,1446
2023,Stationary Fuel Combustion,102253.1672,1446
2023,Fugitives (Venting),1327.91752,1446
2023,Fugitives (Flaring),700.2824,1985
2023,Fugitives (Leakage),20.01492,1985
2023,Stationary Fuel Combustion,15777.34427,1985
2023,Fugitives (Flaring),5663.53571,306
2023,Fugitives (Leakage),501.1292,306
2023,Stationary Fuel Combustion,3061194.438,306
2023,On-site Transportation,6297.437,306
2023,Fugitives (Venting),1421.12092,306
2023,CO2 from Biomass Combustion,0.0,1512
2023,Stationary Fuel Combustion,10505.22202,1512
2023,On-site Transportation,765.47094,1512
2023,Stationary Fuel Combustion,93024.8271,377
2023,On-site Transportation,3994.8206,377
2023,Wastewater,14.126,377
2023,CO2 from Biomass Combustion,0.0,330
2023,Stationary Fuel Combustion,99.9018,330
2023,On-site Transportation,1376.793,330
2023,Waste,125697.437,330
2023,Fugitives (Flaring),653.49588,1594
2023,Stationary Fuel Combustion,1871.60412,1594
2023,Fugitives (Venting),7.32279,1594
2023,Stationary Fuel Combustion,8436.45,1169
2023,On-site Transportation,3.42,1169
2023,CO2 from Biomass Combustion,0.0,142
2023,Stationary Fuel Combustion,56134.45112,142
2023,Industrial Process,1079.488,142
2023,On-site Transportation,2581.71103,142
2023,Waste,2627.8,142
2023,Wastewater,114.745,142
2023,Stationary Fuel Combustion,29004.55934,1235
2023,On-site Transportation,119.843311,1235
2023,Stationary Fuel Combustion,2841.1823,621
2023,Industrial Process,1175.0,621
2023,On-site Transportation,9009.393,621
2023,Waste,298.614,621
2023,Fugitives (Flaring),3282.206,1889
2023,Stationary Fuel Combustion,8738.7404,1889
2023,On-site Transportation,346.4616,1889
2023,Fugitives (Leakage),38146.3338,1088
2023,Stationary Fuel Combustion,1679.778,1088
2023,Fugitives (Venting),1000.2029,1088
2023,Stationary Fuel Combustion,93889.67076,426
2023,Stationary Fuel Combustion,35658.7413,482
2023,Industrial Process,6119.036009,482
2023,On-site Transportation,3479.969536,482
2023,Stationary Fuel Combustion,8714.77674,790
2023,On-site Transportation,1905.8078,790
2023,Stationary Fuel Combustion,10837.7348,1737
2023,CO2 from Biomass Combustion,0.0,298
2023,Stationary Fuel Combustion,8838.771,298
2023,Waste,13335.5211,298
2023,Wastewater,136.081,298
2023,Stationary Fuel Combustion,61050.8169,269
2023,Fugitives (Leakage),16.9331,46
2023,Stationary Fuel Combustion,390183.8742,46
2023,Fugitives (Venting),32.8539,46
2023,Fugitives (Leakage),15.12,140
2023,Stationary Fuel Combustion,926652.8662,140
2023,Fugitives (Leakage),43.9686,187
2023,Stationary Fuel Combustion,207697.47,187
2023,Waste,33322.8,1456
2023,CO2 from Biomass Combustion,0.0,588
2023,Stationary Fuel Combustion,153.80832,588
2023,On-site Transportation,451.24495,588
2023,Waste,32119.61,588
2023,Fugitives (Flaring),4897.691433,404
2023,Fugitives (Leakage),166.317561,404
2023,Stationary Fuel Combustion,53690.3781,404
2023,On-site Transportation,13.801981,404
2023,Fugitives (Venting),2396.68858,404
2023,CO2 from Biomass Combustion,0.0,714
2023,Stationary Fuel Combustion,18454.952,714
2023,Industrial Process,987.0,714
2023,On-site Transportation,2039.933,714
2023,Fugitives (Venting),12.761,714
2023,Waste,3568.852,714
2023,Fugitives (Flaring),275.00918,997
2023,Fugitives (Leakage),624.55288,997
2023,Stationary Fuel Combustion,36695.0122,997
2023,Fugitives (Venting),2131.82879,997
2023,Stationary Fuel Combustion,5107.959,104
2023,Industrial Process,200887.44,104
2023,Fugitives (Flaring),384.90978,978
2023,Fugitives (Leakage),649.72848,978
2023,Stationary Fuel Combustion,10766.54537,978
2023,Fugitives (Venting),4525.22738,978
2023,Fugitives (Flaring),219.02327,1671
2023,Fugitives (Leakage),81.01317,1671
2023,Stationary Fuel Combustion,19903.87907,1671
2023,Fugitives (Venting),1055.60344,1671
2023,Fugitives (Flaring),755.5639,1738
2023,Stationary Fuel Combustion,17187.82818,1738
2023,Fugitives (Venting),821.62042,1738
2023,Stationary Fuel Combustion,11820.156,1285
2023,Stationary Fuel Combustion,2745207.432,129
2023,On-site Transportation,73.00481,129
2023,Fugitives (Venting),35.04,129
2023,Stationary Fuel Combustion,958773.11,220
2023,On-site Transportation,67.486493,220
2023,Fugitives (Venting),17.4544,220
2023,Stationary Fuel Combustion,32953.97,803
2023,On-site Transportation,53.28,803
2023,Stationary Fuel Combustion,15293.471,761
2023,On-site Transportation,102.0608,761
2023,CO2 from Biomass Combustion,0.0,384
2023,Fugitives (Leakage),71.04915,384
2023,Waste,63725.2638,384
2023,Stationary Fuel Combustion,5939.748,1302
2023,Industrial Process,3153.8,1302
2023,Stationary Fuel Combustion,10043.3333,1319
2023,Industrial Process,70.2,1319
2023,On-site Transportation,101.902,1319
2023,Stationary Fuel Combustion,51684.96075,1541
2023,On-site Transportation,225.1,1541
2023,CO2 from Biomass Combustion,0.0,383
2023,Fugitives (Leakage),14.0397,383
2023,Waste,3674.78225,383
2023,Fugitives (Flaring),40.702133,1573
2023,CO2 from Biomass Combustion,0.0,506
2023,Stationary Fuel Combustion,114.1969,506
2023,On-site Transportation,1488.37,506
2023,Waste,78314.5,506
2023,Stationary Fuel Combustion,1367618.346,300
2023,Fugitives (Flaring),4951.38424,141
2023,Fugitives (Leakage),378.655788,141
2023,Stationary Fuel Combustion,419202.7276,141
2023,On-site Transportation,1911.230535,141
2023,Fugitives (Venting),17.39339,141
2023,Waste,2.577987,141
2023,CO2 from Biomass Combustion,0.0,395
2023,Fugitives (Flaring),50816.42415,395
2023,Fugitives (Leakage),1623.578043,395
2023,Stationary Fuel Combustion,5659125.289,395
2023,Industrial Process,78.02,395
2023,On-site Transportation,1762.628031,395
2023,Fugitives (Venting),4240.042604,395
2023,Waste,1.869646,395
2023,CO2 from Biomass Combustion,0.0,67
2023,Stationary Fuel Combustion,89490.6436,67
2023,On-site Transportation,1754.5587,67
2023,Wastewater,283.55,67
2023,CO2 from Biomass Combustion,0.0,297
2023,Fugitives (Leakage),44690.47,297
2023,Stationary Fuel Combustion,6183.58,297
2023,On-site Transportation,3746.32,297
2023,Waste,45.11,297
2023,Waste,40857.43,1075
2023,Stationary Fuel Combustion,11451.10395,704
2023,Stationary Fuel Combustion,16651.407,287
2023,On-site Transportation,167532.0472,287
2023,Fugitives (Leakage),336174.16,91
2023,Stationary Fuel Combustion,89011.9485,91
2023,On-site Transportation,398976.5047,91
2023,Fugitives (Leakage),277247.8279,83
2023,Stationary Fuel Combustion,94448.1579,83
2023,On-site Transportation,207679.6115,83
2023,Fugitives (Leakage),128291.086,289
2023,Stationary Fuel Combustion,29356.6544,289
2023,On-site Transportation,112457.9448,289
2023,Fugitives (Leakage),208118.4504,103
2023,Stationary Fuel Combustion,109476.1676,103
2023,On-site Transportation,168625.6841,103
2023,CO2 from Biomass Combustion,0.0,168
2023,Fugitives (Flaring),154.7,168
2023,Stationary Fuel Combustion,69376.636,168
2023,Fugitives (Flaring),1.25734,832
2023,Fugitives (Leakage),23.962237,832
2023,Stationary Fuel Combustion,13856.23268,832
2023,Fugitives (Venting),287.097595,832
2023,CO2 from Biomass Combustion,0.0,411
2023,Fugitives (Leakage),215.98644,411
2023,Stationary Fuel Combustion,23689.4483,411
2023,On-site Transportation,567.7043,411
2023,Wastewater,14.519,411
2023,Stationary Fuel Combustion,8014.98792,1500
2023,On-site Transportation,1283.51993,1500
2023,CO2 from Biomass Combustion,0.0,1478
2023,Stationary Fuel Combustion,15723.36019,1478
2023,On-site Transportation,555.89855,1478
2023,Fugitives (Leakage),100.8548,870
2023,Stationary Fuel Combustion,18938.8122,870
2023,On-site Transportation,267.6729,870
2023,CO2 from Biomass Combustion,0.0,1957
2023,Stationary Fuel Combustion,4601.7039,1957
2023,On-site Transportation,1801.0276,1957
2023,Stationary Fuel Combustion,1424743.877,206
2023,Industrial Process,11.5622,206
2023,Fugitives (Venting),1.8716,206
2023,Wastewater,4.6256,206
2023,Stationary Fuel Combustion,49797.4565,504
2023,On-site Transportation,419.1007,504
2023,Wastewater,1.5988,504
2023,Stationary Fuel Combustion,905536.7085,15
2023,On-site Transportation,70.435,15
2023,Fugitives (Venting),34.3533,15
2023,Fugitives (Flaring),0.0168,153
2023,Stationary Fuel Combustion,1380653.365,153
2023,Fugitives (Flaring),0.2382,184
2023,Stationary Fuel Combustion,186426.6786,184
2023,Stationary Fuel Combustion,10266.73,1519
2023,Stationary Fuel Combustion,40382.8359,255
2023,Fugitives (Venting),0.2016,255
2023,Stationary Fuel Combustion,17476.2089,261
2023,Fugitives (Venting),0.567,261
2023,Fugitives (Flaring),11178.187,1404
2023,Stationary Fuel Combustion,1332.989,1404
2023,Fugitives (Flaring),17.725,210
2023,Stationary Fuel Combustion,375440.217,210
2023,Industrial Process,261552.859,210
2023,CO2 from Biomass Combustion,0.0,387
2023,Fugitives (Flaring),43.7765,387
2023,Fugitives (Leakage),42552.64,387
2023,Stationary Fuel Combustion,6628.75,387
2023,Fugitives (Venting),7730.36,387
2023,Fugitives (Flaring),2090.7,1300
2023,Fugitives (Leakage),2389.14,1300
2023,Stationary Fuel Combustion,2634.67,1300
2023,Fugitives (Venting),9554.59,1300
2023,Stationary Fuel Combustion,32388.10223,831
2023,On-site Transportation,119.565955,831
2023,Wastewater,2.0405,831
2023,Stationary Fuel Combustion,4312.32,1158
2023,On-site Transportation,9901.786,1158
2023,Fugitives (Flaring),33644.11,194
2023,Fugitives (Leakage),136.1164,194
2023,Stationary Fuel Combustion,727759.922,194
2023,Industrial Process,72.160385,194
2023,On-site Transportation,272.34395,194
2023,Fugitives (Venting),2512.9903,194
2023,Wastewater,695.1846,194
2023,CO2 from Biomass Combustion,0.0,942
2023,Fugitives (Flaring),26.3235,942
2023,Waste,74424.0,942
2023,Stationary Fuel Combustion,97714.08501,940
2023,Industrial Process,57.088425,940
2023,On-site Transportation,36488.9626,940
2023,Stationary Fuel Combustion,294.085099,1892
2023,Stationary Fuel Combustion,132845.1649,406
2023,On-site Transportation,40943.10043,406
2023,Fugitives (Flaring),13180.1681,1286
2023,Stationary Fuel Combustion,5.6574,1286
2023,Fugitives (Flaring),34841.8787,1622
2023,Fugitives (Leakage),0.09772,1622
2023,Stationary Fuel Combustion,1615.90195,1622
2023,Fugitives (Flaring),51792.96658,1637
2023,Stationary Fuel Combustion,43.63431,1637
2023,Fugitives (Flaring),8145.71762,1604
2023,Fugitives (Leakage),0.5267,1604
2023,Stationary Fuel Combustion,4031.5321,1604
2023,Fugitives (Flaring),326.07592,1452
2023,Stationary Fuel Combustion,20087.89875,1452
2023,Fugitives (Venting),569.13536,1452
2023,Fugitives (Flaring),9775.84334,1612
2023,Fugitives (Leakage),110.88637,1612
2023,Stationary Fuel Combustion,1920.96686,1612
2023,Fugitives (Flaring),1168.83125,2001
2023,Fugitives (Leakage),13.66826,2001
2023,Stationary Fuel Combustion,16680.94763,2001
2023,Fugitives (Venting),0.03502,2001
2023,Fugitives (Flaring),28716.23392,1741
2023,Stationary Fuel Combustion,5598.28209,1741
2023,Fugitives (Flaring),1817.13525,1742
2023,Fugitives (Leakage),8.00904,1742
2023,Stationary Fuel Combustion,13409.28484,1742
2023,Fugitives (Flaring),27075.7637,1743
2023,Stationary Fuel Combustion,4851.59608,1743
2023,Fugitives (Flaring),37093.3864,1621
2023,Stationary Fuel Combustion,2547.96425,1621
2023,Fugitives (Venting),24.96704,1621
2023,Fugitives (Flaring),17632.9804,1744
2023,Fugitives (Leakage),12.45595,1744
2023,Stationary Fuel Combustion,2489.60542,1744
2023,Fugitives (Flaring),13128.15341,1745
2023,Stationary Fuel Combustion,2112.33184,1745
2023,Fugitives (Flaring),15359.2331,1746
2023,Fugitives (Leakage),88.2793,1746
2023,Stationary Fuel Combustion,1891.41787,1746
2023,Fugitives (Flaring),1181.99717,1747
2023,Fugitives (Leakage),28.6525,1747
2023,Stationary Fuel Combustion,21125.49431,1747
2023,Fugitives (Venting),12.83054,1747
2023,Fugitives (Flaring),14464.78494,2002
2023,Fugitives (Leakage),3.21919,2002
2023,Stationary Fuel Combustion,1593.31006,2002
2023,Stationary Fuel Combustion,15276.40948,2003
2023,Fugitives (Flaring),5537.36177,2004
2023,Fugitives (Leakage),47.64257,2004
2023,Stationary Fuel Combustion,7330.47762,2004
2023,Fugitives (Venting),465.53485,2004
2023,Fugitives (Flaring),13533.61435,2005
2023,Fugitives (Leakage),51.05464,2005
2023,Stationary Fuel Combustion,1845.75789,2005
2023,Fugitives (Flaring),10760.54063,2006
2023,Fugitives (Leakage),10.20504,2006
2023,Stationary Fuel Combustion,1096.64477,2006
2023,Fugitives (Venting),78.38328,2006
2023,Fugitives (Flaring),2150.93649,1748
2023,Fugitives (Leakage),85.45213,1748
2023,Stationary Fuel Combustion,4576.23431,1748
2023,Fugitives (Venting),15934.60649,1748
2023,CO2 from Biomass Combustion,0.0,582
2023,Fugitives (Flaring),30.796,582
2023,Stationary Fuel Combustion,3012.783,582
2023,On-site Transportation,879.873,582
2023,Waste,82265.0,582
2023,Fugitives (Flaring),1611.667,659
2023,Fugitives (Leakage),379.3132,659
2023,Stationary Fuel Combustion,30720.9184,659
2023,Fugitives (Venting),1113.574,659
2023,Fugitives (Flaring),1488.1952,480
2023,Stationary Fuel Combustion,37307.8757,480
2023,Fugitives (Venting),0.1534,480
2023,Fugitives (Flaring),812.8789,1906
2023,Fugitives (Leakage),169.9409,1906
2023,Stationary Fuel Combustion,22442.6609,1906
2023,Fugitives (Flaring),1326.3272,1255
2023,Fugitives (Leakage),2084.4979,1255
2023,Stationary Fuel Combustion,13043.3284,1255
2023,Fugitives (Venting),5.6797,1255
2023,Fugitives (Flaring),5448.3824,993
2023,Fugitives (Leakage),578.2198,993
2023,Stationary Fuel Combustion,18832.8187,993
2023,Fugitives (Venting),60.2888,993
2023,Stationary Fuel Combustion,75444.9439,399
2023,Fugitives (Flaring),5345.5872,1256
2023,Fugitives (Leakage),473.9278,1256
2023,Stationary Fuel Combustion,5459.2178,1256
2023,Fugitives (Venting),25.0458,1256
2023,Fugitives (Flaring),2579.3373,1050
2023,Fugitives (Leakage),2755.9408,1050
2023,Stationary Fuel Combustion,12654.8671,1050
2023,Fugitives (Venting),472.9029,1050
2023,Fugitives (Flaring),208.5268,838
2023,Fugitives (Leakage),342.3962,838
2023,Stationary Fuel Combustion,20629.2395,838
2023,Fugitives (Flaring),196.3324,661
2023,Fugitives (Leakage),124.0455,661
2023,Stationary Fuel Combustion,20700.4435,661
2023,Fugitives (Flaring),708.2845,660
2023,Fugitives (Leakage),286.9511,660
2023,Stationary Fuel Combustion,38833.5725,660
2023,Fugitives (Flaring),3755.05,481
2023,Fugitives (Leakage),898.4281,481
2023,Stationary Fuel Combustion,64214.3251,481
2023,Fugitives (Venting),9.5444,481
2023,Fugitives (Leakage),207.089,268
2023,Stationary Fuel Combustion,270484.8589,268
2023,On-site Transportation,0.32709,268
2023,Fugitives (Flaring),2619.0038,1254
2023,Fugitives (Leakage),280.9267,1254
2023,Stationary Fuel Combustion,8665.5268,1254
2023,CO2 from Biomass Combustion,0.0,167
2023,Fugitives (Leakage),3.8495,167
2023,Stationary Fuel Combustion,195377.5535,167
2023,Industrial Process,2863.3812,167
2023,Wastewater,3098.0544,167
2023,CO2 from Biomass Combustion,0.0,64
2023,Stationary Fuel Combustion,181470.03,64
2023,Industrial Process,693429.848,64
2023,On-site Transportation,10730.95,64
2023,Stationary Fuel Combustion,10232.584,841
2023,Stationary Fuel Combustion,130375.6824,52
2023,Stationary Fuel Combustion,15558.284,840
2023,Stationary Fuel Combustion,15156.8216,1545
2023,On-site Transportation,393.78229,1545
2023,Fugitives (Flaring),2075.090912,1607
2023,Fugitives (Leakage),189.479974,1607
2023,Stationary Fuel Combustion,7966.2232,1607
2023,Stationary Fuel Combustion,31919.868,851
2023,On-site Transportation,233.1742,851
2023,Stationary Fuel Combustion,3986.1363,648
2023,On-site Transportation,4663.342,648
2023,Stationary Fuel Combustion,28720.7732,1332
2023,On-site Transportation,675.3564,1332
2023,Fugitives (Flaring),11553.7129,1392
2023,Fugitives (Leakage),805.5487,1392
2023,Stationary Fuel Combustion,156120.261,1392
2023,Fugitives (Venting),39.1326,1392
2023,Fugitives (Flaring),375.880239,1898
2023,Fugitives (Leakage),30.647367,1898
2023,Stationary Fuel Combustion,9902.937574,1898
2023,Fugitives (Venting),325.748388,1898
2023,Fugitives (Flaring),513.204275,890
2023,Fugitives (Leakage),91.213004,890
2023,Stationary Fuel Combustion,14635.95239,890
2023,Fugitives (Venting),312.365089,890
2023,CO2 from Biomass Combustion,0.0,950
2023,Fugitives (Flaring),10686.84241,950
2023,Fugitives (Leakage),43117.75539,950
2023,Stationary Fuel Combustion,1596530.456,950
2023,Industrial Process,2501.337379,950
2023,On-site Transportation,705069.2044,950
2023,Fugitives (Venting),1071.928081,950
2023,Wastewater,282.655334,950
2023,Fugitives (Flaring),168.761587,1508
2023,Fugitives (Leakage),15.673872,1508
2023,Stationary Fuel Combustion,16623.99105,1508
2023,Fugitives (Venting),461.328761,1508
2023,Fugitives (Flaring),33431.8555,339
2023,Fugitives (Leakage),864.4915,339
2023,Stationary Fuel Combustion,24982.3983,339
2023,Fugitives (Venting),23524.3252,339
2023,Fugitives (Flaring),1497.773781,991
2023,Fugitives (Leakage),74.354353,991
2023,Stationary Fuel Combustion,51473.74016,991
2023,Fugitives (Flaring),1838.0421,161
2023,Fugitives (Leakage),4.214,161
2023,Stationary Fuel Combustion,60343.1609,161
2023,On-site Transportation,199.7387,161
2023,Fugitives (Flaring),10471.6139,371
2023,Fugitives (Leakage),0.5068,371
2023,Stationary Fuel Combustion,35352.6372,371
2023,On-site Transportation,539.3492,371
2023,Fugitives (Venting),9.9818,371
2023,Fugitives (Flaring),93424.9218,159
2023,Fugitives (Leakage),298.0992,159
2023,Stationary Fuel Combustion,742836.3702,159
2023,Industrial Process,563.3521,159
2023,On-site Transportation,929.5618,159
2023,Fugitives (Venting),23.6292,159
2023,Wastewater,2457.8459,159
2023,CO2 from Biomass Combustion,0.0,1264
2023,Stationary Fuel Combustion,0.277845,1264
2023,On-site Transportation,20.280231,1264
2023,CO2 from Biomass Combustion,0.0,1265
2023,Stationary Fuel Combustion,0.351408,1265
2023,On-site Transportation,26.508432,1265
2023,CO2 from Biomass Combustion,0.0,1266
2023,Stationary Fuel Combustion,16.099721,1266
2023,On-site Transportation,31.39189,1266
2023,CO2 from Biomass Combustion,0.0,1267
2023,Stationary Fuel Combustion,7.329105,1267
2023,On-site Transportation,93.848595,1267
2023,CO2 from Biomass Combustion,0.0,1268
2023,Stationary Fuel Combustion,4.371962,1268
2023,On-site Transportation,9.354617,1268
2023,CO2 from Biomass Combustion,0.0,1269
2023,Stationary Fuel Combustion,11.894306,1269
2023,On-site Transportation,84.456513,1269
2023,CO2 from Biomass Combustion,0.0,1270
2023,Stationary Fuel Combustion,0.293719,1270
2023,On-site Transportation,21.830347,1270
2023,CO2 from Biomass Combustion,0.0,1271
2023,Stationary Fuel Combustion,0.426182,1271
2023,On-site Transportation,7.79665,1271
2023,CO2 from Biomass Combustion,0.0,1272
2023,Stationary Fuel Combustion,22.603983,1272
2023,On-site Transportation,29.626676,1272
2023,CO2 from Biomass Combustion,0.0,1273
2023,Stationary Fuel Combustion,7.671167,1273
2023,On-site Transportation,23.752128,1273
2023,CO2 from Biomass Combustion,0.0,364
2023,Fugitives (Leakage),428.4812,364
2023,Stationary Fuel Combustion,72750.9822,364
2023,Industrial Process,2071.61923,364
2023,On-site Transportation,300.1679,364
2023,Waste,14227.5396,364
2023,Wastewater,15770.104,364
2023,Fugitives (Flaring),26930.44337,242
2023,Fugitives (Leakage),632.732016,242
2023,Stationary Fuel Combustion,1117375.543,242
2023,Industrial Process,1130.223276,242
2023,On-site Transportation,1583.041416,242
2023,Fugitives (Venting),55014.23197,242
2023,Waste,280.404,242
2023,Wastewater,103.997846,242
2023,Fugitives (Flaring),27877.5519,282
2023,Fugitives (Leakage),2.008076,282
2023,Stationary Fuel Combustion,4746.873824,282
2023,On-site Transportation,1327.466207,282
2023,Wastewater,1.03933,282
2023,CO2 from Biomass Combustion,0.0,1274
2023,Stationary Fuel Combustion,4.894038,1274
2023,On-site Transportation,12.992395,1274
2023,CO2 from Biomass Combustion,0.0,1275
2023,Stationary Fuel Combustion,11.125471,1275
2023,On-site Transportation,29.103014,1275
2023,Fugitives (Flaring),455.92481,674
2023,Fugitives (Leakage),152.86119,674
2023,Stationary Fuel Combustion,37086.56393,674
2023,Fugitives (Venting),616.48982,674
2023,Stationary Fuel Combustion,453197.3753,95
2023,On-site Transportation,2.135644,95
2023,Fugitives (Flaring),1435.76373,995
2023,Fugitives (Leakage),1316.45314,995
2023,Stationary Fuel Combustion,76411.75798,995
2023,Fugitives (Venting),584.95539,995
2023,Stationary Fuel Combustion,44357.935,375
2023,Industrial Process,16363.9,375
2023,On-site Transportation,268.458,375
2023,Stationary Fuel Combustion,31055.85,1187
2023,Fugitives (Flaring),1134.2416,1926
2023,Stationary Fuel Combustion,13358.0288,1926
2023,Fugitives (Venting),1714.0625,1926
2023,Fugitives (Flaring),388.811,1916
2023,Fugitives (Leakage),52.0618,1916
2023,Stationary Fuel Combustion,10534.7119,1916
2023,Fugitives (Venting),1283.44974,1916
2023,Fugitives (Flaring),954.0965,1530
2023,Stationary Fuel Combustion,41445.976,1530
2023,Fugitives (Venting),350.7744,1530
2023,Fugitives (Flaring),76.981,1261
2023,Fugitives (Leakage),218.652,1261
2023,Stationary Fuel Combustion,50717.3857,1261
2023,Fugitives (Venting),12519.6696,1261
2023,Fugitives (Flaring),25.9062,1061
2023,Fugitives (Leakage),3.0399,1061
2023,Stationary Fuel Combustion,21038.0354,1061
2023,Fugitives (Venting),1519.0504,1061
2023,On-site Transportation,18.404046,1592
2023,Fugitives (Flaring),13155.542,1368
2023,Fugitives (Leakage),0.1258,1368
2023,Stationary Fuel Combustion,8599.429125,1368
2023,CO2 from Biomass Combustion,0.0,839
2023,Stationary Fuel Combustion,49885.91235,839
2023,On-site Transportation,493.671,839
2023,On-site Transportation,16.691057,1750
2023,Stationary Fuel Combustion,11299.2171,1144
2023,Stationary Fuel Combustion,17167.9003,729
2023,On-site Transportation,225.05513,729
2023,Stationary Fuel Combustion,17007.885,1232
2023,Fugitives (Flaring),188.04038,259
2023,Fugitives (Leakage),75492.48244,259
2023,Stationary Fuel Combustion,58163.486,259
2023,Fugitives (Venting),10365.60371,259
2023,Stationary Fuel Combustion,10648.81,1961
2023,On-site Transportation,43094.6251,1961
2023,Stationary Fuel Combustion,10026.9617,792
2023,Industrial Process,9.167,792
2023,On-site Transportation,50.383,792
2023,Wastewater,58.156,792
2023,Fugitives (Flaring),1547.9221,857
2023,Stationary Fuel Combustion,22973.0535,857
2023,Fugitives (Flaring),977.4867,816
2023,Fugitives (Leakage),52.7456,816
2023,Stationary Fuel Combustion,18891.3009,816
2023,Fugitives (Venting),127.3696,816
2023,Fugitives (Flaring),527.1682,1517
2023,Fugitives (Leakage),31.3769,1517
2023,Stationary Fuel Combustion,9068.2416,1517
2023,CO2 from Biomass Combustion,0.0,526
2023,Stationary Fuel Combustion,48316.9266,526
2023,Industrial Process,4214.98736,526
2023,On-site Transportation,407.8035,526
2023,Fugitives (Flaring),163.42561,724
2023,Fugitives (Leakage),52.68312,724
2023,Stationary Fuel Combustion,13184.45408,724
2023,Fugitives (Venting),2786.21223,724
2023,Fugitives (Flaring),950.82065,567
2023,Fugitives (Leakage),705.72506,567
2023,Stationary Fuel Combustion,83453.72511,567
2023,Fugitives (Venting),2501.91785,567
2023,Fugitives (Flaring),999.69443,887
2023,Fugitives (Leakage),40.79452,887
2023,Stationary Fuel Combustion,19447.32555,887
2023,Fugitives (Venting),772.42084,887
2023,CO2 from Biomass Combustion,0.0,458
2023,Fugitives (Leakage),4.0348,458
2023,Stationary Fuel Combustion,10752.76455,458
2023,On-site Transportation,171.0517,458
2023,Stationary Fuel Combustion,0.17602,1276
2023,On-site Transportation,12.73009,1276
2023,Fugitives (Flaring),2026.02039,1055
2023,Fugitives (Leakage),216.50368,1055
2023,Stationary Fuel Combustion,30583.50984,1055
2023,Fugitives (Venting),1008.99043,1055
2023,On-site Transportation,12.034493,1277
2023,Fugitives (Flaring),1536.24287,1008
2023,Fugitives (Leakage),101.56097,1008
2023,Stationary Fuel Combustion,36274.74114,1008
2023,Fugitives (Venting),1166.36046,1008
2023,Fugitives (Flaring),28.70202,1751
2023,Fugitives (Leakage),129.9146,1751
2023,Stationary Fuel Combustion,6957.16858,1751
2023,Fugitives (Venting),5326.40809,1751
2023,Industrial Process,84.634,165
2023,On-site Transportation,19.9625,165
2023,Wastewater,24.698,165
2023,Stationary Fuel Combustion,15387.664,946
2023,Industrial Process,178.74,946
2023,On-site Transportation,424.598,946
2023,Fugitives (Flaring),2742.71,601
2023,Stationary Fuel Combustion,34376.12,601
2023,On-site Transportation,199.131,601
2023,On-site Transportation,19.458557,1342
2023,On-site Transportation,1.666517,1278
2023,Stationary Fuel Combustion,722.669465,510
2023,Industrial Process,0.406974,510
2023,On-site Transportation,4.125428,510
2023,CO2 from Biomass Combustion,0.0,1053
2023,Stationary Fuel Combustion,41.082,1053
2023,On-site Transportation,226.634,1053
2023,Waste,34550.64,1053
2023,Stationary Fuel Combustion,45.30854,231
2023,Industrial Process,15392.97,231
2023,On-site Transportation,243.34307,231
2023,CO2 from Biomass Combustion,0.0,211
2023,Stationary Fuel Combustion,162937.33,211
2023,Industrial Process,35.25,211
2023,On-site Transportation,2439.46,211
2023,Wastewater,381.6,211
2023,On-site Transportation,44.12064,1428
2023,On-site Transportation,41.105297,1279
2023,Stationary Fuel Combustion,29418.4974,663
2023,Industrial Process,13.4645,663
2023,On-site Transportation,33.6687,663
2023,Stationary Fuel Combustion,23539.82937,1281
2023,Industrial Process,783.96335,1281
2023,Fugitives (Flaring),1557.5621,1752
2023,Fugitives (Leakage),42.6356,1752
2023,Stationary Fuel Combustion,15662.2525,1752
2023,On-site Transportation,1.9105,1752
2023,Fugitives (Flaring),3835.696319,452
2023,Fugitives (Leakage),908.43566,452
2023,Stationary Fuel Combustion,42799.07906,452
2023,Fugitives (Venting),354.79403,452
2023,Fugitives (Flaring),8952.184912,500
2023,Fugitives (Leakage),162.541333,500
2023,Stationary Fuel Combustion,27742.01495,500
2023,Fugitives (Venting),2293.837105,500
2023,Fugitives (Flaring),1638.880657,501
2023,Fugitives (Leakage),68.971666,501
2023,Stationary Fuel Combustion,57284.36714,501
2023,Fugitives (Venting),2469.913002,501
2023,Fugitives (Flaring),198.374932,1132
2023,Fugitives (Leakage),241.363335,1132
2023,Stationary Fuel Combustion,15576.02969,1132
2023,Fugitives (Venting),585.961386,1132
2023,Fugitives (Flaring),27647.18009,145
2023,Fugitives (Leakage),401.11779,145
2023,Stationary Fuel Combustion,24555.19433,145
2023,Fugitives (Venting),57023.6193,145
2023,Wastewater,1.582845,145
2023,Fugitives (Flaring),10059.12493,391
2023,Fugitives (Leakage),1436.532542,391
2023,Stationary Fuel Combustion,83855.96483,391
2023,Fugitives (Venting),2399.734094,391
2023,Fugitives (Flaring),13262.63883,390
2023,Fugitives (Leakage),675.951364,390
2023,Stationary Fuel Combustion,37733.08944,390
2023,Fugitives (Venting),3494.848236,390
2023,Fugitives (Flaring),1126.834431,389
2023,Fugitives (Leakage),417.598885,389
2023,Stationary Fuel Combustion,65927.46141,389
2023,Fugitives (Venting),479.17006,389
2023,Fugitives (Flaring),1598.645059,1134
2023,Fugitives (Leakage),82.92125,1134
2023,Stationary Fuel Combustion,17237.66303,1134
2023,Fugitives (Venting),244.874897,1134
2023,Fugitives (Flaring),7956.701094,92
2023,Fugitives (Leakage),347.785224,92
2023,Stationary Fuel Combustion,174830.9522,92
2023,Fugitives (Venting),191089.3647,92
2023,Wastewater,0.15476,92
2023,Fugitives (Flaring),6587.87916,530
2023,Fugitives (Leakage),67.676701,530
2023,Stationary Fuel Combustion,98858.28628,530
2023,Fugitives (Venting),72.413722,530
2023,Fugitives (Leakage),44.70659,1422
2023,Stationary Fuel Combustion,11757.32972,1422
2023,Fugitives (Venting),58.347019,1422
2023,Fugitives (Flaring),11623.62526,99
2023,Fugitives (Leakage),15157.33783,99
2023,Stationary Fuel Combustion,91913.56094,99
2023,Fugitives (Venting),1078.259836,99
2023,Fugitives (Leakage),47.705026,1135
2023,Stationary Fuel Combustion,5462.931674,1135
2023,Fugitives (Venting),126.879899,1135
2023,Stationary Fuel Combustion,2642.398429,1514
2023,Fugitives (Venting),62.469725,1514
2023,Stationary Fuel Combustion,540445.7881,144
2023,Stationary Fuel Combustion,12468.49,1393
2023,On-site Transportation,0.65,1393
2023,CO2 from Biomass Combustion,0.0,945
2023,Stationary Fuel Combustion,15723.57305,945
2023,Industrial Process,182.407,945
2023,Wastewater,15.63977,945
2022,CO2 from Biomass Combustion,0.0,945
2022,Stationary Fuel Combustion,14353.95087,945
2022,Industrial Process,182.407,945
2022,Wastewater,7.67546,945
2023,Fugitives (Flaring),3108.077608,1486
2023,Stationary Fuel Combustion,11251.3072,1486
2023,Fugitives (Venting),1733.478045,1486
2023,Stationary Fuel Combustion,14696.1216,1213
2023,Industrial Process,148.0534,1213
2023,On-site Transportation,3.2706,1213
2023,Stationary Fuel Combustion,11768.9729,1257
2023,Industrial Process,104.8884,1257
2023,Stationary Fuel Combustion,1175.9291,1113
2023,Industrial Process,8.0837,1113
2023,Stationary Fuel Combustion,504.3027,1112
2023,Industrial Process,5.764405,1112
2023,On-site Transportation,18.1689,1112
2023,Stationary Fuel Combustion,21754.9778,1204
2023,On-site Transportation,26.6417,1204
2023,Stationary Fuel Combustion,34490.723,486
2023,On-site Transportation,275.536546,486
2023,Stationary Fuel Combustion,37735.75,1188
2023,Stationary Fuel Combustion,339.327,279
2023,Industrial Process,37330.6146,279
2023,On-site Transportation,161.6865,279
2023,Stationary Fuel Combustion,134.2652,1664
2023,On-site Transportation,313.395,1664
2023,Waste,83346.35,1664
2023,Stationary Fuel Combustion,27.7577,1365
2023,On-site Transportation,499.185,1365
2023,Waste,91551.45,1365
2023,Stationary Fuel Combustion,14.0935,1654
2023,On-site Transportation,207.01,1654
2023,Waste,32658.1,1654
2023,Fugitives (Leakage),13.1494,779
2023,Stationary Fuel Combustion,13046.9819,779
2023,Fugitives (Venting),2690.2438,779
2023,Fugitives (Flaring),282.4205,889
2023,Fugitives (Leakage),20.839,889
2023,Stationary Fuel Combustion,14539.8128,889
2023,Fugitives (Venting),1368.022,889
2023,Fugitives (Leakage),2.6248,891
2023,Stationary Fuel Combustion,11167.0591,891
2023,Fugitives (Venting),684.9975,891
2023,Fugitives (Flaring),215.2521,892
2023,Fugitives (Leakage),106.4164,892
2023,Stationary Fuel Combustion,13699.6808,892
2023,Fugitives (Venting),445.4927,892
2023,Fugitives (Flaring),11.6008,1899
2023,Fugitives (Leakage),6.4654,1899
2023,Stationary Fuel Combustion,9946.6963,1899
2023,Fugitives (Venting),455.8993,1899
2023,Fugitives (Flaring),44.2388,999
2023,Fugitives (Leakage),29.8452,999
2023,Stationary Fuel Combustion,12652.2108,999
2023,Fugitives (Venting),996.1342,999
2023,Fugitives (Leakage),9.1379,780
2023,Stationary Fuel Combustion,9715.2197,780
2023,Fugitives (Venting),1787.7421,780
2023,Stationary Fuel Combustion,50295.70824,414
2023,Industrial Process,65223.69074,414
2023,On-site Transportation,5370.906454,414
2023,Stationary Fuel Combustion,19164.19,1174
2023,On-site Transportation,12.88,1174
2023,On-site Transportation,244.83,1321
2023,Waste,29890.31,1321
2023,Fugitives (Flaring),9.82754,2008
2023,Stationary Fuel Combustion,12026.61714,2008
2023,Fugitives (Venting),13.96104,2008
2023,Fugitives (Flaring),1332.79927,1753
2023,Stationary Fuel Combustion,7489.23718,1753
2023,Fugitives (Venting),1799.24438,1753
2023,Stationary Fuel Combustion,9963.84522,1927
2023,Fugitives (Venting),1662.33306,1927
2023,Fugitives (Flaring),16756.92346,1115
2023,Fugitives (Leakage),701.21522,1115
2023,Stationary Fuel Combustion,56706.35364,1115
2023,On-site Transportation,32.88896,1115
2023,Fugitives (Venting),410.10897,1115
2023,Stationary Fuel Combustion,1894.35031,1754
2023,Fugitives (Venting),29512.77426,1754
2023,Fugitives (Flaring),2738.17307,304
2023,Fugitives (Leakage),1626.15835,304
2023,Stationary Fuel Combustion,597085.1966,304
2023,On-site Transportation,179.559,304
2023,Fugitives (Venting),98.061,304
2023,Fugitives (Flaring),2024.8589,1463
2023,Stationary Fuel Combustion,60125.91416,1463
2023,Fugitives (Venting),20.94185,1463
2023,Fugitives (Flaring),320.36972,2009
2023,Fugitives (Leakage),7.28081,2009
2023,Stationary Fuel Combustion,10155.17969,2009
2023,Fugitives (Venting),34.9538,2009
2023,Fugitives (Flaring),1239.2325,1015
2023,Stationary Fuel Combustion,207445.5049,1015
2023,On-site Transportation,32.9597,1015
2023,Fugitives (Venting),104.85708,1015
2023,Fugitives (Flaring),3171.64126,1241
2023,Stationary Fuel Combustion,252755.3024,1241
2023,Fugitives (Venting),591.39344,1241
2023,Fugitives (Flaring),975.48614,1409
2023,Stationary Fuel Combustion,261835.5371,1409
2023,Fugitives (Flaring),770.26251,1539
2023,Stationary Fuel Combustion,246242.9466,1539
2023,Fugitives (Venting),191.64148,1539
2023,Fugitives (Flaring),98.1875,923
2023,Fugitives (Leakage),80.0667,923
2023,Stationary Fuel Combustion,18332.3384,923
2023,Fugitives (Venting),972.1856,923
2023,Fugitives (Flaring),1224.5776,844
2023,Fugitives (Leakage),625.8054,844
2023,Stationary Fuel Combustion,48862.1607,844
2023,Fugitives (Venting),1942.2201,844
2023,Fugitives (Flaring),685.4757,989
2023,Fugitives (Leakage),140.8062,989
2023,Stationary Fuel Combustion,54307.8891,989
2023,On-site Transportation,102.14845,989
2023,Fugitives (Venting),6026.3203,989
2023,Fugitives (Flaring),6698.1199,578
2023,Fugitives (Leakage),566.3549,578
2023,Stationary Fuel Combustion,549960.8251,578
2023,On-site Transportation,94.6119,578
2023,Fugitives (Venting),170.8126,578
2023,Stationary Fuel Combustion,237243.788,508
2023,Stationary Fuel Combustion,4682.612569,520
2023,Fugitives (Leakage),3.41,528
2023,Stationary Fuel Combustion,20738.9836,528
2023,Fugitives (Leakage),0.136186,451
2023,Stationary Fuel Combustion,244616.9187,451
2023,Stationary Fuel Combustion,1422736.321,179
2023,Stationary Fuel Combustion,603551.312,66
2023,Stationary Fuel Combustion,752718.1166,1354
2023,Fugitives (Leakage),1460.615133,205
2023,Stationary Fuel Combustion,2026844.853,205
2023,Fugitives (Leakage),2439.145044,174
2023,Stationary Fuel Combustion,3055353.668,174
2023,Fugitives (Leakage),2986.137977,19
2023,Stationary Fuel Combustion,3425690.884,19
2023,Fugitives (Venting),0.4023,19
2023,Fugitives (Flaring),2423.75,1208
2023,On-site Transportation,340.01,1208
2023,Waste,12619.56,1208
2023,CO2 from Biomass Combustion,0.0,14
2023,Stationary Fuel Combustion,18340.56,14
2023,Stationary Fuel Combustion,9356.259531,1678
2023,On-site Transportation,16.14326,1678
2023,CO2 from Biomass Combustion,0.0,238
2023,On-site Transportation,1151.722,238
2023,Waste,109760.0,238
2023,CO2 from Biomass Combustion,0.0,523
2023,On-site Transportation,789.508,523
2023,Waste,39559.585,523
2023,CO2 from Biomass Combustion,0.0,497
2023,On-site Transportation,1047.939,497
2023,Waste,24364.02,497
2023,CO2 from Biomass Combustion,0.0,74
2023,On-site Transportation,1056.02,74
2023,Waste,39121.4414,74
2023,Stationary Fuel Combustion,608.7727,1305
2023,On-site Transportation,612.0855,1305
2023,Waste,18524.9,1305
2023,Fugitives (Flaring),29443.58099,1470
2023,Fugitives (Leakage),0.82693,1470
2023,Stationary Fuel Combustion,30643.87018,1470
2023,Fugitives (Flaring),522.59284,719
2023,Fugitives (Leakage),1494.01364,719
2023,Stationary Fuel Combustion,6220.12703,719
2023,Fugitives (Venting),1893.88227,719
2023,Fugitives (Flaring),200.0025,1528
2023,Fugitives (Leakage),14.8879,1528
2023,Stationary Fuel Combustion,10216.7941,1528
2023,Fugitives (Flaring),282.4611,932
2023,Fugitives (Leakage),54.5682,932
2023,Stationary Fuel Combustion,6861.9477,932
2023,Fugitives (Venting),4390.6141,932
2023,Fugitives (Flaring),9670.181,1755
2023,Stationary Fuel Combustion,700.4484,1755
2023,Fugitives (Flaring),12147.6567,1527
2023,Stationary Fuel Combustion,2725.8124,1527
2023,CO2 from Biomass Combustion,0.0,468
2023,Fugitives (Leakage),386.96,468
2023,Stationary Fuel Combustion,2122.904141,468
2023,Industrial Process,181320.4199,468
2023,On-site Transportation,714.202674,468
2023,Wastewater,9.2652,468
2023,CO2 from Biomass Combustion,0.0,1969
2023,Stationary Fuel Combustion,15742.036,1969
2023,On-site Transportation,2648.895,1969
2023,On-site Transportation,41.326933,1593
2023,CO2 from Biomass Combustion,0.0,1280
2023,Stationary Fuel Combustion,0.328997,1280
2023,On-site Transportation,16.9628,1280
2023,Stationary Fuel Combustion,20426.7013,490
2023,Industrial Process,0.585,490
2023,On-site Transportation,326.749,490
2023,Wastewater,0.11564,490
2023,Stationary Fuel Combustion,13500.5267,1316
2023,On-site Transportation,42.064865,1316
2023,Stationary Fuel Combustion,24498.17,755
2023,Stationary Fuel Combustion,46695.39,1217
2023,On-site Transportation,171.8835,1217
2023,Industrial Process,21400.266,1363
2023,Stationary Fuel Combustion,7629.100854,683
2023,On-site Transportation,4.69559,683
2023,CO2 from Biomass Combustion,0.0,1417
2023,Fugitives (Flaring),193.2216,1417
2023,Stationary Fuel Combustion,924.89775,1417
2023,Wastewater,32176.9201,1417
2023,Stationary Fuel Combustion,10912.35,1170
2023,On-site Transportation,10.05,1170
2023,CO2 from Biomass Combustion,0.0,288
2023,Fugitives (Flaring),1586.9882,288
2023,Stationary Fuel Combustion,86026.7243,288
2023,Industrial Process,1438.1815,288
2023,On-site Transportation,2048.9397,288
2023,Wastewater,3980.8349,288
2023,Stationary Fuel Combustion,11399.81,766
2023,Industrial Process,24.6208,766
2023,On-site Transportation,95.043,766
2023,CO2 from Biomass Combustion,0.0,434
2023,Stationary Fuel Combustion,14302.667,434
2022,CO2 from Biomass Combustion,0.0,434
2022,Stationary Fuel Combustion,14114.712,434
2023,Stationary Fuel Combustion,12927.1772,1757
2023,On-site Transportation,6.701034,1757
2022,Stationary Fuel Combustion,12873.5016,1757
2022,On-site Transportation,5.853043,1757
2023,CO2 from Biomass Combustion,0.0,653
2023,Stationary Fuel Combustion,13722.4216,653
2023,On-site Transportation,104.499124,653
2023,CO2 from Biomass Combustion,0.0,529
2023,Stationary Fuel Combustion,0.594828,529
2023,On-site Transportation,11.070158,529
2023,Waste,61005.56,529
2023,CO2 from Biomass Combustion,0.0,479
2023,On-site Transportation,94.1892,479
2023,Fugitives (Leakage),4414.365402,57
2023,Stationary Fuel Combustion,536285.2379,57
2023,Industrial Process,417.014,57
2023,Fugitives (Venting),7.725713,57
2023,Fugitives (Leakage),1701.08899,1252
2023,Stationary Fuel Combustion,251074.4437,1252
2023,Industrial Process,5.6212,1252
2023,Fugitives (Venting),0.460469,1252
2023,Stationary Fuel Combustion,100478.0931,469
2023,On-site Transportation,3193.9901,469
2023,Stationary Fuel Combustion,53848.611,310
2023,On-site Transportation,2291.4264,310
2023,Wastewater,6.7452,310
2023,Stationary Fuel Combustion,22507.75,1460
2023,Stationary Fuel Combustion,23513.08,1483
2023,On-site Transportation,28.04,1483
2023,Stationary Fuel Combustion,17508.78,1173
2023,On-site Transportation,24.91,1173
2023,CO2 from Biomass Combustion,0.0,1092
2023,On-site Transportation,273.445,1092
2023,Waste,16886.52,1092
2023,Stationary Fuel Combustion,16385.99,1172
2023,On-site Transportation,22.67,1172
2023,Stationary Fuel Combustion,0.141954,611
2023,On-site Transportation,0.006059,611
2023,Stationary Fuel Combustion,0.219772,1056
2023,On-site Transportation,0.002135,1056
2023,Stationary Fuel Combustion,34783.1552,765
2023,On-site Transportation,316.6592,765
2023,CO2 from Biomass Combustion,0.0,1598
2023,On-site Transportation,114.1552,1598
2023,Waste,10070.83,1598
2023,CO2 from Biomass Combustion,0.0,1580
2023,Stationary Fuel Combustion,1.28405,1580
2023,On-site Transportation,163.1552,1580
2023,Waste,18733.953,1580
2023,Stationary Fuel Combustion,0.0167,1758
2023,On-site Transportation,0.0043,1758
2023,Waste,46348.4,462
2023,Fugitives (Flaring),1232.51181,718
2023,Fugitives (Leakage),108.3072,718
2023,Stationary Fuel Combustion,25174.78167,718
2023,Fugitives (Venting),374.15118,718
2023,Fugitives (Leakage),39.54843,1383
2023,Stationary Fuel Combustion,22582.62093,1383
2023,Stationary Fuel Combustion,12428.17911,1575
2023,On-site Transportation,1564.1,1575
2023,CO2 from Biomass Combustion,0.0,815
2023,Waste,27308.96,815
2023,CO2 from Biomass Combustion,0.0,283
2023,Waste,172567.164,283
2023,Stationary Fuel Combustion,21176.326,250
2023,Industrial Process,564.0,250
2023,On-site Transportation,71.835,250
2023,Fugitives (Leakage),362862.6801,1351
2023,Stationary Fuel Combustion,22175.4192,1351
2023,Fugitives (Venting),17819.9524,1351
2023,Fugitives (Flaring),1849.1118,1350
2023,Fugitives (Leakage),44820.1693,1350
2023,Stationary Fuel Combustion,189034.2898,1350
2023,Fugitives (Venting),57976.4629,1350
2023,Fugitives (Flaring),502.1592,117
2023,Fugitives (Leakage),41.188,117
2023,Stationary Fuel Combustion,61171.0697,117
2023,Industrial Process,43975.473,117
2023,Wastewater,274.3864,117
2023,CO2 from Biomass Combustion,0.0,604
2023,On-site Transportation,245.3088,604
2023,Waste,38343.144,604
2023,CO2 from Biomass Combustion,0.0,252
2023,Stationary Fuel Combustion,97967.192,252
2023,On-site Transportation,612.511476,252
2023,Fugitives (Flaring),20125.104,1069
2023,Fugitives (Leakage),5.216,1069
2023,Stationary Fuel Combustion,325979.694,1069
2023,Fugitives (Venting),7291.824,1069
2023,Fugitives (Flaring),2457.21042,1293
2023,Fugitives (Leakage),165.72374,1293
2023,Stationary Fuel Combustion,29690.13286,1293
2023,Fugitives (Flaring),10076.08071,1019
2023,Fugitives (Leakage),3372.81685,1019
2023,Stationary Fuel Combustion,161809.7787,1019
2023,Fugitives (Venting),2167.21166,1019
2023,Fugitives (Flaring),2025.91601,564
2023,Fugitives (Leakage),763.27702,564
2023,Stationary Fuel Combustion,118811.7615,564
2023,Fugitives (Venting),771.47833,564
2023,Fugitives (Flaring),409.46004,563
2023,Fugitives (Leakage),363.88387,563
2023,Stationary Fuel Combustion,20021.04175,563
2023,Fugitives (Venting),514.71691,563
2023,Fugitives (Flaring),585.57177,1406
2023,Fugitives (Leakage),119.6584,1406
2023,Stationary Fuel Combustion,25197.7881,1406
2023,Fugitives (Venting),2530.68034,1406
2023,Fugitives (Flaring),14916.51173,108
2023,Fugitives (Leakage),147.66716,108
2023,Stationary Fuel Combustion,320866.3867,108
2023,Fugitives (Venting),57470.80817,108
2023,Stationary Fuel Combustion,18542.54,1550
2023,Stationary Fuel Combustion,18160.75,1229
2023,Fugitives (Leakage),16233.2147,446
2023,Stationary Fuel Combustion,1690.31,446
2023,On-site Transportation,13621.883,446
2023,Waste,118.3716,446
2023,Fugitives (Flaring),1090.189,963
2023,Stationary Fuel Combustion,44173.82421,963
2023,Fugitives (Venting),183.24018,963
2023,Fugitives (Flaring),1358.19961,680
2023,Stationary Fuel Combustion,26230.17804,680
2023,CO2 from Biomass Combustion,0.0,386
2023,Stationary Fuel Combustion,27786.48,386
2023,On-site Transportation,155.9424,1068
2023,Waste,26716.2,1068
2023,Stationary Fuel Combustion,17870.6342,667
2023,Fugitives (Flaring),112372.973,222
2023,Fugitives (Leakage),1352.68,222
2023,Stationary Fuel Combustion,35299.159,222
2023,Fugitives (Venting),44.996,222
2023,Fugitives (Flaring),126559.059,112
2023,Fugitives (Leakage),3.359625,112
2023,Stationary Fuel Combustion,370551.5166,112
2023,Stationary Fuel Combustion,12717.207,509
2023,Industrial Process,6351.50483,509
2023,On-site Transportation,100086.4226,509
2023,CO2 from Biomass Combustion,0.0,1633
2023,Stationary Fuel Combustion,3306.2381,1633
2023,On-site Transportation,664.8803,1633
2023,Waste,7702.0614,1633
2023,Stationary Fuel Combustion,367.699264,1355
2023,Waste,65790.40434,1355
2023,Fugitives (Flaring),2055.29719,309
2023,Fugitives (Leakage),474.44842,309
2023,Stationary Fuel Combustion,60391.0597,309
2023,Fugitives (Venting),1551.86509,309
2023,CO2 from Biomass Combustion,0.0,1552
2023,Stationary Fuel Combustion,127.043,1552
2023,On-site Transportation,1494.243,1552
2023,Waste,112779.72,1552
2023,Stationary Fuel Combustion,25639.79788,1577
2023,On-site Transportation,3077.3363,1577
2023,Stationary Fuel Combustion,261.7658,47
2023,Industrial Process,35836.8775,47
2023,On-site Transportation,232.5361,47
2023,Stationary Fuel Combustion,2587.538339,1659
2023,On-site Transportation,52.434665,1659
2023,Fugitives (Venting),26242.3689,1659
2023,Stationary Fuel Combustion,4709.597,1882
2023,On-site Transportation,19057.85,1882
2023,Stationary Fuel Combustion,89545.66121,133
2023,Industrial Process,67656.21677,133
2023,On-site Transportation,398.491594,133
2023,On-site Transportation,169.966584,1400
2023,Waste,18143.61,1400
2023,Fugitives (Flaring),229.2259,53
2023,Fugitives (Leakage),89.4908,53
2023,Stationary Fuel Combustion,169305.6095,53
2023,Industrial Process,746.392,53
2023,Fugitives (Flaring),0.77765,1986
2023,Fugitives (Leakage),13295.50458,1986
2023,Stationary Fuel Combustion,1322.14621,1986
2023,Fugitives (Venting),120.28759,1986
2023,Fugitives (Flaring),671.25747,1310
2023,Fugitives (Leakage),551.03584,1310
2023,Stationary Fuel Combustion,10391.82939,1310
2023,Fugitives (Venting),672.61736,1310
2023,Fugitives (Flaring),315.96234,1907
2023,Fugitives (Leakage),778.93368,1907
2023,Stationary Fuel Combustion,10389.34643,1907
2023,Fugitives (Venting),342.2535,1907
2023,Fugitives (Leakage),54.4239,1759
2023,Stationary Fuel Combustion,2437.4769,1759
2023,Industrial Process,24.346,1759
2023,On-site Transportation,1.85454,1759
2023,Stationary Fuel Combustion,1666.609,686
2023,Industrial Process,24812.06973,686
2023,Stationary Fuel Combustion,19107.13,687
2023,Fugitives (Flaring),5608.82295,1760
2023,Fugitives (Leakage),237.37102,1760
2023,Stationary Fuel Combustion,6681.87149,1760
2023,Fugitives (Leakage),6.1616,336
2023,Stationary Fuel Combustion,6435.4406,336
2023,On-site Transportation,0.10977,336
2023,Fugitives (Flaring),2065.97696,59
2023,Fugitives (Leakage),882.17737,59
2023,Stationary Fuel Combustion,428400.1374,59
2023,Industrial Process,3434.273,59
2023,On-site Transportation,116.01,59
2023,Fugitives (Venting),34093.01611,59
2023,Fugitives (Leakage),103.39018,1507
2023,Stationary Fuel Combustion,10999.94148,1507
2023,Fugitives (Venting),71.55098,1507
2023,Fugitives (Flaring),15.03303,1900
2023,Fugitives (Leakage),704.63098,1900
2023,Stationary Fuel Combustion,10320.29304,1900
2023,Fugitives (Venting),15.70625,1900
2023,Fugitives (Flaring),0.51941,1981
2023,Stationary Fuel Combustion,10096.37515,1981
2023,Fugitives (Venting),123.54205,1981
2023,Fugitives (Leakage),75.68637,1198
2023,Stationary Fuel Combustion,11592.48215,1198
2023,Fugitives (Venting),551.34032,1198
2023,Stationary Fuel Combustion,14233.63998,894
2023,Fugitives (Venting),151.99838,894
2023,Stationary Fuel Combustion,13174.82388,1977
2023,Fugitives (Venting),76.7863,1977
2023,Stationary Fuel Combustion,11092.91034,1978
2023,Fugitives (Venting),1.7452,1978
2023,Fugitives (Flaring),2341.33637,1990
2023,Fugitives (Leakage),291.30449,1990
2023,Stationary Fuel Combustion,17610.20079,1990
2023,Fugitives (Venting),1117.35895,1990
2023,Fugitives (Leakage),2071.29255,1932
2023,Stationary Fuel Combustion,7973.60769,1932
2023,Fugitives (Venting),270.09524,1932
2023,Fugitives (Flaring),96.16142,893
2023,Fugitives (Leakage),1030.44345,893
2023,Stationary Fuel Combustion,14278.26541,893
2023,Fugitives (Venting),300.99242,893
2023,Fugitives (Flaring),93.31199,1499
2023,Stationary Fuel Combustion,13878.7706,1499
2023,Fugitives (Venting),321.39178,1499
2023,Fugitives (Flaring),11.40595,701
2023,Fugitives (Leakage),526.80878,701
2023,Stationary Fuel Combustion,33965.48109,701
2023,Fugitives (Venting),140.0955,701
2023,Stationary Fuel Combustion,255.3016,620
2023,On-site Transportation,6356.475538,620
2023,Industrial Process,559.955258,616
2023,On-site Transportation,697.085657,616
2023,Industrial Process,1399.717442,614
2023,On-site Transportation,1323.520136,614
2023,Industrial Process,3699.087424,613
2023,On-site Transportation,1088.830761,613
2023,Stationary Fuel Combustion,324.015703,619
2023,On-site Transportation,919.780126,619
2023,Industrial Process,170.170642,618
2023,On-site Transportation,520.306837,618
2023,Industrial Process,1434.297374,617
2023,On-site Transportation,877.948752,617
2023,Industrial Process,1226.210777,785
2023,On-site Transportation,755.328685,785
2023,Industrial Process,614.626621,1887
2023,On-site Transportation,844.527232,1887
2023,Stationary Fuel Combustion,1520.3493,583
2023,Stationary Fuel Combustion,1515.807,1347
2023,Stationary Fuel Combustion,53515.54586,276
2023,CO2 from Biomass Combustion,0.0,420
2023,Stationary Fuel Combustion,63455.0926,420
2023,On-site Transportation,632.4679,420
2023,Waste,10.9893,420
2023,Wastewater,19.7963,420
2023,CO2 from Biomass Combustion,0.0,802
2023,Fugitives (Flaring),155.852,802
2023,Stationary Fuel Combustion,60642.015,802
2023,Fugitives (Venting),2476.32,802
2023,Wastewater,90.895,802
2023,Stationary Fuel Combustion,10419.29885,731
2023,On-site Transportation,101.247058,731
2023,Fugitives (Flaring),2402.4102,470
2023,Fugitives (Leakage),282.36716,470
2023,Stationary Fuel Combustion,149023.4345,470
2023,Fugitives (Venting),4081.40063,470
2023,Fugitives (Flaring),1312.25701,555
2023,Fugitives (Leakage),112.37061,555
2023,Stationary Fuel Combustion,1981.34562,555
2023,Fugitives (Venting),17.89236,555
2023,Fugitives (Flaring),454.89001,650
2023,Fugitives (Leakage),80.45931,650
2023,Stationary Fuel Combustion,17022.87944,650
2023,Fugitives (Venting),2931.82318,650
2023,Fugitives (Flaring),125.85715,651
2023,Fugitives (Leakage),63.94282,651
2023,Stationary Fuel Combustion,14799.20733,651
2023,Fugitives (Venting),401.13702,651
2023,Stationary Fuel Combustion,7822.57,1176
2023,On-site Transportation,6.79,1176
2023,Stationary Fuel Combustion,826305.8726,527
2023,Stationary Fuel Combustion,96515.2734,491
2023,Stationary Fuel Combustion,9994.73,1166
2023,On-site Transportation,21.52,1166
2023,Stationary Fuel Combustion,50175.5396,10
2023,Industrial Process,1053820.963,10
2023,On-site Transportation,4313.4268,10
2023,CO2 from Biomass Combustion,0.0,1247
2023,Stationary Fuel Combustion,3089.75569,1247
2023,On-site Transportation,67228.886,1247
2023,Waste,82.936,1247
2023,Stationary Fuel Combustion,9873.214202,483
2023,On-site Transportation,119639.6699,483
2023,Stationary Fuel Combustion,4250.0,344
2023,On-site Transportation,1433.0,344
2023,Wastewater,36241.99,344
2023,Stationary Fuel Combustion,19043.434,132
2023,Stationary Fuel Combustion,359859.1099,444
2023,Fugitives (Leakage),214.0852,37
2023,Stationary Fuel Combustion,88881.1981,37
2023,Industrial Process,47571.8648,37
2023,On-site Transportation,61.2759,37
2023,Fugitives (Venting),46.018,37
2023,On-site Transportation,228.185124,1065
2023,Waste,55941.63619,1065
2023,Stationary Fuel Combustion,14922.116,770
2023,On-site Transportation,324.5511,770
2023,Stationary Fuel Combustion,4153.335,1389
2023,On-site Transportation,608.911,1389
2023,Waste,12338.6,1389
2023,Stationary Fuel Combustion,3255.435,433
2023,On-site Transportation,97.392,433
2023,CO2 from Biomass Combustion,0.0,235
2023,Stationary Fuel Combustion,14850.378,235
2023,On-site Transportation,1091.782,235
2023,Wastewater,703.575,235
2023,Stationary Fuel Combustion,12845.5457,454
2023,Industrial Process,44.830725,454
2023,On-site Transportation,88.007205,454
2023,Stationary Fuel Combustion,19435.4301,709
2023,On-site Transportation,91.481883,709
2023,Stationary Fuel Combustion,18295.08207,741
2023,Industrial Process,2577.3658,741
2023,On-site Transportation,284.033614,741
2023,CO2 from Biomass Combustion,0.0,29
2023,Fugitives (Flaring),21985.3131,29
2023,Fugitives (Leakage),358.414,29
2023,Stationary Fuel Combustion,263919.8805,29
2023,On-site Transportation,423.8553,29
2023,Fugitives (Venting),120162.7706,29
2023,Wastewater,2204.69,29
2023,Stationary Fuel Combustion,20858.95,571
2023,Industrial Process,17394.0,571
2023,On-site Transportation,2784.71,571
2023,Stationary Fuel Combustion,2185.56,428
2023,On-site Transportation,689.0098,428
2023,Waste,53190.0,428
2023,Stationary Fuel Combustion,33314.198,1222
2023,On-site Transportation,200.16646,1222
2023,CO2 from Biomass Combustion,0.0,1221
2023,Stationary Fuel Combustion,6068.5892,1221
2023,On-site Transportation,80.17808,1221
2023,Fugitives (Flaring),334.32,328
2023,On-site Transportation,753.99,328
2023,Waste,78379.97,328
2023,Stationary Fuel Combustion,10056.032,1761
2023,On-site Transportation,64.80782,1761
2023,Fugitives (Leakage),223.4988,100
2023,Stationary Fuel Combustion,7959293.486,100
2023,Industrial Process,104.6384,100
2023,On-site Transportation,290.1957,100
2023,Fugitives (Venting),66.4239,100
2023,Waste,55.7426,100
2023,CO2 from Biomass Combustion,0.0,1287
2023,Stationary Fuel Combustion,188.991,1287
2023,On-site Transportation,388.59,1287
2023,Waste,16536.765,1287
2023,CO2 from Biomass Combustion,0.0,385
2023,Stationary Fuel Combustion,41.615,385
2023,On-site Transportation,672.578,385
2023,Waste,66658.55,385
2023,CO2 from Biomass Combustion,0.0,1312
2023,Stationary Fuel Combustion,20526.44,1312
2023,On-site Transportation,113.482,1312
2023,Stationary Fuel Combustion,15366.864,1339
2023,Stationary Fuel Combustion,13278.989,1214
2023,On-site Transportation,119.7866,1214
2023,Stationary Fuel Combustion,12976.0218,641
2023,Industrial Process,8.5812,641
2023,On-site Transportation,6831.3372,641
2023,Waste,134.736,641
2023,Wastewater,62.9807,641
2023,CO2 from Biomass Combustion,0.0,643
2023,Stationary Fuel Combustion,25569.7104,643
2023,On-site Transportation,23.858329,643
2023,Fugitives (Leakage),279.5774,58
2023,Stationary Fuel Combustion,365649.1586,58
2023,Fugitives (Venting),7.312,58
2023,Stationary Fuel Combustion,21394.841,1558
2023,On-site Transportation,301.0884,1558
2023,Stationary Fuel Combustion,18603.5152,1203
2023,On-site Transportation,33.4877,1203
2023,CO2 from Biomass Combustion,0.0,267
2023,Stationary Fuel Combustion,107073.572,267
2023,On-site Transportation,1945.4559,267
2023,Waste,3040.128,267
2023,Wastewater,157.2775,267
2023,CO2 from Biomass Combustion,0.0,622
2023,Stationary Fuel Combustion,12278.3373,622
2023,On-site Transportation,1755.9737,622
2023,Wastewater,771.733,622
2023,Industrial Process,13243.8575,1967
2023,Stationary Fuel Combustion,77640.98057,1137
2023,Stationary Fuel Combustion,40050.749,823
2023,On-site Transportation,59.96227,823
2023,Stationary Fuel Combustion,13574.453,1762
2023,On-site Transportation,63.2829,1762
2023,Stationary Fuel Combustion,32608.8769,634
2023,Industrial Process,2282.2442,634
2023,On-site Transportation,2682.4483,634
2023,Waste,1385.4,634
2023,Wastewater,41.8663,634
2023,Industrial Process,12582.1811,772
2023,Fugitives (Leakage),30.808,515
2023,Stationary Fuel Combustion,23800.33431,515
2023,On-site Transportation,0.07384,515
2023,Stationary Fuel Combustion,20426.2183,1236
2023,Stationary Fuel Combustion,21576.835,1140
2023,Stationary Fuel Combustion,13830.763,1184
2023,Stationary Fuel Combustion,12484.177,781
2023,On-site Transportation,294.88177,781
2023,Stationary Fuel Combustion,16892.65038,812
2023,Stationary Fuel Combustion,14852.8347,817
2023,On-site Transportation,111.4245,817
2023,Waste,119.0,817
2023,CO2 from Biomass Combustion,0.0,615
2023,Stationary Fuel Combustion,17435.9385,615
2023,On-site Transportation,346.7932,615
2023,CO2 from Biomass Combustion,0.0,1159
2023,Fugitives (Flaring),4.131,1159
2023,Waste,53340.0,1159
2023,Stationary Fuel Combustion,10830.021,796
2023,On-site Transportation,268.914,796
2023,Stationary Fuel Combustion,10432.737,1167
2023,On-site Transportation,9.99674,1167
2023,Stationary Fuel Combustion,8845.8964,1225
2023,On-site Transportation,42.84534,1225
2023,Stationary Fuel Combustion,788.3177,1209
2023,Industrial Process,2636.2862,1209
2023,Fugitives (Venting),1.37535,1209
2023,Stationary Fuel Combustion,5129.8297,736
2023,Stationary Fuel Combustion,14415.89,1067
2023,On-site Transportation,5.3205,1067
2023,Stationary Fuel Combustion,569.02,1763
2023,On-site Transportation,22.28,1763
2023,Stationary Fuel Combustion,371.0,1764
2023,On-site Transportation,40.03,1764
2023,On-site Transportation,166.25876,1520
2023,Waste,17384.36,1520
2023,Stationary Fuel Combustion,22041.38515,1125
2023,On-site Transportation,18.533184,1125
2023,CO2 from Biomass Combustion,0.0,859
2023,Waste,23646.3732,859
2023,Fugitives (Flaring),60.3385,846
2023,Fugitives (Leakage),420.3012,846
2023,Stationary Fuel Combustion,19859.2746,846
2023,Fugitives (Venting),152.9419,846
2023,Fugitives (Flaring),102.673,1510
2023,Fugitives (Leakage),442.157,1510
2023,Stationary Fuel Combustion,10201.1609,1510
2023,Fugitives (Venting),92.6508,1510
2023,Stationary Fuel Combustion,20782.5744,906
2023,On-site Transportation,220.498,906
2023,Stationary Fuel Combustion,5923.92,1223
2023,On-site Transportation,16.86314,1223
2023,Stationary Fuel Combustion,26348.01,1396
2023,On-site Transportation,87.7215,1396
2023,Industrial Process,9435.776,1200
2023,Stationary Fuel Combustion,44974.4428,1136
2023,Stationary Fuel Combustion,3391.167274,1374
2023,Industrial Process,23248.16332,1374
2023,On-site Transportation,5.775499,1374
2023,Stationary Fuel Combustion,27011.43798,1298
2023,On-site Transportation,62.04069,1298
2023,Fugitives (Flaring),2128.67921,977
2023,Stationary Fuel Combustion,67962.75122,977
2023,Fugitives (Venting),99.91548,977
2023,Fugitives (Flaring),7908.07631,1001
2023,Fugitives (Leakage),217.20287,1001
2023,Stationary Fuel Combustion,60394.71077,1001
2023,Fugitives (Venting),78.10431,1001
2023,Fugitives (Flaring),1834.92668,1461
2023,Fugitives (Leakage),30.54027,1461
2023,Stationary Fuel Combustion,60175.19574,1461
2023,Fugitives (Venting),28.44573,1461
2023,Fugitives (Flaring),493.63986,1529
2023,Fugitives (Leakage),153.37364,1529
2023,Stationary Fuel Combustion,87727.45212,1529
2023,Stationary Fuel Combustion,12604.95063,712
2023,On-site Transportation,106.57414,712
2023,CO2 from Biomass Combustion,0.0,2010
2023,Stationary Fuel Combustion,2665.944,2010
2023,Wastewater,9612.023,2010
2023,CO2 from Biomass Combustion,0.0,858
2023,Stationary Fuel Combustion,21515.235,858
2023,Wastewater,56545.704,858
2023,CO2 from Biomass Combustion,0.0,598
2023,Stationary Fuel Combustion,6355.19,598
2023,On-site Transportation,663.543,598
2023,Stationary Fuel Combustion,11459.7313,1387
2023,Stationary Fuel Combustion,31802.316,825
2023,On-site Transportation,124.42043,825
2023,Wastewater,3.100235,825
2023,Stationary Fuel Combustion,27014.909,11
2023,Industrial Process,508182.622,11
2023,On-site Transportation,2750.541,11
2023,Stationary Fuel Combustion,25670.55,1219
2023,On-site Transportation,38.57156,1219
2023,Stationary Fuel Combustion,33153.58,1216
2023,On-site Transportation,104.37293,1216
2023,Stationary Fuel Combustion,16632.46,1553
2023,On-site Transportation,26.85685,1553
2023,Stationary Fuel Combustion,21626.14,1218
2023,On-site Transportation,73.43819,1218
2023,Stationary Fuel Combustion,27037.61,1740
2023,On-site Transportation,128.86763,1740
2023,Stationary Fuel Combustion,17603.12,1408
2023,On-site Transportation,102.55742,1408
2023,CO2 from Biomass Combustion,0.0,821
2023,Fugitives (Flaring),7455.73915,821
2023,Stationary Fuel Combustion,5730.8036,821
2023,Wastewater,5088.51,821
2023,Fugitives (Flaring),1.869781,784
2023,Fugitives (Leakage),168.0,784
2023,Stationary Fuel Combustion,15024.95,784
2023,Industrial Process,28.8525,784
2023,On-site Transportation,7.80363,784
2023,Fugitives (Venting),6593.0,784
2023,Stationary Fuel Combustion,9234.4166,1215
2023,On-site Transportation,5.5225,1215
2023,Stationary Fuel Combustion,9837.9461,1413
2023,On-site Transportation,117.30003,1413
2023,Stationary Fuel Combustion,42922.3258,609
2023,On-site Transportation,462.2502,609
2023,Stationary Fuel Combustion,14729.218,824
2023,On-site Transportation,69.220205,824
2023,CO2 from Biomass Combustion,0.0,1398
2023,Stationary Fuel Combustion,13751.056,1398
2023,On-site Transportation,106.86775,1398
2023,Stationary Fuel Combustion,67.52,2000
2023,Stationary Fuel Combustion,18394.0273,640
2023,Industrial Process,14.0118,640
2023,On-site Transportation,3776.3987,640
2023,Waste,126.42,640
2023,Wastewater,48.8928,640
2023,Stationary Fuel Combustion,1441.916,1885
2023,On-site Transportation,25.7432,1885
2023,Stationary Fuel Combustion,7777.436,1260
2023,On-site Transportation,8.133448,1260
2023,Stationary Fuel Combustion,12439.7161,1177
2023,CO2 from Biomass Combustion,0.0,1676
2023,On-site Transportation,105.476,1676
2023,Waste,15960.28,1676
2023,Stationary Fuel Combustion,53629.8897,562
2023,Industrial Process,6.109036,562
2023,On-site Transportation,155.93529,562
2022,Stationary Fuel Combustion,27156.595,744
2023,CO2 from Biomass Combustion,0.0,320
2023,Stationary Fuel Combustion,2.88794,320
2023,On-site Transportation,2043.27033,320
2023,Waste,65617.532,320
2022,CO2 from Biomass Combustion,0.0,1372
2022,Stationary Fuel Combustion,88371.609,1372
2022,On-site Transportation,2600.1693,1372
2022,Waste,28000.0,1372
2022,Wastewater,802.95,1372
2023,CO2 from Biomass Combustion,0.0,1518
2023,Waste,21143.976,1518
2023,Stationary Fuel Combustion,28212.6807,1175
2023,Stationary Fuel Combustion,1683.386,416
2023,On-site Transportation,37.1194,416
2023,CO2 from Biomass Combustion,0.0,1194
2023,On-site Transportation,803.8291,1194
2023,Waste,10812.6816,1194
2023,Stationary Fuel Combustion,713.398784,419
2023,Industrial Process,16038.56276,419
2023,On-site Transportation,81.4805,419
2023,Stationary Fuel Combustion,13534.3132,1563
2023,CO2 from Biomass Combustion,0.0,1675
2023,On-site Transportation,32.911,1675
2023,Waste,11578.84,1675
2023,Stationary Fuel Combustion,258.62,1587
2023,On-site Transportation,28.53,1587
2023,Stationary Fuel Combustion,346.6,1586
2023,On-site Transportation,7.02,1586
2023,Stationary Fuel Combustion,11.3176,1677
2023,On-site Transportation,388.9065,1677
2023,Waste,49855.4,1677
2023,Stationary Fuel Combustion,27134.918,1171
2023,Fugitives (Flaring),7568.5788,424
2023,Fugitives (Leakage),187.852,424
2023,Stationary Fuel Combustion,2914.0679,424
2023,Stationary Fuel Combustion,33537.9,233
2023,Industrial Process,482459.8888,233
2023,On-site Transportation,1539.295,233
2023,Stationary Fuel Combustion,20350.9488,743
2023,On-site Transportation,11.0581,743
2023,Stationary Fuel Combustion,12552.335,111
2023,On-site Transportation,103.458,111
2023,Stationary Fuel Combustion,11043.0077,1559
2023,Stationary Fuel Combustion,18204.68965,477
2023,Industrial Process,3606.62852,477
2023,On-site Transportation,174003.3622,477
2023,Stationary Fuel Combustion,9196.8413,1506
2023,Stationary Fuel Combustion,13191.972,808
2023,Industrial Process,8.0,808
2022,Stationary Fuel Combustion,33818.7606,765
2022,On-site Transportation,247.0585,765
2023,Stationary Fuel Combustion,51948.66566,361
2023,Industrial Process,1.438,361
2023,On-site Transportation,156.177,361
2023,Wastewater,39.19,361
2023,Stationary Fuel Combustion,11396.1271,750
2023,Industrial Process,2.12,750
2023,On-site Transportation,20.3734,750
2023,Stationary Fuel Combustion,13576.0597,1379
2023,Stationary Fuel Combustion,10386.8286,1613
2023,Stationary Fuel Combustion,18172.4057,1560
2023,Stationary Fuel Combustion,38799.7683,1650
2023,Fugitives (Flaring),164.3386,1399
2023,Fugitives (Leakage),484.7,1399
2023,Stationary Fuel Combustion,12511.01,1399
2023,Fugitives (Venting),1149.0,1399
2023,Stationary Fuel Combustion,10987.42,1410
2023,Fugitives (Venting),1737.0,1410
2023,Fugitives (Flaring),73.5213,1388
2023,Fugitives (Leakage),701.0,1388
2023,Stationary Fuel Combustion,12929.78,1388
2023,Fugitives (Venting),2130.0,1388
2023,Stationary Fuel Combustion,10663.6755,1250
2023,On-site Transportation,30.9354,1250
2023,On-site Transportation,297.77,1084
2023,Waste,51570.12,1084
2023,CO2 from Biomass Combustion,0.0,624
2023,Stationary Fuel Combustion,11724.705,624
2023,Stationary Fuel Combustion,51151.94,514
2023,On-site Transportation,663.59,514
2023,Stationary Fuel Combustion,11143.7485,733
2023,Industrial Process,452.0,733
2023,On-site Transportation,7.803,733
2023,Fugitives (Leakage),23678.74,518
2023,Stationary Fuel Combustion,1436.19,518
2023,Fugitives (Venting),5421.94,518
2023,Stationary Fuel Combustion,22272.736,1224
2023,Fugitives (Flaring),352.93,76
2023,Stationary Fuel Combustion,24611.01,76
2023,Industrial Process,3167.6289,76
2023,On-site Transportation,151.615,76
2023,Fugitives (Venting),37.6,76
2023,Stationary Fuel Combustion,10743.439,1614
2023,Stationary Fuel Combustion,9975.615762,1304
2023,Industrial Process,352.392,1304
2023,On-site Transportation,19.63505,1304
2022,CO2 from Biomass Combustion,0.0,301
2022,Fugitives (Flaring),202955.3747,301
2022,Fugitives (Leakage),670729.79,301
2022,Stationary Fuel Combustion,3212695.014,301
2022,Industrial Process,876574.373,301
2022,On-site Transportation,482837.88,301
2022,Fugitives (Venting),100461.435,301
2022,Waste,2975.562856,301
2022,Wastewater,1727.63,301
2022,Stationary Fuel Combustion,57679.21483,321
2022,Industrial Process,1498.282632,321
2022,On-site Transportation,459.88822,321
2022,Stationary Fuel Combustion,47729.18399,1991
2022,CO2 from Biomass Combustion,0.0,65
2022,Stationary Fuel Combustion,31770.37078,65
2022,Industrial Process,322.580069,65
2022,On-site Transportation,941.0678,65
2022,CO2 from Biomass Combustion,0.0,151
2022,Stationary Fuel Combustion,11.473,151
2022,On-site Transportation,566.50539,151
2022,Waste,126736.68,151
2022,CO2 from Biomass Combustion,0.0,212
2022,Stationary Fuel Combustion,397196.7346,212
2022,Industrial Process,760600.3396,212
2022,On-site Transportation,3628.4287,212
2022,Stationary Fuel Combustion,43542.517,801
2022,Stationary Fuel Combustion,15995.74594,1681
2022,Stationary Fuel Combustion,54172.0284,39
2022,CO2 from Biomass Combustion,0.0,1648
2022,Stationary Fuel Combustion,4.200077,1648
2022,On-site Transportation,1990.42595,1648
2022,Waste,57202.74774,1648
2022,Stationary Fuel Combustion,12157.411,1233
2022,Stationary Fuel Combustion,41138.4949,1288
2022,Stationary Fuel Combustion,14317.28314,1289
2022,Stationary Fuel Combustion,613272.8803,305
2022,On-site Transportation,2.007208,305
2022,Stationary Fuel Combustion,956350.3252,459
2022,On-site Transportation,0.821808,459
2022,Stationary Fuel Combustion,794807.7092,1349
2022,On-site Transportation,3.304904,1349
2022,Stationary Fuel Combustion,257745.1368,26
2022,On-site Transportation,2.672293,26
2022,On-site Transportation,261.68,1682
2022,Waste,31242.25,1682
2022,Fugitives (Leakage),197656.9,1324
2022,Stationary Fuel Combustion,4594.23,1324
2022,Industrial Process,24.737,1324
2022,On-site Transportation,108448.62,1324
2022,Wastewater,58.1,1324
2022,Stationary Fuel Combustion,9806.617,1504
2022,On-site Transportation,1065.672,1504
2022,Stationary Fuel Combustion,517.035,1582
2022,Stationary Fuel Combustion,4073.055,1581
2022,Fugitives (Flaring),196.0,1683
2022,Stationary Fuel Combustion,2.4956,1683
2022,On-site Transportation,241.51,1683
2022,Waste,18203.36,1683
2022,Fugitives (Flaring),61.54474,1445
2022,Stationary Fuel Combustion,1982.9133,1445
2022,Fugitives (Venting),29622.14552,1445
2022,CO2 from Biomass Combustion,0.0,56
2022,Stationary Fuel Combustion,338770.1,56
2022,Industrial Process,398519.3,56
2022,On-site Transportation,2512.0356,56
2022,CO2 from Biomass Combustion,0.0,556
2022,Fugitives (Leakage),89.20023,556
2022,Stationary Fuel Combustion,67609.542,556
2022,On-site Transportation,899.21743,556
2022,Fugitives (Venting),4.7964,556
2022,Waste,711.418,556
2022,Wastewater,171.8737,556
2022,CO2 from Biomass Combustion,0.0,40
2022,Stationary Fuel Combustion,121400.994,40
2022,Industrial Process,53.0,40
2022,On-site Transportation,3025.60879,40
2022,Stationary Fuel Combustion,1007.8651,437
2022,On-site Transportation,32443.9063,437
2022,Stationary Fuel Combustion,2.0491,1684
2022,On-site Transportation,384.74586,1684
2022,Waste,38403.25473,1684
2022,Stationary Fuel Combustion,1065151.968,227
2022,Industrial Process,273.54,227
2022,Fugitives (Flaring),89.8775,1096
2022,Fugitives (Leakage),1740.2344,1096
2022,Stationary Fuel Combustion,42023.2723,1096
2022,Fugitives (Venting),11205.2904,1096
2022,Fugitives (Flaring),48.7892,2056
2022,Fugitives (Leakage),792.535,2056
2022,Stationary Fuel Combustion,10263.3778,2056
2022,Fugitives (Venting),2697.883,2056
2022,Fugitives (Flaring),320.13074,1441
2022,Fugitives (Leakage),7.80646,1441
2022,Stationary Fuel Combustion,4644.30573,1441
2022,Fugitives (Venting),52940.1195,1441
2022,CO2 from Biomass Combustion,0.0,1680
2022,Stationary Fuel Combustion,11.4793,1680
2022,On-site Transportation,236.575,1680
2022,Waste,26772.368,1680
2022,Fugitives (Leakage),15.804,318
2022,Stationary Fuel Combustion,24776.86,318
2022,Fugitives (Flaring),89.165,930
2022,Stationary Fuel Combustion,24063.2797,930
2022,On-site Transportation,316.1302,930
2022,On-site Transportation,16932.90896,607
2022,Stationary Fuel Combustion,147138.38,137
2022,Industrial Process,382148.7727,137
2022,On-site Transportation,1408.332,137
2022,Stationary Fuel Combustion,364807.0945,150
2022,Industrial Process,629959.8161,150
2022,On-site Transportation,2227.6197,150
2022,Stationary Fuel Combustion,19242.5933,1236
2022,Stationary Fuel Combustion,8036.70687,638
2022,On-site Transportation,3692.3339,638
2022,Stationary Fuel Combustion,62743.232,495
2022,Industrial Process,1842.6,495
2022,CO2 from Biomass Combustion,0.0,223
2022,Stationary Fuel Combustion,156916.594,223
2022,On-site Transportation,4220.307,223
2022,Waste,6251.28,223
2022,Wastewater,86.39,223
2022,Stationary Fuel Combustion,11491.41789,1145
2022,Stationary Fuel Combustion,9736.16524,405
2022,On-site Transportation,10381.96229,405
2022,Waste,95.47198,405
2022,Stationary Fuel Combustion,41279.043,485
2022,On-site Transportation,71.9028,485
2022,Stationary Fuel Combustion,13665.08134,1146
2022,CO2 from Biomass Combustion,0.0,214
2022,Fugitives (Flaring),1562.0735,214
2022,Fugitives (Leakage),15577.66,214
2022,Stationary Fuel Combustion,258392.8747,214
2022,On-site Transportation,3540.0049,214
2022,Wastewater,22.9617,214
2022,Stationary Fuel Combustion,16341.9709,1558
2022,On-site Transportation,207.6452,1558
2022,Stationary Fuel Combustion,9252.137,1555
2022,Stationary Fuel Combustion,15967.6828,1196
2022,Stationary Fuel Combustion,17393.8772,700
2022,Industrial Process,1715.822,700
2022,On-site Transportation,29.074,700
2022,Stationary Fuel Combustion,15081.91239,1153
2022,On-site Transportation,298.865805,1153
2022,Stationary Fuel Combustion,50529.941,465
2022,On-site Transportation,410.67105,465
2022,Stationary Fuel Combustion,46414.4444,1011
2022,Stationary Fuel Combustion,14183.426,800
2022,Stationary Fuel Combustion,45155.98636,319
2022,On-site Transportation,0.138277,319
2022,Stationary Fuel Combustion,4833.969075,649
2022,On-site Transportation,6487.455,649
2022,Stationary Fuel Combustion,5650.532,647
2022,On-site Transportation,8687.513,647
2022,Stationary Fuel Combustion,34313.97,233
2022,Industrial Process,483938.2115,233
2022,On-site Transportation,1463.557,233
2022,Fugitives (Flaring),436.220432,9
2022,Stationary Fuel Combustion,929702.152,9
2022,Industrial Process,2984151.648,9
2022,On-site Transportation,21952.57,9
2022,CO2 from Biomass Combustion,0.0,346
2022,Stationary Fuel Combustion,35671.667,346
2022,On-site Transportation,1655.2552,346
2022,Stationary Fuel Combustion,5173.731,104
2022,Industrial Process,196908.85,104
2022,Stationary Fuel Combustion,12072.2504,865
2022,On-site Transportation,15.809,865
2022,Stationary Fuel Combustion,34099.766,1183
2022,On-site Transportation,1411.44,1183
2022,Stationary Fuel Combustion,19070.573,1116
2022,On-site Transportation,207.673,1116
2022,CO2 from Biomass Combustion,0.0,636
2022,Stationary Fuel Combustion,4711.454,636
2022,Industrial Process,30.16,636
2022,On-site Transportation,10939.658,636
2022,Waste,70.658,636
2022,Stationary Fuel Combustion,23799.051,768
2022,On-site Transportation,120.234,768
2022,Stationary Fuel Combustion,23882.479,294
2022,Industrial Process,90579.7196,294
2022,On-site Transportation,3475.598,294
2022,Fugitives (Flaring),52347.3816,149
2022,Fugitives (Leakage),323.4,149
2022,Stationary Fuel Combustion,380652.5255,149
2022,Industrial Process,40970.0526,149
2022,On-site Transportation,124.8578,149
2022,Fugitives (Venting),18.152734,149
2022,Wastewater,474.5084,149
2022,Stationary Fuel Combustion,29649.2506,951
2022,Stationary Fuel Combustion,44569.08396,627
2022,Industrial Process,3227.54,627
2022,On-site Transportation,893.319065,627
2022,Stationary Fuel Combustion,12180.616,1197
2022,Stationary Fuel Combustion,58233.834,498
2022,Stationary Fuel Combustion,18998.9563,403
2022,Stationary Fuel Combustion,21376.1982,327
2022,Industrial Process,40825.70556,327
2022,On-site Transportation,144.6626,327
2022,Stationary Fuel Combustion,90414.721,401
2022,Industrial Process,5.083,401
2022,On-site Transportation,638.438,401
2022,CO2 from Biomass Combustion,0.0,439
2022,Stationary Fuel Combustion,19097.7092,439
2022,On-site Transportation,5148.0042,439
2022,Waste,8.7828,439
2022,CO2 from Biomass Combustion,0.0,843
2022,Stationary Fuel Combustion,34238.495,843
2022,On-site Transportation,1456.745,843
2022,Stationary Fuel Combustion,4269.3837,648
2022,On-site Transportation,4789.855,648
2022,CO2 from Biomass Combustion,0.0,107
2022,Stationary Fuel Combustion,138385.968,107
2022,Industrial Process,2210.2042,107
2022,On-site Transportation,2893.8567,107
2022,Stationary Fuel Combustion,7121.942,1426
2022,On-site Transportation,17.0084,1426
2022,Stationary Fuel Combustion,17950.41634,1202
2022,Stationary Fuel Combustion,50066.807,118
2022,Industrial Process,38289.38,118
2022,Stationary Fuel Combustion,41975.419,806
2022,Stationary Fuel Combustion,114040.4818,357
2022,CO2 from Biomass Combustion,0.0,136
2022,Stationary Fuel Combustion,279234.373,136
2022,Industrial Process,365639.0,136
2022,On-site Transportation,1815.3542,136
2022,Stationary Fuel Combustion,22444.916,1240
2022,CO2 from Biomass Combustion,0.0,80
2022,Stationary Fuel Combustion,86141.12989,80
2022,Industrial Process,1149.779982,80
2022,On-site Transportation,77498.91009,80
2022,Waste,53.661858,80
2022,Wastewater,36.340114,80
2022,Stationary Fuel Combustion,31050.6269,307
2022,On-site Transportation,6.785202,307
2022,Stationary Fuel Combustion,10577.119,1022
2022,Stationary Fuel Combustion,30982.925,728
2022,Stationary Fuel Combustion,49076.029,432
2022,Fugitives (Flaring),30713.0762,207
2022,Fugitives (Leakage),119.0247,207
2022,Stationary Fuel Combustion,158105.2454,207
2022,On-site Transportation,224.3389,207
2022,Fugitives (Venting),114575.5101,207
2022,CO2 from Biomass Combustion,0.0,519
2022,Stationary Fuel Combustion,15988.27846,519
2022,On-site Transportation,58.6574,519
2022,Stationary Fuel Combustion,1011.502841,3
2022,Stationary Fuel Combustion,1633.507289,120
2022,On-site Transportation,1.689077,120
2022,Stationary Fuel Combustion,22338.453,711
2022,Stationary Fuel Combustion,77506.76,461
2022,Fugitives (Flaring),6458.3903,160
2022,Stationary Fuel Combustion,93835.5871,160
2022,Industrial Process,206.83,160
2022,Stationary Fuel Combustion,779104.822,392
2022,On-site Transportation,2.722,392
2022,Stationary Fuel Combustion,24579.49166,813
2022,Industrial Process,140.3415,813
2022,Stationary Fuel Combustion,8583.7394,933
2022,Industrial Process,3413.1678,933
2022,On-site Transportation,515.02535,933
2022,Stationary Fuel Combustion,3084.50377,1501
2022,On-site Transportation,12006.8613,1501
2022,Stationary Fuel Combustion,83587.2908,308
2022,On-site Transportation,346.4883,308
2022,Stationary Fuel Combustion,4.543645,1580
2022,On-site Transportation,147.15334,1580
2022,Waste,18122.45727,1580
2022,Fugitives (Flaring),942.606,333
2022,Fugitives (Leakage),107.80268,333
2022,Stationary Fuel Combustion,28838.18951,333
2022,Fugitives (Venting),12337.47757,333
2022,CO2 from Biomass Combustion,0.0,78
2022,Stationary Fuel Combustion,37056.654,78
2022,On-site Transportation,2746.3509,78
2022,Wastewater,8730.9278,78
2022,Stationary Fuel Combustion,49807.021,313
2022,On-site Transportation,59.65331,313
2022,Stationary Fuel Combustion,77313.22711,381
2022,On-site Transportation,120.8351,381
2022,Stationary Fuel Combustion,22467.3839,131
2022,On-site Transportation,8351.816949,131
2022,Stationary Fuel Combustion,23586.55,241
2022,Stationary Fuel Combustion,30080.319,771
2022,Stationary Fuel Combustion,42691.71954,569
2022,Stationary Fuel Combustion,43852.96699,8
2022,Industrial Process,368843.4,8
2022,On-site Transportation,7688.97209,8
2022,Stationary Fuel Combustion,42974.6318,1149
2022,On-site Transportation,201.1073,1149
2022,Stationary Fuel Combustion,17273.066,775
2022,On-site Transportation,191.326,775
2022,Stationary Fuel Combustion,22796.979,1370
2022,On-site Transportation,7.418,1370
2022,Stationary Fuel Combustion,131252.3999,48
2022,CO2 from Biomass Combustion,0.0,72
2022,Stationary Fuel Combustion,909614.4362,72
2022,Industrial Process,3027013.734,72
2022,On-site Transportation,23983.3401,72
2022,Fugitives (Flaring),779.29441,1401
2022,Fugitives (Leakage),699.49978,1401
2022,Stationary Fuel Combustion,62432.25441,1401
2022,Fugitives (Venting),305.40058,1401
2022,Stationary Fuel Combustion,24467.19394,910
2022,On-site Transportation,55.9702,910
2022,Wastewater,0.77944,910
2022,Stationary Fuel Combustion,20756.1917,709
2022,On-site Transportation,88.93185,709
2022,Stationary Fuel Combustion,191185.6233,90
2022,Industrial Process,229032.5559,90
2022,Stationary Fuel Combustion,167503.7544,221
2022,Industrial Process,383076.743,221
2022,On-site Transportation,525.9401,221
2022,Fugitives (Flaring),79344.9635,244
2022,Fugitives (Leakage),2008.2438,244
2022,Stationary Fuel Combustion,56951.6462,244
2022,On-site Transportation,43.3806,244
2022,Fugitives (Leakage),199.9612,1093
2022,Stationary Fuel Combustion,19953.8485,1093
2022,Fugitives (Venting),7472.3585,1093
2022,Fugitives (Flaring),62.386,2040
2022,Fugitives (Leakage),115.2944,2040
2022,Stationary Fuel Combustion,11062.903,2040
2022,Fugitives (Venting),1162.0777,2040
2022,Fugitives (Flaring),1885.425,394
2022,Fugitives (Leakage),912.3003,394
2022,Stationary Fuel Combustion,43132.8689,394
2022,Fugitives (Venting),1715.3753,394
2022,Fugitives (Flaring),29315.84475,193
2022,Stationary Fuel Combustion,159059.5723,193
2022,Fugitives (Flaring),3895.708856,1418
2022,Fugitives (Leakage),23.324728,1418
2022,Stationary Fuel Combustion,19538.09368,1418
2022,Fugitives (Venting),1723.0612,1418
2022,Fugitives (Flaring),715.954171,1090
2022,Fugitives (Leakage),15.089928,1090
2022,Stationary Fuel Combustion,10311.27418,1090
2022,Fugitives (Venting),1137.3796,1090
2022,CO2 from Biomass Combustion,0.0,427
2022,Stationary Fuel Combustion,182.774857,427
2022,On-site Transportation,379.297266,427
2022,Waste,19215.89428,427
2022,Fugitives (Flaring),109520.2892,194
2022,Fugitives (Leakage),176.2404,194
2022,Stationary Fuel Combustion,609505.7425,194
2022,Industrial Process,41.264551,194
2022,On-site Transportation,417.130785,194
2022,Fugitives (Venting),2142.3585,194
2022,Wastewater,753.1802,194
2022,Fugitives (Flaring),6076.59404,1091
2022,Fugitives (Leakage),29.416856,1091
2022,Stationary Fuel Combustion,16375.50151,1091
2022,Fugitives (Venting),634.564,1091
2022,Stationary Fuel Combustion,168290.9191,358
2022,CO2 from Biomass Combustion,0.0,211
2022,Stationary Fuel Combustion,171779.12,211
2022,On-site Transportation,2667.05,211
2022,Wastewater,365.7,211
2022,Stationary Fuel Combustion,111499.7408,406
2022,On-site Transportation,36756.55399,406
2022,Fugitives (Flaring),0.268,268
2022,Fugitives (Leakage),34.43849,268
2022,Stationary Fuel Combustion,211930.0587,268
2022,On-site Transportation,0.43454,268
2022,CO2 from Biomass Combustion,0.0,412
2022,Fugitives (Leakage),22.562652,412
2022,Stationary Fuel Combustion,4296.28969,412
2022,On-site Transportation,478.13404,412
2022,Wastewater,580.8572,412
2022,Fugitives (Leakage),78.9,202
2022,Stationary Fuel Combustion,492439.48,202
2022,Fugitives (Flaring),1016.127775,909
2022,Fugitives (Leakage),394.965806,909
2022,Stationary Fuel Combustion,15153.87223,909
2022,Fugitives (Venting),1592.099315,909
2022,Stationary Fuel Combustion,13660.49198,645
2022,Industrial Process,6343.66,645
2022,Stationary Fuel Combustion,23468.8912,646
2022,Industrial Process,12446.45,646
2022,Fugitives (Leakage),120.4,849
2022,Stationary Fuel Combustion,3776.769,849
2022,Industrial Process,6651.21,849
2022,Stationary Fuel Combustion,317398.15,88
2022,Industrial Process,854659.6527,88
2022,On-site Transportation,4356.6849,88
2022,CO2 from Biomass Combustion,0.0,630
2022,Stationary Fuel Combustion,22941.37176,630
2022,Industrial Process,1100.368222,630
2022,On-site Transportation,754.306408,630
2022,Waste,469.759111,630
2022,Wastewater,94.655885,630
2022,CO2 from Biomass Combustion,0.0,602
2022,Stationary Fuel Combustion,89963.75391,602
2022,Industrial Process,408.1542,602
2022,On-site Transportation,36926.95381,602
2022,Waste,3929.948024,602
2022,CO2 from Biomass Combustion,0.0,232
2022,Stationary Fuel Combustion,726620.3717,232
2022,Industrial Process,182871.814,232
2022,On-site Transportation,394.185,232
2022,Fugitives (Flaring),601.40178,2092
2022,Stationary Fuel Combustion,1772.36663,2092
2022,Fugitives (Venting),99.94954,2092
2022,Stationary Fuel Combustion,933700.9747,349
2022,Industrial Process,20.238454,349
2022,On-site Transportation,1.49906,349
2022,Fugitives (Venting),13.16,349
2022,CO2 from Biomass Combustion,0.0,134
2022,Stationary Fuel Combustion,59642.2478,134
2022,Industrial Process,1395.0,134
2022,On-site Transportation,746.304,134
2022,CO2 from Biomass Combustion,0.0,526
2022,Stationary Fuel Combustion,65882.1027,526
2022,Industrial Process,3359.0,526
2022,On-site Transportation,330.463,526
2022,Fugitives (Leakage),12.683446,1344
2022,Stationary Fuel Combustion,37934.06997,1344
2022,Fugitives (Venting),10.701969,1344
2022,Fugitives (Leakage),1762.860401,1252
2022,Stationary Fuel Combustion,229753.7556,1252
2022,Industrial Process,442.728,1252
2022,Fugitives (Venting),0.178205,1252
2022,Fugitives (Leakage),10.40088,290
2022,Stationary Fuel Combustion,31713.92305,290
2022,On-site Transportation,52.62805,290
2022,Fugitives (Leakage),30.878876,146
2022,Stationary Fuel Combustion,897510.0477,146
2022,On-site Transportation,1.979392,146
2022,Stationary Fuel Combustion,8957.5,1567
2022,On-site Transportation,46.44125,1567
2022,Stationary Fuel Combustion,55987.4112,10
2022,Industrial Process,1079524.054,10
2022,On-site Transportation,5386.141,10
2022,CO2 from Biomass Combustion,0.0,722
2022,Stationary Fuel Combustion,37623.898,722
2022,On-site Transportation,222.5471,722
2022,CO2 from Biomass Combustion,0.0,293
2022,Stationary Fuel Combustion,56504.7165,293
2022,On-site Transportation,95.86777,293
2022,CO2 from Biomass Combustion,0.0,421
2022,Stationary Fuel Combustion,116540.1458,421
2022,Industrial Process,1769.269308,421
2022,On-site Transportation,127372.8671,421
2022,Waste,3088.243729,421
2022,Stationary Fuel Combustion,94529.61162,1301
2022,Industrial Process,823426.41,1301
2022,On-site Transportation,2522.506,1301
2022,CO2 from Biomass Combustion,0.0,165
2022,Stationary Fuel Combustion,40047.016,165
2022,Industrial Process,6.11673,165
2022,On-site Transportation,105.5657,165
2022,Waste,10388.0,165
2022,Wastewater,42.135,165
2022,Fugitives (Leakage),119.595,476
2022,Stationary Fuel Combustion,370165.5112,476
2022,On-site Transportation,0.0428,476
2022,Fugitives (Venting),9.8393,476
2022,Stationary Fuel Combustion,260045.9324,169
2022,Industrial Process,410661.7288,169
2022,On-site Transportation,2886.852,169
2022,Stationary Fuel Combustion,17120.33165,625
2022,On-site Transportation,67931.70497,625
2022,Waste,84.1938,625
2022,Wastewater,0.124765,625
2022,Stationary Fuel Combustion,23237.92243,589
2022,On-site Transportation,74138.1495,589
2022,Waste,23.7845,589
2022,Wastewater,0.38779,589
2022,Stationary Fuel Combustion,155113.022,286
2022,On-site Transportation,39448.141,286
2022,Fugitives (Flaring),14672.4073,1642
2022,Fugitives (Leakage),605.7267,1642
2022,Stationary Fuel Combustion,4320.5852,1642
2022,On-site Transportation,2.4527,1642
2022,Fugitives (Venting),92.7379,1642
2022,CO2 from Biomass Combustion,0.0,484
2022,Stationary Fuel Combustion,25920.53661,484
2022,Industrial Process,26.3374,484
2022,On-site Transportation,7363.590615,484
2022,Waste,1187.66868,484
2022,Wastewater,1.547079,484
2022,Stationary Fuel Combustion,1637836.016,206
2022,Industrial Process,33.5483,206
2022,On-site Transportation,3.3003,206
2022,Fugitives (Venting),2.723,206
2022,Wastewater,4.4856,206
2022,Stationary Fuel Combustion,99995.2493,377
2022,On-site Transportation,4135.9399,377
2022,Wastewater,11.0404,377
2022,Stationary Fuel Combustion,4636.6258,1649
2022,Industrial Process,307.172,1649
2022,On-site Transportation,23139.159,1649
2022,Fugitives (Leakage),40544.90496,463
2022,Stationary Fuel Combustion,20151.3325,463
2022,On-site Transportation,38803.49128,463
2022,Stationary Fuel Combustion,1110433.869,197
2022,Stationary Fuel Combustion,127614.3644,52
2022,CO2 from Biomass Combustion,0.0,466
2022,Stationary Fuel Combustion,113860.1404,466
2022,On-site Transportation,2272.246,466
2022,Fugitives (Leakage),25.806,187
2022,Stationary Fuel Combustion,196902.68,187
2022,Fugitives (Venting),0.01065,187
2022,Fugitives (Leakage),41.45,140
2022,Stationary Fuel Combustion,836888.6,140
2022,Fugitives (Venting),23.35,140
2022,Fugitives (Leakage),129.1667,46
2022,Stationary Fuel Combustion,358950.54,46
2022,Fugitives (Venting),32.8597,46
2022,Fugitives (Leakage),71.1266,285
2022,Stationary Fuel Combustion,237430.4389,285
2022,Fugitives (Venting),858.21559,285
2022,Fugitives (Flaring),1408.69398,355
2022,Stationary Fuel Combustion,123945.9573,355
2022,On-site Transportation,112.688194,355
2022,Stationary Fuel Combustion,78200.278,262
2022,Industrial Process,1461.4071,262
2022,On-site Transportation,31268.2919,262
2022,CO2 from Biomass Combustion,0.0,67
2022,Stationary Fuel Combustion,189288.2449,67
2022,On-site Transportation,3848.4735,67
2022,Wastewater,137.535,67
2022,Stationary Fuel Combustion,184632.82,64
2022,Industrial Process,787945.866,64
2022,On-site Transportation,10351.502,64
2022,CO2 from Biomass Combustion,0.0,55
2022,Stationary Fuel Combustion,212143.9301,55
2022,Industrial Process,554089.5954,55
2022,On-site Transportation,3519.4432,55
2022,CO2 from Biomass Combustion,0.0,135
2022,Stationary Fuel Combustion,127087.331,135
2022,Industrial Process,343074.375,135
2022,On-site Transportation,528.54635,135
2022,Stationary Fuel Combustion,31788.056,11
2022,Industrial Process,500128.405,11
2022,On-site Transportation,2776.24015,11
2022,Stationary Fuel Combustion,64377.7846,236
2022,Industrial Process,455186.7933,236
2022,On-site Transportation,1221.531009,236
2022,CO2 from Biomass Combustion,0.0,335
2022,Fugitives (Leakage),58.32,335
2022,Stationary Fuel Combustion,115257.4065,335
2022,Industrial Process,614.558,335
2022,On-site Transportation,2583.031,335
2022,Waste,6916.0,335
2022,Stationary Fuel Combustion,60591.899,12
2022,Industrial Process,757317.772,12
2022,On-site Transportation,3619.9546,12
2022,CO2 from Biomass Combustion,0.0,835
2022,Stationary Fuel Combustion,2.725,835
2022,On-site Transportation,124.93,835
2022,Waste,8828.12,835
2022,Stationary Fuel Combustion,105210.1593,252
2022,On-site Transportation,595.889642,252
2022,Stationary Fuel Combustion,15463.8396,237
2022,Industrial Process,511736.364,237
2022,On-site Transportation,1370.00015,237
2022,Stationary Fuel Combustion,66825.1554,229
2022,Industrial Process,829421.1855,229
2022,On-site Transportation,2774.23745,229
2022,Stationary Fuel Combustion,2452.70735,554
2022,Industrial Process,93604.372,554
2022,On-site Transportation,424.9295,554
2022,Stationary Fuel Combustion,23468.53,230
2022,Industrial Process,585596.194,230
2022,On-site Transportation,3525.2235,230
2022,Stationary Fuel Combustion,632.274808,837
2022,Industrial Process,9.4549,837
2022,On-site Transportation,15306.078,837
2022,Stationary Fuel Combustion,17980.28511,549
2022,On-site Transportation,8453.45493,549
2022,CO2 from Biomass Combustion,0.0,826
2022,Stationary Fuel Combustion,9864.87,826
2022,On-site Transportation,722.255,826
2022,Waste,1043.84,826
2022,Stationary Fuel Combustion,35054.675,486
2022,On-site Transportation,291.498446,486
2022,CO2 from Biomass Combustion,0.0,124
2022,Stationary Fuel Combustion,96913.62388,124
2022,On-site Transportation,2544.9064,124
2022,Stationary Fuel Combustion,14175.99171,1206
2022,On-site Transportation,522.446395,1206
2022,Stationary Fuel Combustion,23915.28109,1207
2022,On-site Transportation,1245.78433,1207
2022,Fugitives (Flaring),0.017009,259
2022,Fugitives (Leakage),146443.508,259
2022,Stationary Fuel Combustion,68629.71473,259
2022,Fugitives (Venting),13726.97072,259
2022,Stationary Fuel Combustion,25465.636,1139
2022,CO2 from Biomass Combustion,0.0,20
2022,Stationary Fuel Combustion,199845.9384,20
2022,Industrial Process,780.223,20
2022,On-site Transportation,3339.454835,20
2022,Waste,7915.6,20
2022,Stationary Fuel Combustion,10844.942,1496
2022,On-site Transportation,591.399,1496
2022,Stationary Fuel Combustion,20448.56,415
2022,Industrial Process,118.803,415
2022,On-site Transportation,6655.472,415
2022,Waste,952.0,415
2022,Stationary Fuel Combustion,20176.2705,730
2022,CO2 from Biomass Combustion,0.0,243
2022,Stationary Fuel Combustion,80014.30655,243
2022,Industrial Process,943.8,243
2022,On-site Transportation,980.001,243
2022,Waste,21475.748,243
2022,Stationary Fuel Combustion,227675.6515,1429
2022,Industrial Process,71553.1,1429
2022,On-site Transportation,31439.86153,1429
2022,Stationary Fuel Combustion,65468.7762,276
2022,Stationary Fuel Combustion,102497.96,138
2022,Stationary Fuel Combustion,50245.88917,457
2022,On-site Transportation,395.8886,457
2022,Stationary Fuel Combustion,43840.84976,591
2022,On-site Transportation,155.336262,591
2022,Stationary Fuel Combustion,7445.3163,1163
2022,Stationary Fuel Combustion,44554.8695,132
2022,Stationary Fuel Combustion,332868.7029,444
2022,Stationary Fuel Combustion,5105.0706,1161
2022,Stationary Fuel Combustion,11292.7127,1162
2022,Stationary Fuel Combustion,10366.07,1243
2022,Fugitives (Flaring),10812.89051,1181
2022,Fugitives (Leakage),19.9052,1181
2022,Stationary Fuel Combustion,821.317245,1181
2022,Wastewater,116.6,1181
2022,Stationary Fuel Combustion,56100.691,281
2022,Industrial Process,14379.0,281
2022,On-site Transportation,134.127,281
2022,CO2 from Biomass Combustion,0.0,473
2022,Stationary Fuel Combustion,39045.2174,473
2022,On-site Transportation,1085.5345,473
2022,Wastewater,391.405,473
2022,Stationary Fuel Combustion,144464.59,1137
2022,CO2 from Biomass Combustion,0.0,935
2022,Stationary Fuel Combustion,14793.5991,935
2022,On-site Transportation,9816.78768,935
2022,CO2 from Biomass Combustion,0.0,1017
2022,Stationary Fuel Combustion,5866.436,1017
2022,Industrial Process,2033.0,1017
2022,On-site Transportation,120518.022,1017
2022,Stationary Fuel Combustion,85729.048,352
2022,Stationary Fuel Combustion,11282.8689,731
2022,On-site Transportation,110.241584,731
2022,Stationary Fuel Combustion,38352.92185,691
2022,Fugitives (Venting),655.93,691
2022,Stationary Fuel Combustion,14431.28291,1513
2022,Stationary Fuel Combustion,8660.432545,1157
2022,On-site Transportation,33.827625,1157
2022,Stationary Fuel Combustion,7523.747387,1493
2022,Fugitives (Flaring),84147.4293,36
2022,Fugitives (Leakage),1314.4992,36
2022,Stationary Fuel Combustion,788161.4579,36
2022,Industrial Process,742779.9311,36
2022,On-site Transportation,1791.5177,36
2022,CO2 from Biomass Combustion,0.0,1117
2022,Stationary Fuel Combustion,74814.7052,1117
2022,On-site Transportation,383.2385,1117
2022,Wastewater,233.73,1117
2022,CO2 from Biomass Combustion,0.0,443
2022,Stationary Fuel Combustion,57715.6625,443
2022,On-site Transportation,1296.7349,443
2022,Wastewater,15082.184,443
2022,Stationary Fuel Combustion,12874.01721,929
2022,On-site Transportation,817.896811,929
2022,Stationary Fuel Combustion,14673.732,729
2022,On-site Transportation,245.78938,729
2022,Stationary Fuel Combustion,34013.312,822
2022,Industrial Process,2.726,822
2022,On-site Transportation,890.119,822
2022,Stationary Fuel Combustion,62369.7435,522
2022,Industrial Process,87.94866,522
2022,On-site Transportation,308.76296,522
2022,Wastewater,1349.8439,522
2022,Fugitives (Leakage),30.808,515
2022,Stationary Fuel Combustion,35693.19387,515
2022,On-site Transportation,0.15043,515
2022,Fugitives (Leakage),6.1616,336
2022,Stationary Fuel Combustion,8870.109788,336
2022,Industrial Process,43.005,336
2022,On-site Transportation,0.10935,336
2022,CO2 from Biomass Combustion,0.0,1320
2022,Stationary Fuel Combustion,771.2531,1320
2022,Waste,35441.573,1320
2022,Wastewater,2592.882,1320
2022,CO2 from Biomass Combustion,0.0,63
2022,Stationary Fuel Combustion,130936.439,63
2022,On-site Transportation,103.0492,63
2022,Stationary Fuel Combustion,20641.23973,774
2022,On-site Transportation,7.87552,774
2022,Stationary Fuel Combustion,29009.17966,1147
2022,Stationary Fuel Combustion,45357.91,157
2022,On-site Transportation,1813.05,157
2022,Wastewater,816.0905,157
2022,Fugitives (Flaring),3216.089614,161
2022,Fugitives (Leakage),22.624,161
2022,Stationary Fuel Combustion,59253.18916,161
2022,On-site Transportation,1038.902014,161
2022,Fugitives (Flaring),14784.59815,371
2022,Fugitives (Leakage),0.224,371
2022,Stationary Fuel Combustion,32942.66504,371
2022,On-site Transportation,2971.105245,371
2022,Fugitives (Venting),7.48084,371
2022,CO2 from Biomass Combustion,0.0,183
2022,Stationary Fuel Combustion,112184.2906,183
2022,Industrial Process,939.592175,183
2022,On-site Transportation,15317.59897,183
2022,Waste,810.557676,183
2022,Wastewater,11.607,183
2022,Stationary Fuel Combustion,552570.0533,300
2022,Stationary Fuel Combustion,50403.447,905
2022,Stationary Fuel Combustion,16038.4728,761
2022,On-site Transportation,100.424543,761
2022,Stationary Fuel Combustion,10102.598,867
2022,Stationary Fuel Combustion,61597.07594,22
2022,Fugitives (Flaring),129.2797,1228
2022,Fugitives (Leakage),313.3994,1228
2022,Stationary Fuel Combustion,21157.8765,1228
2022,Fugitives (Venting),235.7261,1228
2022,Fugitives (Leakage),140.256,1262
2022,Stationary Fuel Combustion,10110.2124,1262
2022,Fugitives (Venting),1197.9384,1262
2022,Stationary Fuel Combustion,544.89,1882
2022,On-site Transportation,443.07,1882
2022,Wastewater,26.611655,1882
2022,CO2 from Biomass Combustion,0.0,626
2022,Stationary Fuel Combustion,22045.208,626
2022,Industrial Process,415.432,626
2022,On-site Transportation,9216.818445,626
2022,Waste,0.112541,626
2022,Fugitives (Flaring),172.49,163
2022,Stationary Fuel Combustion,91434.421,163
2022,On-site Transportation,398.122,163
2022,Fugitives (Flaring),2.692,799
2022,Stationary Fuel Combustion,20962.683,799
2022,On-site Transportation,115.176,799
2022,Stationary Fuel Combustion,24988.5932,1143
2022,Fugitives (Leakage),21193.3988,435
2022,Stationary Fuel Combustion,18309.541,435
2022,On-site Transportation,40663.352,435
2022,Wastewater,0.2819,435
2022,Stationary Fuel Combustion,29971.4,474
2022,Industrial Process,22607.95,474
2022,On-site Transportation,511.48,474
2022,Stationary Fuel Combustion,13394.072,642
2022,Industrial Process,10.4,642
2022,On-site Transportation,41876.532,642
2022,Fugitives (Leakage),16.04,213
2022,Stationary Fuel Combustion,207169.619,213
2022,Industrial Process,330524.2621,213
2022,On-site Transportation,2510.62018,213
2022,Stationary Fuel Combustion,12011.5527,684
2022,Industrial Process,327.2,684
2022,On-site Transportation,126.161,684
2022,Stationary Fuel Combustion,3049.676945,689
2022,Fugitives (Leakage),43001.54712,295
2022,Stationary Fuel Combustion,23770.84951,295
2022,On-site Transportation,77076.54072,295
2022,Stationary Fuel Combustion,97205.25248,940
2022,Industrial Process,61.10528,940
2022,On-site Transportation,32357.70396,940
2022,Stationary Fuel Combustion,3481.806,31
2022,Industrial Process,229368.7,31
2022,Stationary Fuel Combustion,8478.313,1679
2022,On-site Transportation,2369.57285,1679
2022,Fugitives (Flaring),52.5855,94
2022,Stationary Fuel Combustion,221583.8637,94
2022,Industrial Process,58507.4432,94
2022,On-site Transportation,1581.7784,94
2022,Fugitives (Venting),1757.03868,94
2022,Fugitives (Flaring),165.0,200
2022,Stationary Fuel Combustion,401475.9531,200
2022,Industrial Process,124746.6389,200
2022,On-site Transportation,1158.1114,200
2022,CO2 from Biomass Combustion,0.0,819
2022,Stationary Fuel Combustion,9266.61,819
2022,On-site Transportation,0.120706,819
2022,Stationary Fuel Combustion,45400.2805,1136
2022,Stationary Fuel Combustion,13497.24,1127
2022,On-site Transportation,479.17355,1127
2022,Stationary Fuel Combustion,21657.42143,644
2022,On-site Transportation,34826.0265,644
2022,Stationary Fuel Combustion,11939.271,1576
2022,Fugitives (Flaring),1582.2186,98
2022,Fugitives (Leakage),96.0316,98
2022,Industrial Process,56383.0362,98
2022,Fugitives (Venting),11094.5212,98
2022,Waste,517.2715,98
2022,Wastewater,1293.1786,98
2022,Stationary Fuel Combustion,68110.65758,347
2022,On-site Transportation,533.926844,347
2022,Stationary Fuel Combustion,12311.079,1891
2022,CO2 from Biomass Combustion,0.0,1676
2022,On-site Transportation,89.0715,1676
2022,Waste,21296.8,1676
2022,Waste,41356.0,1040
2022,CO2 from Biomass Combustion,0.0,1039
2022,Stationary Fuel Combustion,0.7381,1039
2022,On-site Transportation,352.0,1039
2022,Waste,29120.0,1039
2022,Stationary Fuel Combustion,19181.838,637
2022,Stationary Fuel Combustion,5057.0353,1479
2022,Stationary Fuel Combustion,12.5641,1677
2022,On-site Transportation,356.9755,1677
2022,Waste,49991.76,1677
2022,Stationary Fuel Combustion,17933.938,1130
2022,On-site Transportation,22757.039,1130
2022,CO2 from Biomass Combustion,0.0,570
2022,Fugitives (Flaring),47.2648,570
2022,Stationary Fuel Combustion,51084.9066,570
2022,Industrial Process,90.787,570
2022,On-site Transportation,310.9392,570
2022,Fugitives (Venting),7814.04,570
2022,Waste,10936.1315,570
2022,Wastewater,11952.8649,570
2022,Stationary Fuel Combustion,10062.53163,1678
2022,On-site Transportation,20.535566,1678
2022,Stationary Fuel Combustion,16389.72089,1052
2022,Fugitives (Venting),343.79359,1052
2022,Stationary Fuel Combustion,11071.4059,1334
2022,Fugitives (Venting),1983.8634,1334
2022,Stationary Fuel Combustion,746.1574,1892
2022,Stationary Fuel Combustion,1330.493,516
2022,On-site Transportation,3315.82,516
2022,Waste,35746.536,516
2022,Stationary Fuel Combustion,21.9748,1237
2022,On-site Transportation,80.222,1237
2022,Waste,82736.0352,1237
2022,Fugitives (Flaring),124.12075,1625
2022,Stationary Fuel Combustion,12923.96629,1625
2022,Fugitives (Flaring),23352.3579,695
2022,Stationary Fuel Combustion,18143.47,695
2022,Fugitives (Venting),497.9481,695
2022,Stationary Fuel Combustion,31045.8038,1424
2022,Stationary Fuel Combustion,215431.4627,402
2022,On-site Transportation,0.701493,402
2022,Fugitives (Flaring),5038.5277,105
2022,Fugitives (Leakage),326.0,105
2022,Stationary Fuel Combustion,200220.0785,105
2022,On-site Transportation,1400.7874,105
2022,Fugitives (Flaring),4302.0423,956
2022,Fugitives (Leakage),210.7616,956
2022,Stationary Fuel Combustion,517045.8633,956
2022,On-site Transportation,696.9805,956
2022,Stationary Fuel Combustion,34532.04,1211
2022,On-site Transportation,775.8,1211
2022,Stationary Fuel Combustion,998.8583,419
2022,Industrial Process,198033.3544,419
2022,On-site Transportation,105.1991,419
2022,CO2 from Biomass Combustion,0.0,1956
2022,Stationary Fuel Combustion,5570.482,1956
2022,On-site Transportation,1856.84518,1956
2022,Fugitives (Flaring),699.73308,1987
2022,Stationary Fuel Combustion,13445.36188,1987
2022,Stationary Fuel Combustion,18842.1481,373
2022,Fugitives (Flaring),5183.727856,986
2022,Fugitives (Leakage),826.053033,986
2022,Stationary Fuel Combustion,161026.4167,986
2022,Fugitives (Venting),204.355877,986
2022,Fugitives (Flaring),104.20998,1261
2022,Fugitives (Leakage),57.94096,1261
2022,Stationary Fuel Combustion,49979.80879,1261
2022,Fugitives (Venting),16580.6211,1261
2022,Stationary Fuel Combustion,39324.582,585
2022,Fugitives (Flaring),2845.2681,734
2022,Fugitives (Leakage),180.502,734
2022,Stationary Fuel Combustion,50813.9193,734
2022,On-site Transportation,125.92065,734
2022,Wastewater,76.4876,734
2022,Fugitives (Flaring),44531.9029,38
2022,Fugitives (Leakage),50505.1652,38
2022,Stationary Fuel Combustion,4623013.494,38
2022,Fugitives (Venting),225663.2264,38
2022,Fugitives (Flaring),217.0091,2
2022,Fugitives (Leakage),2629.2405,2
2022,Stationary Fuel Combustion,339647.7842,2
2022,Fugitives (Venting),10160.9961,2
2022,Waste,1394.806,1004
2022,Stationary Fuel Combustion,12317.1309,1250
2022,On-site Transportation,46.273,1250
2022,Fugitives (Leakage),4347.317453,57
2022,Stationary Fuel Combustion,579001.8045,57
2022,Fugitives (Venting),5.174691,57
2022,Stationary Fuel Combustion,29303.11,793
2022,Stationary Fuel Combustion,26778.562,326
2022,On-site Transportation,200.468,326
2022,Stationary Fuel Combustion,75587.56438,1546
2022,Stationary Fuel Combustion,48929.4084,1431
2022,Industrial Process,394.7372,1431
2022,On-site Transportation,1148.629,1431
2022,Stationary Fuel Combustion,17706.51467,1348
2022,On-site Transportation,154.864438,1348
2022,Stationary Fuel Combustion,3574.362,1536
2022,Industrial Process,0.11,1536
2022,On-site Transportation,9.39853,1536
2022,Fugitives (Venting),6170.0,1536
2022,Stationary Fuel Combustion,8510.575,1537
2022,Fugitives (Venting),4227.0,1537
2022,Stationary Fuel Combustion,126.3005,1908
2022,On-site Transportation,172.6657,1908
2022,CO2 from Biomass Combustion,0.0,1883
2022,Stationary Fuel Combustion,6671.698,1883
2022,On-site Transportation,3861.274,1883
2022,Waste,0.032605,1883
2022,Waste,25723.6,1043
2022,On-site Transportation,142.9786,1118
2022,Waste,13430.4175,1118
2022,CO2 from Biomass Combustion,0.0,1121
2022,On-site Transportation,437.5017,1121
2022,Waste,48930.8959,1121
2022,Stationary Fuel Combustion,3853.458,1361
2022,On-site Transportation,69395.995,1361
2022,Stationary Fuel Combustion,45368.3049,312
2022,Industrial Process,134990.9634,312
2022,On-site Transportation,257.2625,312
2022,CO2 from Biomass Combustion,0.0,1675
2022,On-site Transportation,31.441,1675
2022,Waste,11534.04,1675
2022,Fugitives (Flaring),1047.53192,887
2022,Fugitives (Leakage),23.92734,887
2022,Stationary Fuel Combustion,17800.42079,887
2022,Fugitives (Venting),490.69396,887
2022,Stationary Fuel Combustion,5924.8602,2019
2022,Fugitives (Flaring),9924.943,1404
2022,Stationary Fuel Combustion,2124.421,1404
2022,Fugitives (Flaring),3876.244,1419
2022,Stationary Fuel Combustion,1333.882,1419
2022,Stationary Fuel Combustion,3409.7087,632
2022,On-site Transportation,12303.582,632
2022,Fugitives (Flaring),539.8288,973
2022,Fugitives (Leakage),561.77,973
2022,Stationary Fuel Combustion,30114.7782,973
2022,Fugitives (Venting),2585.5778,973
2022,Stationary Fuel Combustion,37376.01,688
2022,On-site Transportation,44.344169,688
2022,CO2 from Biomass Combustion,0.0,50
2022,Fugitives (Flaring),93.408117,50
2022,Stationary Fuel Combustion,47716.27,50
2022,Wastewater,1674.265,50
2022,Fugitives (Flaring),387.7037,560
2022,Fugitives (Leakage),220.667,560
2022,Stationary Fuel Combustion,73541.7122,560
2022,Fugitives (Venting),898.0429,560
2022,Fugitives (Leakage),26379.22308,296
2022,Stationary Fuel Combustion,27394.93792,296
2022,On-site Transportation,67429.25985,296
2022,Stationary Fuel Combustion,10702.7888,1234
2022,On-site Transportation,610.2316,1234
2022,CO2 from Biomass Combustion,0.0,455
2022,Stationary Fuel Combustion,59081.7909,455
2022,Industrial Process,2106.6885,455
2022,On-site Transportation,1322.3589,455
2022,Waste,2091.5844,455
2022,Fugitives (Flaring),170.42816,1880
2022,Fugitives (Leakage),4403.34532,1880
2022,Stationary Fuel Combustion,42500.25567,1880
2022,Fugitives (Venting),14076.69836,1880
2022,Fugitives (Flaring),935.98528,254
2022,Stationary Fuel Combustion,47718.2698,254
2022,Fugitives (Flaring),2713.03914,388
2022,Stationary Fuel Combustion,56974.507,388
2022,Stationary Fuel Combustion,23706.119,789
2022,Waste,1.8744,789
2022,Wastewater,98.1283,789
2022,CO2 from Biomass Combustion,0.0,1193
2022,Fugitives (Flaring),660.264205,1193
2022,Stationary Fuel Combustion,15363.4923,1193
2022,Waste,8092.76528,1193
2022,Wastewater,22181.241,1193
2022,CO2 from Biomass Combustion,0.0,1596
2022,Fugitives (Flaring),994.444345,1596
2022,Stationary Fuel Combustion,5368.027478,1596
2022,Wastewater,28053.905,1596
2022,CO2 from Biomass Combustion,0.0,1192
2022,Fugitives (Flaring),778.38578,1192
2022,Stationary Fuel Combustion,15468.9225,1192
2022,Wastewater,69109.75,1192
2022,Stationary Fuel Combustion,14208.504,745
2022,Stationary Fuel Combustion,11450.697,1432
2022,On-site Transportation,73.27,1432
2022,Fugitives (Flaring),1386.8254,1480
2022,Fugitives (Leakage),22.1136,1480
2022,Stationary Fuel Combustion,32106.8999,1480
2022,Fugitives (Venting),1.2578,1480
2022,Fugitives (Flaring),2370.7497,1524
2022,Fugitives (Leakage),146.38,1524
2022,Stationary Fuel Combustion,40292.7426,1524
2022,Fugitives (Venting),296.0756,1524
2022,Fugitives (Flaring),2063.2378,1525
2022,Fugitives (Leakage),70.8901,1525
2022,Stationary Fuel Combustion,21274.2014,1525
2022,Fugitives (Venting),538.9885,1525
2022,CO2 from Biomass Combustion,0.0,387
2022,Fugitives (Flaring),81.1065,387
2022,Fugitives (Leakage),41173.88,387
2022,Stationary Fuel Combustion,7345.2345,387
2022,Fugitives (Venting),10618.32,387
2022,Fugitives (Flaring),3051.472,1300
2022,Fugitives (Leakage),2296.22,1300
2022,Stationary Fuel Combustion,2659.926,1300
2022,Fugitives (Venting),8483.89,1300
2022,CO2 from Biomass Combustion,0.0,1185
2022,Fugitives (Flaring),127.51681,1185
2022,Stationary Fuel Combustion,18484.30134,1185
2022,Stationary Fuel Combustion,10490.5911,1672
2022,On-site Transportation,569.2684,1672
2022,Stationary Fuel Combustion,24671.15144,776
2022,Industrial Process,993.932,776
2022,Stationary Fuel Combustion,10371.50679,1509
2022,Stationary Fuel Combustion,20438.52749,777
2022,Stationary Fuel Combustion,19982.74,685
2022,On-site Transportation,54.212,685
2022,Stationary Fuel Combustion,990.121,1886
2022,Stationary Fuel Combustion,17834.2876,1343
2022,Fugitives (Flaring),0.4926,1291
2022,Stationary Fuel Combustion,11817.8217,1291
2022,Fugitives (Venting),5.3484,1291
2022,Fugitives (Flaring),318.1475,1035
2022,Stationary Fuel Combustion,27830.7148,1035
2022,Fugitives (Venting),755.9894,1035
2022,Fugitives (Flaring),414.4665,1673
2022,Fugitives (Leakage),81.0841,1673
2022,Stationary Fuel Combustion,11548.4131,1673
2022,Fugitives (Venting),416.2021,1673
2022,Fugitives (Flaring),449.16415,978
2022,Fugitives (Leakage),557.5696,978
2022,Stationary Fuel Combustion,12991.3759,978
2022,Fugitives (Venting),1333.6988,978
2022,Fugitives (Flaring),304.35565,997
2022,Fugitives (Leakage),222.7288,997
2022,Stationary Fuel Combustion,40377.02647,997
2022,Fugitives (Venting),1791.3028,997
2022,Fugitives (Flaring),241.26003,2093
2022,Stationary Fuel Combustion,13237.82203,2093
2022,Fugitives (Venting),516.3648,2093
2022,Stationary Fuel Combustion,18151.91678,1643
2022,On-site Transportation,1771.042988,1643
2022,Fugitives (Flaring),388.39596,1671
2022,Fugitives (Leakage),173.096,1671
2022,Stationary Fuel Combustion,14135.1987,1671
2022,Fugitives (Venting),52.0156,1671
2022,Stationary Fuel Combustion,9477.371,1608
2022,On-site Transportation,1588.69945,1608
2022,Stationary Fuel Combustion,6.77,1590
2022,On-site Transportation,119.6321,1590
2022,Waste,12545.27,1590
2022,Stationary Fuel Combustion,2927.7736,1578
2022,On-site Transportation,95986.4059,1578
2022,CO2 from Biomass Combustion,0.0,1065
2022,On-site Transportation,338.18,1065
2022,Waste,49667.14,1065
2022,CO2 from Biomass Combustion,0.0,1345
2022,Stationary Fuel Combustion,0.231485,1345
2022,On-site Transportation,237.595057,1345
2022,Waste,106548.53,1345
2022,CO2 from Biomass Combustion,0.0,1670
2022,Stationary Fuel Combustion,7489.803,1670
2022,On-site Transportation,1.473955,1670
2022,Stationary Fuel Combustion,18597.585,738
2022,Industrial Process,16.1705,738
2022,Stationary Fuel Combustion,12391.139,740
2022,Industrial Process,130.1124,740
2022,CO2 from Biomass Combustion,0.0,1053
2022,Stationary Fuel Combustion,35.48,1053
2022,On-site Transportation,207.513,1053
2022,Waste,23865.248,1053
2022,Stationary Fuel Combustion,4819.159,1158
2022,On-site Transportation,8956.598,1158
2022,Stationary Fuel Combustion,427.2348,279
2022,Industrial Process,141608.6516,279
2022,On-site Transportation,154.6016,279
2022,CO2 from Biomass Combustion,0.0,464
2022,Stationary Fuel Combustion,15107.68816,464
2022,On-site Transportation,1488.886059,464
2022,Fugitives (Flaring),845.119,1251
2022,Fugitives (Leakage),261.0076,1251
2022,Stationary Fuel Combustion,20427.8,1251
2022,On-site Transportation,3.204117,1251
2022,Fugitives (Leakage),93.5536,1636
2022,Stationary Fuel Combustion,15381.4827,1636
2022,On-site Transportation,4.336344,1636
2022,Fugitives (Leakage),8.6464,1925
2022,Stationary Fuel Combustion,12567.1475,1925
2022,On-site Transportation,2.261878,1925
2022,Fugitives (Flaring),452.3973,1630
2022,Fugitives (Leakage),158.018,1630
2022,Stationary Fuel Combustion,13193.4518,1630
2022,On-site Transportation,2.261878,1630
2022,Fugitives (Flaring),1339.55767,542
2022,Fugitives (Leakage),3278.7305,542
2022,Stationary Fuel Combustion,217304.17,542
2022,On-site Transportation,11.817099,542
2022,Fugitives (Venting),4636.6408,542
2022,CO2 from Biomass Combustion,0.0,622
2022,Stationary Fuel Combustion,12386.899,622
2022,On-site Transportation,1891.388,622
2022,Wastewater,1370.05,622
2022,CO2 from Biomass Combustion,0.0,267
2022,Stationary Fuel Combustion,114977.446,267
2022,On-site Transportation,1872.1176,267
2022,Wastewater,172.25,267
2022,Stationary Fuel Combustion,2.56638,1629
2022,On-site Transportation,87.70978,1629
2022,Waste,13557.745,1629
2022,Industrial Process,13851.0,1538
2022,On-site Transportation,102.0,1538
2022,Fugitives (Flaring),1452.856319,932
2022,Fugitives (Leakage),208.648531,932
2022,Stationary Fuel Combustion,7661.010175,932
2022,Fugitives (Venting),4347.055388,932
2022,Fugitives (Flaring),633.718791,1528
2022,Fugitives (Leakage),48.842576,1528
2022,Stationary Fuel Combustion,11306.34578,1528
2022,Fugitives (Venting),0.361256,1528
2022,Fugitives (Leakage),20.419318,1602
2022,Stationary Fuel Combustion,10503.11295,1602
2022,Fugitives (Venting),134.159197,1602
2022,Fugitives (Leakage),216.522075,2055
2022,Stationary Fuel Combustion,12012.77542,2055
2022,Fugitives (Venting),154.436026,2055
2022,CO2 from Biomass Combustion,0.0,367
2022,Stationary Fuel Combustion,67242.5915,367
2022,On-site Transportation,1412.82,367
2022,Fugitives (Leakage),150.4844,1495
2022,Stationary Fuel Combustion,17230.1231,1495
2022,Fugitives (Venting),1909.3109,1495
2022,Fugitives (Flaring),24.5705,1894
2022,Stationary Fuel Combustion,16888.5445,1894
2022,Fugitives (Venting),65.655,1894
2022,Fugitives (Flaring),16.8895,1963
2022,Fugitives (Leakage),254.6688,1963
2022,Stationary Fuel Combustion,7844.5485,1963
2022,Fugitives (Venting),2420.2272,1963
2022,Fugitives (Flaring),123575.1717,185
2022,Fugitives (Leakage),237.8647,185
2022,Stationary Fuel Combustion,152098.2806,185
2022,On-site Transportation,97.8762,185
2022,Fugitives (Venting),3066.9474,185
2022,Wastewater,3.1332,185
2022,Fugitives (Flaring),19967.0062,24
2022,Fugitives (Leakage),297.9189,24
2022,Stationary Fuel Combustion,117473.2069,24
2022,On-site Transportation,119.8345,24
2022,Fugitives (Venting),1057.3229,24
2022,Wastewater,0.042,24
2022,Fugitives (Flaring),15422.2617,1364
2022,Fugitives (Leakage),206.731,1364
2022,Stationary Fuel Combustion,117177.4539,1364
2022,On-site Transportation,35.3624,1364
2022,Fugitives (Venting),2101.8322,1364
2022,Wastewater,0.2156,1364
2022,Fugitives (Flaring),5301.54676,177
2022,Fugitives (Leakage),117.475848,177
2022,Stationary Fuel Combustion,93019.95902,177
2022,On-site Transportation,122.10955,177
2022,Fugitives (Venting),37218.07577,177
2022,Waste,45063.228,1662
2022,Waste,31923.164,1369
2022,Waste,14559.664,899
2022,CO2 from Biomass Combustion,0.0,532
2022,On-site Transportation,2391.9517,532
2022,Waste,370656.58,532
2022,Fugitives (Flaring),399.51604,880
2022,Fugitives (Leakage),27.4022,880
2022,Stationary Fuel Combustion,11641.38904,880
2022,Fugitives (Venting),1102.0984,880
2022,Fugitives (Flaring),457.88541,496
2022,Fugitives (Leakage),110.45391,496
2022,Stationary Fuel Combustion,34224.68804,496
2022,Fugitives (Venting),26889.56531,496
2022,Stationary Fuel Combustion,13992.87071,1489
2022,Fugitives (Venting),179.67655,1489
2022,Fugitives (Flaring),457.07121,879
2022,Fugitives (Leakage),54.44432,879
2022,Stationary Fuel Combustion,14516.06834,879
2022,Fugitives (Venting),7405.56494,879
2022,Waste,30452.8,919
2022,Fugitives (Leakage),58.7188,41
2022,Stationary Fuel Combustion,28507.07936,41
2022,Fugitives (Venting),1936.84782,41
2022,Waste,13540.24,920
2022,Fugitives (Flaring),1748.15009,883
2022,Fugitives (Leakage),176.06894,883
2022,Stationary Fuel Combustion,21708.09374,883
2022,Fugitives (Venting),5702.15148,883
2022,Fugitives (Flaring),270.19362,820
2022,Fugitives (Leakage),109.17725,820
2022,Stationary Fuel Combustion,13974.60216,820
2022,Fugitives (Venting),1729.67284,820
2022,Waste,10355.24,1070
2022,Waste,44421.72,579
2022,Fugitives (Flaring),67.74826,804
2022,Stationary Fuel Combustion,3684.23126,804
2022,Fugitives (Venting),25501.43718,804
2022,Waste,53516.4,979
2022,Stationary Fuel Combustion,7.88865,918
2022,Waste,25855.48,918
2022,CO2 from Biomass Combustion,0.0,448
2022,Waste,53813.172,448
2022,Fugitives (Flaring),175.32099,2077
2022,Stationary Fuel Combustion,10284.39184,2077
2022,Fugitives (Venting),263.51689,2077
2022,Fugitives (Flaring),1393.7796,1976
2022,Fugitives (Leakage),99.63446,1976
2022,Stationary Fuel Combustion,7540.99112,1976
2022,Fugitives (Venting),1560.9185,1976
2022,Fugitives (Flaring),143.3534,1569
2022,Fugitives (Leakage),18.8264,1569
2022,Stationary Fuel Combustion,10923.9618,1569
2022,Fugitives (Venting),268.4605,1569
2022,Fugitives (Flaring),2473.09703,1057
2022,Fugitives (Leakage),259.83264,1057
2022,Stationary Fuel Combustion,35518.95567,1057
2022,Fugitives (Venting),1275.76295,1057
2022,Fugitives (Flaring),483.7878,1475
2022,Fugitives (Leakage),42.1054,1475
2022,Stationary Fuel Combustion,9533.684,1475
2022,Fugitives (Flaring),8825.94399,84
2022,Fugitives (Leakage),136.31134,84
2022,Stationary Fuel Combustion,105791.8506,84
2022,Fugitives (Venting),68574.71003,84
2022,Fugitives (Flaring),187.922,926
2022,Fugitives (Leakage),57.9053,926
2022,Stationary Fuel Combustion,11132.8747,926
2022,Fugitives (Venting),155.3393,926
2022,Fugitives (Flaring),3994.6781,696
2022,Fugitives (Leakage),20.893,696
2022,Stationary Fuel Combustion,10841.4557,696
2022,Fugitives (Venting),60.7657,696
2022,Fugitives (Leakage),39.8848,697
2022,Stationary Fuel Combustion,18693.2183,697
2022,Fugitives (Venting),1092.1948,697
2022,Fugitives (Leakage),107.52139,1665
2022,Stationary Fuel Combustion,25880.59868,1665
2022,Fugitives (Venting),43084.80562,1665
2022,Fugitives (Leakage),1078.20619,2078
2022,Stationary Fuel Combustion,5134.9836,2078
2022,Fugitives (Venting),4686.1266,2078
2022,Stationary Fuel Combustion,12386.204,1526
2022,Fugitives (Flaring),31.28947,885
2022,Fugitives (Leakage),75.55387,885
2022,Stationary Fuel Combustion,14114.51844,885
2022,Fugitives (Venting),5992.41215,885
2022,Fugitives (Leakage),63.59904,1076
2022,Stationary Fuel Combustion,12308.79034,1076
2022,Fugitives (Venting),1599.89805,1076
2022,Stationary Fuel Combustion,11941.44108,1619
2022,Fugitives (Venting),399.78815,1619
2022,Fugitives (Flaring),49.90798,1982
2022,Stationary Fuel Combustion,12376.37734,1982
2022,Fugitives (Venting),518.30805,1982
2022,Fugitives (Flaring),186.78093,1624
2022,Fugitives (Leakage),319.48855,1624
2022,Stationary Fuel Combustion,8388.3801,1624
2022,Fugitives (Venting),4103.45118,1624
2022,Stationary Fuel Combustion,3384.1353,1659
2022,On-site Transportation,3.9297,1659
2022,Fugitives (Venting),31483.8908,1659
2022,Fugitives (Flaring),36.5385,924
2022,Fugitives (Leakage),463.954,924
2022,Stationary Fuel Combustion,1530.6958,924
2022,Fugitives (Venting),12315.296,924
2022,Fugitives (Flaring),227.0968,1940
2022,Fugitives (Leakage),50.4552,1940
2022,Stationary Fuel Combustion,14633.1315,1940
2022,Fugitives (Venting),0.04576,1940
2022,Stationary Fuel Combustion,12857.30471,1028
2022,Fugitives (Venting),308.8907,1028
2022,Stationary Fuel Combustion,34972.123,1523
2022,On-site Transportation,661.421,1523
2022,Stationary Fuel Combustion,9225.95787,1415
2022,Fugitives (Venting),1389.13541,1415
2022,Fugitives (Leakage),177.86449,1029
2022,Stationary Fuel Combustion,24036.4269,1029
2022,Fugitives (Venting),2392.69113,1029
2022,Stationary Fuel Combustion,12452.53065,1909
2022,Fugitives (Venting),280.47621,1909
2022,Fugitives (Flaring),23413.6773,208
2022,Fugitives (Leakage),812.3096,208
2022,Stationary Fuel Combustion,106598.9991,208
2022,On-site Transportation,64.4062,208
2022,Fugitives (Venting),68655.2664,208
2022,Fugitives (Flaring),253.77255,1326
2022,Stationary Fuel Combustion,24188.43792,1326
2022,Fugitives (Venting),1505.204,1326
2022,Stationary Fuel Combustion,14701.5861,965
2022,On-site Transportation,3127.4643,965
2022,Stationary Fuel Combustion,5968.4004,422
2022,Industrial Process,2181.577,422
2022,On-site Transportation,45649.3469,422
2022,Stationary Fuel Combustion,28164.6681,148
2022,Industrial Process,10311.384,148
2022,On-site Transportation,254620.2847,148
2022,Stationary Fuel Combustion,9660.324,2025
2022,Fugitives (Venting),719.5513,2025
2022,Fugitives (Flaring),14.949999,672
2022,Fugitives (Leakage),1274.605173,672
2022,Stationary Fuel Combustion,15375.80463,672
2022,Fugitives (Venting),583.039748,672
2022,Fugitives (Leakage),44.7719,872
2022,Stationary Fuel Combustion,9949.6648,872
2022,Fugitives (Venting),407.3625,872
2022,Fugitives (Flaring),77.4871,2039
2022,Stationary Fuel Combustion,9919.8041,2039
2022,Fugitives (Venting),1040.4625,2039
2022,Fugitives (Flaring),23.5186,2051
2022,Fugitives (Leakage),118.0572,2051
2022,Stationary Fuel Combustion,13810.9772,2051
2022,Fugitives (Venting),365.5746,2051
2022,Fugitives (Leakage),646.5874,1923
2022,Stationary Fuel Combustion,10872.0369,1923
2022,Fugitives (Venting),6195.8799,1923
2022,Fugitives (Flaring),4.2206,1952
2022,Stationary Fuel Combustion,17561.0193,1952
2022,Fugitives (Venting),232.2753,1952
2022,Fugitives (Flaring),62712.2157,106
2022,Fugitives (Leakage),59.5933,106
2022,Stationary Fuel Combustion,90734.3089,106
2022,On-site Transportation,69.8977,106
2022,Stationary Fuel Combustion,27706.1147,1420
2022,Fugitives (Flaring),83.9286,1468
2022,Fugitives (Leakage),353.2342,1468
2022,Stationary Fuel Combustion,19059.1246,1468
2022,Fugitives (Venting),548.3619,1468
2022,Fugitives (Leakage),243.7128,1094
2022,Stationary Fuel Combustion,23277.2759,1094
2022,Fugitives (Venting),3204.0615,1094
2022,Fugitives (Flaring),10156.8283,1095
2022,Fugitives (Leakage),224.4508,1095
2022,Stationary Fuel Combustion,10852.7126,1095
2022,Fugitives (Flaring),106.9797,1962
2022,Fugitives (Leakage),31.7226,1962
2022,Stationary Fuel Combustion,10543.972,1962
2022,Fugitives (Venting),2123.3933,1962
2022,Fugitives (Leakage),286.8821,49
2022,Stationary Fuel Combustion,316425.0253,49
2022,Fugitives (Flaring),137.1596,2047
2022,Fugitives (Leakage),310.6569,2047
2022,Stationary Fuel Combustion,23288.6789,2047
2022,Fugitives (Venting),170.293,2047
2022,Fugitives (Leakage),99.3162,32
2022,Stationary Fuel Combustion,769054.4771,32
2022,Industrial Process,247.699,32
2022,Fugitives (Leakage),67.8897,431
2022,Stationary Fuel Combustion,120818.1109,431
2022,Fugitives (Leakage),327.8764,545
2022,Stationary Fuel Combustion,2462082.71,545
2022,Fugitives (Flaring),2894.529762,156
2022,Fugitives (Leakage),82.575464,156
2022,Stationary Fuel Combustion,65536.30051,156
2022,Fugitives (Venting),1505.125036,156
2022,Fugitives (Leakage),113.6181,1905
2022,Stationary Fuel Combustion,20211.2417,1905
2022,Fugitives (Venting),3536.2344,1905
2022,Fugitives (Leakage),41.9957,2090
2022,Stationary Fuel Combustion,20173.8899,2090
2022,Fugitives (Venting),434.7741,2090
2022,CO2 from Biomass Combustion,0.0,409
2022,Fugitives (Flaring),13.51738,409
2022,Stationary Fuel Combustion,20.96,409
2022,On-site Transportation,12.2734,409
2022,Waste,37296.0,409
2022,Stationary Fuel Combustion,737640.3977,1030
2022,On-site Transportation,1804.8471,1030
2022,Fugitives (Flaring),38817.7876,240
2022,Fugitives (Leakage),811.5612,240
2022,Stationary Fuel Combustion,164355.1593,240
2022,On-site Transportation,56.3136,240
2022,Fugitives (Venting),84561.5927,240
2022,Fugitives (Flaring),54.7546,1893
2022,Stationary Fuel Combustion,5603.1969,1893
2022,Fugitives (Venting),323.47258,1893
2022,Fugitives (Flaring),173.87179,1327
2022,Stationary Fuel Combustion,11793.98404,1327
2022,Fugitives (Venting),31.41249,1327
2022,Fugitives (Leakage),6.12388,1910
2022,Stationary Fuel Combustion,17566.36264,1910
2022,Fugitives (Venting),2059.20819,1910
2022,Fugitives (Flaring),90.5113,884
2022,Stationary Fuel Combustion,21395.42587,884
2022,Fugitives (Venting),1645.70935,884
2022,Stationary Fuel Combustion,16995.9268,707
2022,Stationary Fuel Combustion,12277.8514,720
2022,Wastewater,218.0446,720
2022,Stationary Fuel Combustion,19110.2107,747
2022,Wastewater,174.4421,747
2022,Stationary Fuel Combustion,17849.6883,723
2022,Wastewater,272.5439,723
2022,Stationary Fuel Combustion,19138.4068,751
2022,Stationary Fuel Combustion,17434.1894,791
2022,Stationary Fuel Combustion,28943.6019,699
2022,Stationary Fuel Combustion,31402.5812,716
2022,Stationary Fuel Combustion,13575.692,809
2022,Waste,15.9209,809
2022,Stationary Fuel Combustion,11916.2371,2084
2022,Wastewater,43.5213,2084
2022,Stationary Fuel Combustion,21985.0768,1204
2022,Stationary Fuel Combustion,24887.3708,795
2022,Wastewater,107.1503,795
2022,CO2 from Biomass Combustion,0.0,1085
2022,Fugitives (Flaring),98.0,1085
2022,Stationary Fuel Combustion,8.7306,1085
2022,On-site Transportation,604.45,1085
2022,Waste,51850.12,1085
2022,Stationary Fuel Combustion,20860.2248,996
2022,Wastewater,204.9718,996
2022,CO2 from Biomass Combustion,0.0,350
2022,On-site Transportation,11.545596,350
2022,Waste,115724.6775,350
2022,Stationary Fuel Combustion,366.345,1323
2022,On-site Transportation,1019.21,1323
2022,Waste,78779.55,1323
2022,Fugitives (Flaring),2938.7207,429
2022,Fugitives (Leakage),3861.5114,429
2022,Stationary Fuel Combustion,288250.2195,429
2022,On-site Transportation,1340.2054,429
2022,Fugitives (Venting),111.9552,429
2022,Fugitives (Flaring),5623.3113,299
2022,Fugitives (Leakage),2388.4398,299
2022,Stationary Fuel Combustion,211029.7374,299
2022,On-site Transportation,490.1856,299
2022,Fugitives (Venting),111.636,299
2022,Stationary Fuel Combustion,31010.38569,1655
2022,On-site Transportation,780.11923,1655
2022,CO2 from Biomass Combustion,0.0,677
2022,Stationary Fuel Combustion,83.836022,677
2022,On-site Transportation,1070.51404,677
2022,Waste,30930.2,677
2022,Stationary Fuel Combustion,12685.62008,1626
2022,On-site Transportation,581.57921,1626
2022,Stationary Fuel Combustion,12687.28387,1628
2022,On-site Transportation,938.86029,1628
2022,Stationary Fuel Combustion,13053.20624,1627
2022,On-site Transportation,346.91139,1627
2022,Fugitives (Flaring),4.598,1960
2022,Fugitives (Leakage),626.97,1960
2022,Stationary Fuel Combustion,11722.036,1960
2022,Fugitives (Venting),99.929,1960
2022,Stationary Fuel Combustion,80286.876,456
2022,On-site Transportation,698.561,456
2022,Fugitives (Flaring),2177.9562,1517
2022,Fugitives (Leakage),16.4613,1517
2022,Stationary Fuel Combustion,13581.9256,1517
2022,Stationary Fuel Combustion,85966.68967,343
2022,CO2 from Biomass Combustion,0.0,1212
2022,Stationary Fuel Combustion,297.025,1212
2022,Waste,48617.95,1212
2022,Stationary Fuel Combustion,139518.0616,342
2022,CO2 from Biomass Combustion,0.0,298
2022,Stationary Fuel Combustion,7617.5838,298
2022,Waste,12043.1411,298
2022,Wastewater,204.787,298
2022,CO2 from Biomass Combustion,0.0,21
2022,Waste,587849.64,21
2022,Waste,73925.32,218
2022,CO2 from Biomass Combustion,0.0,534
2022,Stationary Fuel Combustion,16927.2494,534
2022,On-site Transportation,251339.532,534
2022,Waste,3892.3503,534
2022,Wastewater,0.0795,534
2022,Waste,41198.64,331
2022,Fugitives (Flaring),689.731,816
2022,Fugitives (Leakage),19.8689,816
2022,Stationary Fuel Combustion,26148.476,816
2022,Fugitives (Venting),128.8428,816
2022,Stationary Fuel Combustion,169.5366,842
2022,On-site Transportation,962.10426,842
2022,Waste,33510.68,842
2022,Stationary Fuel Combustion,12093.1357,1522
2022,Industrial Process,17.33638,1522
2022,CO2 from Biomass Combustion,0.0,253
2022,Waste,189415.996,253
2022,Fugitives (Flaring),4159.9797,1584
2022,Fugitives (Leakage),892.976,1584
2022,Stationary Fuel Combustion,9448.5,1584
2022,Fugitives (Flaring),632.747256,2081
2022,Stationary Fuel Combustion,10464.53,2081
2022,Fugitives (Venting),413.22764,2081
2022,Stationary Fuel Combustion,6415.380136,366
2022,Industrial Process,27730.0,366
2022,On-site Transportation,39.01,366
2022,Fugitives (Flaring),546.2342,1568
2022,Fugitives (Leakage),2259.2024,1568
2022,Stationary Fuel Combustion,15585.723,1568
2022,Fugitives (Venting),46.3008,1568
2022,Fugitives (Flaring),5519.6829,1610
2022,Fugitives (Leakage),17.3903,1610
2022,Stationary Fuel Combustion,5554.7809,1610
2022,Fugitives (Venting),171.8972,1610
2022,Fugitives (Flaring),10531.1769,1980
2022,Stationary Fuel Combustion,923.3254,1980
2022,Fugitives (Venting),541.7774,1980
2022,Fugitives (Flaring),9238.8748,1532
2022,Fugitives (Leakage),65.1751,1532
2022,Stationary Fuel Combustion,14058.9364,1532
2022,Fugitives (Venting),290.6699,1532
2022,Fugitives (Flaring),2600.14573,309
2022,Fugitives (Leakage),142.27764,309
2022,Stationary Fuel Combustion,46999.94024,309
2022,Fugitives (Venting),1013.77811,309
2022,Fugitives (Flaring),12563.2711,1638
2022,Fugitives (Leakage),46.2354,1638
2022,Stationary Fuel Combustion,2744.1382,1638
2022,Fugitives (Venting),696.0233,1638
2022,Fugitives (Flaring),4085.815,1531
2022,Fugitives (Leakage),52.8081,1531
2022,Stationary Fuel Combustion,9434.9224,1531
2022,Fugitives (Venting),112.0798,1531
2022,Fugitives (Flaring),2346.9625,1009
2022,Fugitives (Leakage),38.385,1009
2022,Stationary Fuel Combustion,22835.86,1009
2022,On-site Transportation,3.9386,1009
2022,Fugitives (Venting),973.2036,1009
2022,CO2 from Biomass Combustion,0.0,74
2022,On-site Transportation,974.388,74
2022,Waste,38718.3899,74
2022,CO2 from Biomass Combustion,0.0,497
2022,On-site Transportation,718.2205,497
2022,Waste,23517.303,497
2022,CO2 from Biomass Combustion,0.0,523
2022,On-site Transportation,779.716,523
2022,Waste,40010.8617,523
2022,Stationary Fuel Combustion,4.165,1305
2022,On-site Transportation,888.8482,1305
2022,Waste,22356.9454,1305
2022,Fugitives (Flaring),527.6251,1564
2022,Fugitives (Leakage),144.0535,1564
2022,Stationary Fuel Combustion,17629.6548,1564
2022,Fugitives (Venting),1090.2763,1564
2022,Stationary Fuel Combustion,11746.854,1614
2022,Fugitives (Flaring),8153.1816,1533
2022,Fugitives (Leakage),9.2237,1533
2022,Stationary Fuel Combustion,56391.5006,1533
2022,On-site Transportation,17.9112,1533
2022,Fugitives (Venting),29.7571,1533
2022,Fugitives (Flaring),375.7113,1317
2022,Fugitives (Leakage),6.8492,1317
2022,Stationary Fuel Combustion,15315.2695,1317
2022,Fugitives (Venting),463.4857,1317
2022,Fugitives (Flaring),1741.5353,1394
2022,Fugitives (Leakage),100.7353,1394
2022,Stationary Fuel Combustion,9604.8586,1394
2022,Fugitives (Venting),324.2963,1394
2022,Stationary Fuel Combustion,54.762178,931
2022,On-site Transportation,72.90232,931
2022,Waste,36393.924,931
2022,Fugitives (Flaring),4927.292262,574
2022,Fugitives (Leakage),297531.067,574
2022,Stationary Fuel Combustion,969824.8698,574
2022,Industrial Process,3126.613244,574
2022,On-site Transportation,602841.9999,574
2022,Wastewater,78.144646,574
2022,Fugitives (Flaring),143.3745,1186
2022,Fugitives (Leakage),0.3091,1186
2022,Stationary Fuel Combustion,12170.0961,1186
2022,Fugitives (Venting),294.9533,1186
2022,Waste,0.5908,1186
2022,Fugitives (Flaring),141.70534,724
2022,Fugitives (Leakage),10.99033,724
2022,Stationary Fuel Combustion,14349.34187,724
2022,Fugitives (Venting),2760.8191,724
2022,Fugitives (Flaring),246.50474,1535
2022,Stationary Fuel Combustion,21302.5725,1535
2022,Fugitives (Venting),242.55991,1535
2022,Fugitives (Flaring),1222.33595,567
2022,Fugitives (Leakage),103.28388,567
2022,Stationary Fuel Combustion,96456.18546,567
2022,Fugitives (Venting),2649.1299,567
2022,Fugitives (Flaring),1867.225,1008
2022,Fugitives (Leakage),18.31572,1008
2022,Stationary Fuel Combustion,37095.69337,1008
2022,Fugitives (Venting),809.7473,1008
2022,Stationary Fuel Combustion,18869.653,1645
2022,Industrial Process,2358.6784,1645
2022,On-site Transportation,63.176316,1645
2022,Fugitives (Flaring),1772.34802,1055
2022,Fugitives (Leakage),552.36266,1055
2022,Stationary Fuel Combustion,23413.92941,1055
2022,Fugitives (Venting),1468.67311,1055
2022,Fugitives (Flaring),1770.8202,1653
2022,Stationary Fuel Combustion,10830.5818,1653
2022,Fugitives (Venting),17078.9485,1653
2022,CO2 from Biomass Combustion,0.0,369
2022,Fugitives (Flaring),559.577735,369
2022,Stationary Fuel Combustion,65266.14502,369
2022,On-site Transportation,457.87451,369
2022,Wastewater,88.563,369
2022,Stationary Fuel Combustion,22540.228,1201
2022,Industrial Process,10019.9,1201
2022,On-site Transportation,33.71034,1201
2022,Fugitives (Flaring),3610.5405,1299
2022,Fugitives (Leakage),219.1174,1299
2022,Stationary Fuel Combustion,202507.512,1299
2022,On-site Transportation,190.6034,1299
2022,Fugitives (Venting),713.0981,1299
2022,Fugitives (Flaring),6832.0568,662
2022,Fugitives (Leakage),775.41,662
2022,Stationary Fuel Combustion,8055.4577,662
2022,Fugitives (Venting),351.5838,662
2022,Fugitives (Flaring),406.2816,1498
2022,Fugitives (Leakage),31.7111,1498
2022,Stationary Fuel Combustion,5943.7944,1498
2022,Fugitives (Venting),10163.9201,1498
2022,Stationary Fuel Combustion,21845.5279,1380
2022,Industrial Process,46.683,1380
2022,Fugitives (Flaring),737.3483,2031
2022,Fugitives (Leakage),75.8552,2031
2022,Stationary Fuel Combustion,5841.8339,2031
2022,Fugitives (Venting),3781.8996,2031
2022,CO2 from Biomass Combustion,0.0,329
2022,Stationary Fuel Combustion,211.166351,329
2022,On-site Transportation,213.062246,329
2022,Waste,108547.9666,329
2022,CO2 from Biomass Combustion,0.0,270
2022,Stationary Fuel Combustion,141.6022,270
2022,Waste,85218.1792,270
2022,CO2 from Biomass Combustion,0.0,760
2022,Stationary Fuel Combustion,14194.597,760
2022,Wastewater,1081.2,760
2022,Fugitives (Flaring),941.043,1150
2022,Fugitives (Leakage),1592.267,1150
2022,Stationary Fuel Combustion,5861.59485,1150
2022,Fugitives (Venting),634.98,1150
2022,Fugitives (Flaring),197.9155,1151
2022,Fugitives (Leakage),2272.183,1151
2022,Stationary Fuel Combustion,6864.68055,1151
2022,Fugitives (Venting),1263.946,1151
2022,Fugitives (Flaring),281.3948,1104
2022,Fugitives (Leakage),99.5766,1104
2022,Stationary Fuel Combustion,34208.053,1104
2022,Fugitives (Venting),73.9216,1104
2022,Fugitives (Flaring),48.443,53
2022,Fugitives (Leakage),88.1888,53
2022,Stationary Fuel Combustion,208366.489,53
2022,Industrial Process,230.059,53
2022,Stationary Fuel Combustion,88730.723,356
2022,Fugitives (Flaring),4545.035,1152
2022,Fugitives (Leakage),1549.496,1152
2022,Stationary Fuel Combustion,17090.2915,1152
2022,Fugitives (Venting),880.656,1152
2022,Fugitives (Flaring),1455.1775,1405
2022,Fugitives (Leakage),986.967,1405
2022,Stationary Fuel Combustion,5137.4947,1405
2022,Fugitives (Venting),89.29,1405
2022,Fugitives (Flaring),1113.631,1148
2022,Fugitives (Leakage),493.022,1148
2022,Stationary Fuel Combustion,9175.3335,1148
2022,Fugitives (Venting),215.04,1148
2022,CO2 from Biomass Combustion,0.0,351
2022,Stationary Fuel Combustion,98.981,351
2022,On-site Transportation,2977.313,351
2022,Waste,83828.649,351
2022,CO2 from Biomass Combustion,0.0,257
2022,Waste,426228.712,257
2022,Fugitives (Flaring),21230.74,2091
2022,Fugitives (Leakage),588.8,2091
2022,Stationary Fuel Combustion,1030.31,2091
2022,CO2 from Biomass Combustion,0.0,1331
2022,Stationary Fuel Combustion,0.007835,1331
2022,On-site Transportation,376.7476,1331
2022,Waste,45226.72,1331
2022,CO2 from Biomass Combustion,0.0,580
2022,Fugitives (Flaring),476.154575,580
2022,Fugitives (Leakage),5.53585,580
2022,Stationary Fuel Combustion,61.59443,580
2022,On-site Transportation,591.94622,580
2022,Waste,54201.728,580
2022,Fugitives (Flaring),6026.061,75
2022,Fugitives (Leakage),2.638,75
2022,Stationary Fuel Combustion,55200.509,75
2022,On-site Transportation,1.082103,75
2022,Fugitives (Venting),68.404,75
2022,Fugitives (Flaring),679.7106,1958
2022,Fugitives (Leakage),15.3171,1958
2022,Stationary Fuel Combustion,12101.8048,1958
2022,Fugitives (Venting),1412.5954,1958
2022,Fugitives (Flaring),209.7118,1106
2022,Fugitives (Leakage),24.9046,1106
2022,Stationary Fuel Combustion,26786.0163,1106
2022,Fugitives (Venting),2516.4051,1106
2022,Fugitives (Flaring),1238.3457,1458
2022,Fugitives (Leakage),41.5637,1458
2022,Stationary Fuel Combustion,25300.7498,1458
2022,Fugitives (Venting),376.9644,1458
2022,Fugitives (Flaring),2986.2787,1449
2022,Fugitives (Leakage),24.4591,1449
2022,Stationary Fuel Combustion,48067.8142,1449
2022,Fugitives (Venting),1818.8712,1449
2022,Stationary Fuel Combustion,10309.9886,1975
2022,Fugitives (Venting),86.4507,1975
2022,Stationary Fuel Combustion,10797.76,766
2022,Industrial Process,19.19653,766
2022,On-site Transportation,73.527,766
2022,Fugitives (Leakage),1.039752,2049
2022,Stationary Fuel Combustion,4766.44,2049
2022,Fugitives (Venting),5373.81,2049
2022,CO2 from Biomass Combustion,0.0,1092
2022,On-site Transportation,251.09,1092
2022,Waste,16548.28,1092
2022,Stationary Fuel Combustion,37571.3921,482
2022,Industrial Process,6521.8467,482
2022,On-site Transportation,3958.9803,482
2022,CO2 from Biomass Combustion,0.0,944
2022,Stationary Fuel Combustion,42.3465,944
2022,Waste,107042.1747,944
2022,Fugitives (Flaring),4293.3128,608
2022,Fugitives (Leakage),437.2544,608
2022,Stationary Fuel Combustion,45574.9397,608
2022,Fugitives (Venting),2050.7315,608
2022,Fugitives (Flaring),2118.5461,517
2022,Fugitives (Leakage),6437.8179,517
2022,Stationary Fuel Combustion,549354.304,517
2022,Industrial Process,0.329,517
2022,On-site Transportation,444.0157,517
2022,Fugitives (Venting),53.213,517
2022,Fugitives (Flaring),22944.83112,195
2022,Fugitives (Leakage),1076.5356,195
2022,Stationary Fuel Combustion,525098.221,195
2022,On-site Transportation,755.496365,195
2022,Fugitives (Venting),189826.5781,195
2022,Wastewater,248.3214,195
2022,Fugitives (Flaring),4.9587,2061
2022,Fugitives (Leakage),182.7591,2061
2022,Stationary Fuel Combustion,12148.729,2061
2022,Fugitives (Venting),391.4034,2061
2022,Fugitives (Flaring),401.6175,1477
2022,Fugitives (Leakage),169.939,1477
2022,Stationary Fuel Combustion,15382.8032,1477
2022,Fugitives (Venting),2200.341,1477
2022,Fugitives (Flaring),0.695,2058
2022,Fugitives (Leakage),404.0572,2058
2022,Stationary Fuel Combustion,9345.476,2058
2022,Fugitives (Venting),1983.3283,2058
2022,CO2 from Biomass Combustion,0.0,746
2022,Stationary Fuel Combustion,13742.83782,746
2022,Industrial Process,1078.27182,746
2022,On-site Transportation,475.53188,746
2022,Wastewater,410.5785,746
2022,Stationary Fuel Combustion,11103.01722,1308
2022,CO2 from Biomass Combustion,0.0,396
2022,Stationary Fuel Combustion,138460.2489,396
2022,On-site Transportation,86.0217,396
2022,Fugitives (Flaring),1729.872,990
2022,Fugitives (Leakage),201.3037,990
2022,Stationary Fuel Combustion,74849.5552,990
2022,Fugitives (Venting),43.4112,990
2022,Fugitives (Flaring),772.4959,1010
2022,Fugitives (Leakage),73.7533,1010
2022,Stationary Fuel Combustion,21185.0524,1010
2022,Fugitives (Flaring),14.8562,1397
2022,Fugitives (Leakage),34.8958,1397
2022,Stationary Fuel Combustion,10512.9137,1397
2022,Fugitives (Venting),96.4417,1397
2022,Stationary Fuel Combustion,32.008651,1651
2022,On-site Transportation,149.945,1651
2022,Waste,26743.8947,1651
2022,Fugitives (Flaring),46.5418,702
2022,Fugitives (Leakage),2.9973,702
2022,Stationary Fuel Combustion,12440.0867,702
2022,Fugitives (Venting),690.2535,702
2022,Fugitives (Flaring),951.018,1434
2022,Fugitives (Leakage),5.4012,1434
2022,Stationary Fuel Combustion,12813.258,1434
2022,CO2 from Biomass Combustion,0.0,1457
2022,Stationary Fuel Combustion,162.18651,1457
2022,On-site Transportation,274.0283,1457
2022,Waste,33894.5793,1457
2022,Fugitives (Flaring),551.898,1087
2022,Fugitives (Leakage),696.4995,1087
2022,Stationary Fuel Combustion,27232.5834,1087
2022,Fugitives (Venting),268.6149,1087
2022,Fugitives (Flaring),162.2702,1005
2022,Fugitives (Leakage),102.4105,1005
2022,Stationary Fuel Combustion,29836.382,1005
2022,Fugitives (Venting),561.312,1005
2022,Fugitives (Flaring),820.5759,1333
2022,Fugitives (Leakage),15.8899,1333
2022,Stationary Fuel Combustion,39763.9378,1333
2022,Fugitives (Venting),163.6667,1333
2022,Fugitives (Flaring),374.250945,1635
2022,Stationary Fuel Combustion,14863.25,1635
2022,Fugitives (Venting),239.237124,1635
2022,Fugitives (Flaring),968.9535,1455
2022,Fugitives (Leakage),75.5578,1455
2022,Stationary Fuel Combustion,36722.7096,1455
2022,Fugitives (Venting),211.4469,1455
2022,Fugitives (Flaring),4231.3973,559
2022,Fugitives (Leakage),125.1274,559
2022,Stationary Fuel Combustion,39640.477,559
2022,Fugitives (Venting),3.542,559
2022,Fugitives (Flaring),415.4977,557
2022,Fugitives (Leakage),438.713,557
2022,Stationary Fuel Combustion,71182.6391,557
2022,Fugitives (Venting),807.2578,557
2022,Fugitives (Flaring),8279.62902,1352
2022,Fugitives (Leakage),5294.245633,1352
2022,Stationary Fuel Combustion,2626038.218,1352
2022,On-site Transportation,1250.101,1352
2022,Fugitives (Venting),2795.898548,1352
2022,Wastewater,51.545592,1352
2022,Stationary Fuel Combustion,21316.75919,1933
2022,Fugitives (Flaring),1657.213521,166
2022,Fugitives (Leakage),27.665127,166
2022,Stationary Fuel Combustion,179146.8599,166
2022,Fugitives (Venting),2362.885822,166
2022,Fugitives (Flaring),2789.14,1108
2022,Fugitives (Leakage),416.81,1108
2022,Stationary Fuel Combustion,10094.94,1108
2022,On-site Transportation,387.03,1108
2022,Fugitives (Venting),809.7,1108
2022,Fugitives (Flaring),2604.7868,2087
2022,Stationary Fuel Combustion,14445.574,2087
2022,Fugitives (Venting),446.7674,2087
2022,Fugitives (Flaring),2007.24896,1934
2022,Stationary Fuel Combustion,7911.733676,1934
2022,Fugitives (Venting),1410.0492,1934
2022,Fugitives (Flaring),832.628969,693
2022,Stationary Fuel Combustion,28215.58115,693
2022,Fugitives (Venting),77.933296,693
2022,Fugitives (Flaring),31.6856,1129
2022,Fugitives (Leakage),296.3175,1129
2022,Stationary Fuel Combustion,19854.6254,1129
2022,Fugitives (Venting),247.9054,1129
2022,Stationary Fuel Combustion,33167.7391,663
2022,On-site Transportation,38.4245,663
2022,Fugitives (Flaring),101.0,168
2022,Stationary Fuel Combustion,72765.71,168
2022,CO2 from Biomass Combustion,0.0,364
2022,Fugitives (Leakage),434.182,364
2022,Stationary Fuel Combustion,82349.949,364
2022,Industrial Process,3656.6253,364
2022,On-site Transportation,287.1886,364
2022,Waste,13877.9423,364
2022,Wastewater,41123.082,364
2022,Stationary Fuel Combustion,10789.82,1631
2022,On-site Transportation,2007.88,1631
2022,Fugitives (Venting),1401.0,1631
2022,Fugitives (Leakage),80.488,1557
2022,Stationary Fuel Combustion,10602.4956,1557
2022,Fugitives (Venting),543.2636,1557
2022,Fugitives (Flaring),3080.833665,1353
2022,Fugitives (Leakage),1378.148172,1353
2022,Stationary Fuel Combustion,774917.6456,1353
2022,On-site Transportation,1415.685688,1353
2022,Fugitives (Flaring),2970.659767,521
2022,Fugitives (Leakage),486.362083,521
2022,Stationary Fuel Combustion,568399.049,521
2022,On-site Transportation,2661.161196,521
2022,Fugitives (Flaring),657.4275,376
2022,Fugitives (Leakage),651.7499,376
2022,Stationary Fuel Combustion,93690.9917,376
2022,Fugitives (Venting),4333.0307,376
2022,Fugitives (Flaring),56.676,847
2022,Fugitives (Leakage),125.1775,847
2022,Stationary Fuel Combustion,23643.4443,847
2022,Fugitives (Venting),1086.4661,847
2022,Fugitives (Flaring),168.1461,900
2022,Fugitives (Leakage),93.7634,900
2022,Stationary Fuel Combustion,50285.7558,900
2022,Fugitives (Venting),730.6229,900
2022,Fugitives (Flaring),293.1008,553
2022,Fugitives (Leakage),209.8176,553
2022,Stationary Fuel Combustion,79757.9984,553
2022,Fugitives (Venting),1390.8093,553
2022,Fugitives (Flaring),496.1044,597
2022,Fugitives (Leakage),238.4691,597
2022,Stationary Fuel Combustion,80169.0867,597
2022,Fugitives (Venting),2111.1954,597
2022,CO2 from Biomass Combustion,0.0,449
2022,On-site Transportation,885.083,449
2022,Waste,11696.298,449
2022,Fugitives (Flaring),111.1729,572
2022,Fugitives (Leakage),449.6517,572
2022,Stationary Fuel Combustion,69163.1998,572
2022,Fugitives (Venting),1821.3294,572
2022,Fugitives (Flaring),241.3277,493
2022,Fugitives (Leakage),48.8635,493
2022,Stationary Fuel Combustion,67031.5363,493
2022,Fugitives (Venting),822.4882,493
2022,Fugitives (Flaring),20.3485,901
2022,Fugitives (Leakage),103.568,901
2022,Stationary Fuel Combustion,12282.8867,901
2022,Fugitives (Venting),379.3899,901
2022,Fugitives (Flaring),360.6698,1620
2022,Fugitives (Leakage),35.111,1620
2022,Stationary Fuel Combustion,12267.3579,1620
2022,Fugitives (Venting),31.9696,1620
2022,Fugitives (Flaring),48.3366,1657
2022,Fugitives (Leakage),43.366,1657
2022,Stationary Fuel Combustion,33749.2121,1657
2022,Fugitives (Venting),25.8178,1657
2022,CO2 from Biomass Combustion,0.0,61
2022,Fugitives (Flaring),19577.7166,61
2022,Fugitives (Leakage),313.4764,61
2022,Stationary Fuel Combustion,5821155.681,61
2022,On-site Transportation,11443.0491,61
2022,Fugitives (Venting),2796.3619,61
2022,Waste,0.868,61
2022,Stationary Fuel Combustion,30072.83,831
2022,On-site Transportation,107.43365,831
2022,CO2 from Biomass Combustion,0.0,1340
2022,Stationary Fuel Combustion,12524.6655,1340
2022,On-site Transportation,1998.6938,1340
2022,Waste,2.2257,1340
2022,Fugitives (Flaring),3126.6962,2060
2022,Fugitives (Leakage),154.7111,2060
2022,Stationary Fuel Combustion,5565.5862,2060
2022,Fugitives (Venting),13.5461,2060
2022,Waste,110236.868,274
2022,Stationary Fuel Combustion,4387.0,344
2022,On-site Transportation,1430.0,344
2022,Wastewater,39870.93,344
2022,Waste,13488.86,284
2022,CO2 from Biomass Combustion,0.0,275
2022,Stationary Fuel Combustion,9.107295,275
2022,On-site Transportation,1016.01695,275
2022,Waste,322491.2349,275
2022,Stationary Fuel Combustion,48923.29031,414
2022,Industrial Process,138160.6662,414
2022,On-site Transportation,4849.056044,414
2022,Stationary Fuel Combustion,14700.7074,1213
2022,Industrial Process,89.0332,1213
2022,Stationary Fuel Combustion,12469.79553,1195
2022,Stationary Fuel Combustion,45411.449,998
2022,Industrial Process,1987.8,998
2022,On-site Transportation,68874.482,998
2022,Waste,0.118,998
2022,Stationary Fuel Combustion,11419.272,1257
2022,Industrial Process,261.0213,1257
2022,Stationary Fuel Combustion,10017.11,1534
2022,Industrial Process,99.0,1534
2022,On-site Transportation,119.497,1534
2022,Fugitives (Flaring),4148.5977,2042
2022,Fugitives (Leakage),193.2463,2042
2022,Stationary Fuel Combustion,8110.9774,2042
2022,Fugitives (Venting),168.4197,2042
2022,Fugitives (Flaring),5322.8585,708
2022,Fugitives (Leakage),572.7956,708
2022,Stationary Fuel Combustion,3663.155,708
2022,Fugitives (Venting),26.9332,708
2022,Fugitives (Flaring),216.1138,943
2022,Fugitives (Leakage),1012.925,943
2022,Stationary Fuel Combustion,15468.4589,943
2022,Fugitives (Venting),48.4391,943
2022,Fugitives (Flaring),140.8876,1494
2022,Fugitives (Leakage),270.7524,1494
2022,Stationary Fuel Combustion,16283.08,1494
2022,Fugitives (Venting),87.3698,1494
2022,Fugitives (Flaring),85.0378,911
2022,Fugitives (Leakage),48.9669,911
2022,Stationary Fuel Combustion,20118.7222,911
2022,Fugitives (Venting),15.5863,911
2022,Fugitives (Flaring),52.4907,992
2022,Fugitives (Leakage),376.8619,992
2022,Stationary Fuel Combustion,19971.5458,992
2022,Fugitives (Venting),72.4051,992
2022,Fugitives (Flaring),223.5495,1391
2022,Fugitives (Leakage),479.6035,1391
2022,Stationary Fuel Combustion,24854.5318,1391
2022,Fugitives (Flaring),296.5069,340
2022,Fugitives (Leakage),558.4755,340
2022,Stationary Fuel Combustion,67749.3764,340
2022,Fugitives (Venting),20720.519,340
2022,Fugitives (Leakage),3.4181,1165
2022,Stationary Fuel Combustion,11708.4929,1165
2022,Fugitives (Venting),19.2302,1165
2022,Fugitives (Leakage),19.4945,337
2022,Stationary Fuel Combustion,10389.1177,337
2022,Fugitives (Venting),122.5596,337
2022,Fugitives (Flaring),1765.2354,494
2022,Fugitives (Leakage),129.4037,494
2022,Stationary Fuel Combustion,25933.5305,494
2022,Fugitives (Venting),105.5131,494
2022,Stationary Fuel Combustion,123581.0346,445
2022,On-site Transportation,6156.1003,445
2022,Wastewater,16.9512,445
2022,Fugitives (Flaring),7166.7538,404
2022,Fugitives (Leakage),390.1217,404
2022,Stationary Fuel Combustion,66135.6894,404
2022,On-site Transportation,23.7012,404
2022,Fugitives (Venting),3446.3483,404
2022,Fugitives (Flaring),301.9742,1032
2022,Fugitives (Leakage),57.0057,1032
2022,Stationary Fuel Combustion,27160.9501,1032
2022,Fugitives (Venting),330.0824,1032
2022,Industrial Process,4933.0,961
2022,Fugitives (Venting),19557.16,961
2022,Industrial Process,8.25,1295
2022,Fugitives (Venting),42022.69,1295
2022,Fugitives (Flaring),3180.1479,1487
2022,Fugitives (Leakage),123.8215,1487
2022,Stationary Fuel Combustion,27691.5233,1487
2022,Fugitives (Venting),328.4934,1487
2022,Stationary Fuel Combustion,1412.116,1296
2022,Industrial Process,1625.0,1296
2022,Fugitives (Venting),14242.52,1296
2022,Fugitives (Flaring),340.7839,332
2022,Fugitives (Leakage),1738.7097,332
2022,Stationary Fuel Combustion,39073.7543,332
2022,Fugitives (Flaring),7468.84,1047
2022,Fugitives (Leakage),215.42,1047
2022,Stationary Fuel Combustion,9015.53,1047
2022,Fugitives (Flaring),578.4377,575
2022,Fugitives (Leakage),98.5419,575
2022,Stationary Fuel Combustion,40707.0926,575
2022,Fugitives (Venting),163.5219,575
2022,Fugitives (Flaring),24521.67,1912
2022,Fugitives (Leakage),69.78,1912
2022,Stationary Fuel Combustion,7154.14,1912
2022,Fugitives (Flaring),10629.12,492
2022,Fugitives (Leakage),251.49,492
2022,Stationary Fuel Combustion,7161.57,492
2022,Fugitives (Flaring),326.5887,962
2022,Fugitives (Leakage),1551.18,962
2022,Stationary Fuel Combustion,41171.1073,962
2022,Fugitives (Venting),72.9689,962
2022,Fugitives (Flaring),25273.21,1435
2022,Fugitives (Leakage),181.17,1435
2022,Stationary Fuel Combustion,6666.18,1435
2022,Fugitives (Flaring),28632.12,1924
2022,Fugitives (Leakage),37.85,1924
2022,Stationary Fuel Combustion,2291.97,1924
2022,Fugitives (Flaring),245.9058,1006
2022,Fugitives (Leakage),977.0529,1006
2022,Stationary Fuel Combustion,41508.2764,1006
2022,Fugitives (Venting),687.7322,1006
2022,Fugitives (Flaring),16802.59,1913
2022,Fugitives (Leakage),92.47,1913
2022,Stationary Fuel Combustion,4324.78,1913
2022,Fugitives (Flaring),18663.1,1914
2022,Fugitives (Leakage),35.14,1914
2022,Stationary Fuel Combustion,1062.48,1914
2022,Fugitives (Flaring),4530.8409,1451
2022,Fugitives (Leakage),2363.2649,1451
2022,Stationary Fuel Combustion,38253.827,1451
2022,Fugitives (Venting),324.7177,1451
2022,Fugitives (Flaring),11366.46,1046
2022,Fugitives (Leakage),80.22,1046
2022,Stationary Fuel Combustion,1937.81,1046
2022,Fugitives (Flaring),178.0933,671
2022,Fugitives (Leakage),4176.8422,671
2022,Stationary Fuel Combustion,47329.1601,671
2022,Fugitives (Venting),142.4982,671
2022,Fugitives (Flaring),9156.14,1915
2022,Fugitives (Leakage),142.52,1915
2022,Stationary Fuel Combustion,956.42,1915
2022,Fugitives (Flaring),375.7956,912
2022,Fugitives (Leakage),3877.8946,912
2022,Stationary Fuel Combustion,57973.0524,912
2022,Fugitives (Venting),311.5379,912
2022,Fugitives (Flaring),332.8933,1033
2022,Fugitives (Leakage),283.2087,1033
2022,Stationary Fuel Combustion,64585.7732,1033
2022,Fugitives (Venting),698.8047,1033
2022,Stationary Fuel Combustion,102874.8613,426
2022,Stationary Fuel Combustion,1.57,1328
2022,On-site Transportation,470.9059,1328
2022,Waste,53724.9005,1328
2022,CO2 from Biomass Combustion,0.0,1400
2022,On-site Transportation,102.800152,1400
2022,Waste,17712.99,1400
2022,Fugitives (Flaring),346.5061,561
2022,Fugitives (Leakage),497.6759,561
2022,Stationary Fuel Combustion,89262.4974,561
2022,Fugitives (Venting),2438.6348,561
2022,On-site Transportation,130.3147,917
2022,Waste,18197.9223,917
2022,CO2 from Biomass Combustion,0.0,1935
2022,Stationary Fuel Combustion,7901.48,1935
2022,On-site Transportation,1487.83551,1935
2022,Fugitives (Flaring),17488.56147,108
2022,Fugitives (Leakage),1238.14402,108
2022,Stationary Fuel Combustion,302510.0162,108
2022,On-site Transportation,248.01048,108
2022,Fugitives (Venting),49461.51948,108
2022,CO2 from Biomass Combustion,0.0,260
2022,Fugitives (Flaring),873.336875,260
2022,Stationary Fuel Combustion,294.069,260
2022,On-site Transportation,2135.7165,260
2022,Waste,43933.652,260
2022,Fugitives (Flaring),976.7341,857
2022,Fugitives (Leakage),12.5387,857
2022,Stationary Fuel Combustion,25755.1828,857
2022,Fugitives (Flaring),20878.904,51
2022,Fugitives (Leakage),993.44,51
2022,Stationary Fuel Combustion,1017150.0,51
2022,Fugitives (Venting),694900.127,51
2022,Wastewater,7235.093,51
2022,Fugitives (Flaring),9558.645979,1623
2022,Fugitives (Leakage),92.692963,1623
2022,Stationary Fuel Combustion,3252.223154,1623
2022,Fugitives (Flaring),754.8064,1062
2022,Fugitives (Leakage),22.8658,1062
2022,Stationary Fuel Combustion,12327.233,1062
2022,Fugitives (Venting),195.6048,1062
2022,Fugitives (Flaring),114645.74,551
2022,Fugitives (Leakage),48.18,551
2022,Stationary Fuel Combustion,30589.4,551
2022,On-site Transportation,2295.63,551
2022,Fugitives (Venting),22.12,551
2022,Fugitives (Flaring),17363.22,1034
2022,Fugitives (Leakage),23.265858,1034
2022,Stationary Fuel Combustion,262949.13,1034
2022,On-site Transportation,2483.35,1034
2022,Fugitives (Venting),162.96,1034
2022,Fugitives (Flaring),4047.451,380
2022,Fugitives (Leakage),104.0878,380
2022,Stationary Fuel Combustion,97887.7497,380
2022,Fugitives (Venting),198.4695,380
2022,Fugitives (Flaring),10406.3319,1115
2022,Fugitives (Leakage),63.8811,1115
2022,Stationary Fuel Combustion,33027.2542,1115
2022,Fugitives (Venting),943.0041,1115
2022,Stationary Fuel Combustion,156.282795,1112
2022,Industrial Process,6.32276,1112
2022,On-site Transportation,8.23686,1112
2022,Stationary Fuel Combustion,360.333005,1113
2022,Industrial Process,6.123665,1113
2022,Stationary Fuel Combustion,2300.533,428
2022,On-site Transportation,965.483,428
2022,Waste,63270.0,428
2022,Stationary Fuel Combustion,29218.58533,571
2022,Industrial Process,17901.90846,571
2022,On-site Transportation,2970.618897,571
2022,Fugitives (Flaring),28812.018,1069
2022,Fugitives (Leakage),8.464213,1069
2022,Stationary Fuel Combustion,393452.261,1069
2022,Fugitives (Venting),7260.842,1069
2022,Fugitives (Flaring),9870.88,1948
2022,Fugitives (Leakage),356.96,1948
2022,Stationary Fuel Combustion,42936.43,1948
2022,Fugitives (Flaring),100.15,1951
2022,Fugitives (Leakage),482.1,1951
2022,Stationary Fuel Combustion,20893.47,1951
2022,Fugitives (Venting),6.45,1951
2022,Fugitives (Flaring),4263.07,1949
2022,Fugitives (Leakage),123.68,1949
2022,Stationary Fuel Combustion,43936.06,1949
2022,Fugitives (Venting),372.15,1949
2022,Fugitives (Flaring),7347.95,1447
2022,Fugitives (Leakage),54.13,1447
2022,Stationary Fuel Combustion,55881.38,1447
2022,Fugitives (Flaring),131.5555,914
2022,Fugitives (Leakage),762.933,914
2022,Stationary Fuel Combustion,18789.415,914
2022,On-site Transportation,2.8298,914
2022,Fugitives (Flaring),8434.016,180
2022,Fugitives (Leakage),1291.8,180
2022,Stationary Fuel Combustion,62682.231,180
2022,On-site Transportation,20.4977,180
2022,Fugitives (Venting),9351.0725,180
2022,Fugitives (Flaring),271.77392,576
2022,Fugitives (Leakage),6664.24883,576
2022,Stationary Fuel Combustion,1186484.139,576
2022,On-site Transportation,161.808,576
2022,Fugitives (Venting),1169.67882,576
2022,Fugitives (Leakage),56.94528,303
2022,Stationary Fuel Combustion,78096.43263,303
2022,On-site Transportation,57.58035,303
2022,CO2 from Biomass Combustion,0.0,839
2022,Stationary Fuel Combustion,40002.885,839
2022,On-site Transportation,559.725,839
2022,Fugitives (Flaring),283.38061,353
2022,Fugitives (Leakage),388.51618,353
2022,Stationary Fuel Combustion,88214.1774,353
2022,On-site Transportation,494.42759,353
2022,Fugitives (Flaring),115789.6775,116
2022,Fugitives (Leakage),65.39456,116
2022,Stationary Fuel Combustion,624818.6952,116
2022,Industrial Process,311678.9544,116
2022,On-site Transportation,1928.60392,116
2022,Fugitives (Venting),33164.47792,116
2022,Wastewater,21306.40869,116
2022,Stationary Fuel Combustion,12733.233,1012
2022,On-site Transportation,99.6131,1012
2022,Stationary Fuel Combustion,14874.931,840
2022,Stationary Fuel Combustion,10572.71,841
2022,Stationary Fuel Combustion,31.138363,1119
2022,On-site Transportation,57.961783,1119
2022,Waste,23115.015,1119
2022,CO2 from Biomass Combustion,0.0,802
2022,Fugitives (Flaring),357.014,802
2022,Stationary Fuel Combustion,63159.456,802
2022,Fugitives (Venting),344.4,802
2022,Wastewater,79.235,802
2022,Stationary Fuel Combustion,6206.8534,621
2022,On-site Transportation,8564.7224,621
2022,Waste,286.314,621
2022,CO2 from Biomass Combustion,0.0,1321
2022,On-site Transportation,310.58,1321
2022,Waste,28675.6,1321
2022,CO2 from Biomass Combustion,0.0,158
2022,Stationary Fuel Combustion,225386.1312,158
2022,On-site Transportation,3363.104,158
2022,CO2 from Biomass Combustion,0.0,610
2022,Stationary Fuel Combustion,9459.0995,610
2022,On-site Transportation,21049.9,610
2022,Wastewater,7.95,610
2022,Stationary Fuel Combustion,79886.96,363
2022,On-site Transportation,192.538,363
2022,CO2 from Biomass Combustion,0.0,115
2022,Stationary Fuel Combustion,110074.7376,115
2022,Industrial Process,902.8215,115
2022,On-site Transportation,1916.751,115
2022,Wastewater,51.675,115
2022,Stationary Fuel Combustion,14401.0,1961
2022,On-site Transportation,37337.68,1961
2022,Stationary Fuel Combustion,17677.665,1572
2022,On-site Transportation,1054.846,1572
2022,Fugitives (Flaring),216.69634,2068
2022,Fugitives (Leakage),39.62726,2068
2022,Stationary Fuel Combustion,17006.77353,2068
2022,Fugitives (Venting),9.73954,2068
2022,Fugitives (Flaring),16.76145,1107
2022,Fugitives (Leakage),257.6619,1107
2022,Stationary Fuel Combustion,24255.24626,1107
2022,Fugitives (Venting),150.76046,1107
2022,Fugitives (Flaring),32.65,904
2022,Fugitives (Leakage),66.564,904
2022,Stationary Fuel Combustion,13790.02,904
2022,Fugitives (Venting),36.0,904
2022,Fugitives (Flaring),7790.2731,239
2022,Fugitives (Leakage),310.8,239
2022,Stationary Fuel Combustion,109164.2821,239
2022,Fugitives (Venting),2227.07,239
2022,Fugitives (Flaring),7021.6,1646
2022,Fugitives (Leakage),147.62,1646
2022,Stationary Fuel Combustion,14741.51,1646
2022,Fugitives (Flaring),3908.17,1492
2022,Fugitives (Leakage),26.32,1492
2022,Stationary Fuel Combustion,36336.31,1492
2022,Fugitives (Venting),1839.25,1492
2022,Fugitives (Flaring),4048.00319,1983
2022,Stationary Fuel Combustion,8665.36037,1983
2022,Fugitives (Venting),326.54605,1983
2022,Fugitives (Leakage),96.1139,1941
2022,Stationary Fuel Combustion,24815.62486,1941
2022,Fugitives (Flaring),1242.16186,1371
2022,Fugitives (Leakage),237.68532,1371
2022,Stationary Fuel Combustion,33092.02469,1371
2022,Fugitives (Flaring),123.09254,874
2022,Fugitives (Leakage),38.38939,874
2022,Stationary Fuel Combustion,15502.77366,874
2022,Fugitives (Venting),1627.30142,874
2022,CO2 from Biomass Combustion,0.0,113
2022,Stationary Fuel Combustion,195901.0911,113
2022,On-site Transportation,3347.6979,113
2022,Waste,28348.6,113
2022,Wastewater,1372.7,113
2022,Stationary Fuel Combustion,122.453,727
2022,On-site Transportation,0.420465,727
2022,Wastewater,11232.256,727
2022,On-site Transportation,37.614,1890
2022,Waste,3227.5,1890
2022,Stationary Fuel Combustion,548.83,1109
2022,On-site Transportation,712.56,1109
2022,Waste,76832.0,1109
2022,Fugitives (Leakage),84.896,798
2022,Stationary Fuel Combustion,7184.35,798
2022,On-site Transportation,536.52,798
2022,Waste,21694.78,798
2022,Stationary Fuel Combustion,25061.67952,1579
2022,On-site Transportation,61.95262,1579
2022,Fugitives (Flaring),2200.6833,844
2022,Fugitives (Leakage),801.3172,844
2022,Stationary Fuel Combustion,59977.2078,844
2022,Fugitives (Venting),1973.2608,844
2022,Fugitives (Flaring),133.4194,923
2022,Fugitives (Leakage),90.1673,923
2022,Stationary Fuel Combustion,16911.1102,923
2022,Fugitives (Venting),415.4748,923
2022,Fugitives (Leakage),188.4208,584
2022,Stationary Fuel Combustion,223760.9115,584
2022,On-site Transportation,851.0043,584
2022,Waste,3685.29,584
2022,Wastewater,41.34,584
2022,Fugitives (Flaring),1703.7161,2028
2022,Fugitives (Leakage),422.7438,2028
2022,Stationary Fuel Combustion,4350.6751,2028
2022,Fugitives (Venting),4166.4236,2028
2022,Fugitives (Flaring),704.6806,989
2022,Fugitives (Leakage),448.5951,989
2022,Stationary Fuel Combustion,49176.8679,989
2022,Fugitives (Venting),19020.7398,989
2022,Fugitives (Flaring),1891.29917,1409
2022,Stationary Fuel Combustion,256101.9358,1409
2022,Fugitives (Flaring),8289.23218,1241
2022,Stationary Fuel Combustion,233854.8708,1241
2022,Fugitives (Venting),1421.86112,1241
2022,Fugitives (Flaring),1812.94542,1539
2022,Stationary Fuel Combustion,218743.6337,1539
2022,Fugitives (Venting),198.58482,1539
2022,Fugitives (Flaring),2297.27707,1015
2022,Stationary Fuel Combustion,182672.2284,1015
2022,Fugitives (Venting),244.66644,1015
2022,Fugitives (Flaring),12309.10358,1019
2022,Fugitives (Leakage),3614.978,1019
2022,Stationary Fuel Combustion,162789.2295,1019
2022,On-site Transportation,29.613,1019
2022,Fugitives (Venting),1826.04505,1019
2022,Fugitives (Flaring),351.93452,1452
2022,Stationary Fuel Combustion,19616.24524,1452
2022,Fugitives (Venting),592.45872,1452
2022,Fugitives (Flaring),9315.81913,1612
2022,Fugitives (Leakage),121.46214,1612
2022,Stationary Fuel Combustion,2177.1928,1612
2022,Fugitives (Flaring),11665.07202,1621
2022,Fugitives (Leakage),278.02735,1621
2022,Stationary Fuel Combustion,914.33994,1621
2022,Fugitives (Venting),6.66725,1621
2022,Fugitives (Flaring),7206.79235,1604
2022,Fugitives (Leakage),259.71555,1604
2022,Stationary Fuel Combustion,3391.3515,1604
2022,Fugitives (Flaring),11198.84164,1622
2022,Fugitives (Leakage),125.72762,1622
2022,Stationary Fuel Combustion,1403.03169,1622
2022,Fugitives (Venting),157.98448,1622
2022,Fugitives (Flaring),3871.9569,578
2022,Fugitives (Leakage),1608.7225,578
2022,Stationary Fuel Combustion,459730.1629,578
2022,On-site Transportation,94.6119,578
2022,Fugitives (Venting),386.5197,578
2022,Fugitives (Flaring),597.07426,1485
2022,Fugitives (Leakage),3.57433,1485
2022,Stationary Fuel Combustion,12164.4691,1485
2022,Fugitives (Venting),1121.47239,1485
2022,Fugitives (Flaring),1843.71765,292
2022,Fugitives (Leakage),2528.74711,292
2022,Stationary Fuel Combustion,861144.4195,292
2022,Fugitives (Flaring),195.9939,810
2022,Fugitives (Leakage),72.0091,810
2022,Stationary Fuel Combustion,11469.6426,810
2022,Fugitives (Venting),50.7701,810
2022,Fugitives (Flaring),145.7403,703
2022,Fugitives (Leakage),355.2563,703
2022,Stationary Fuel Combustion,17188.5361,703
2022,Fugitives (Venting),2948.5096,703
2022,Fugitives (Flaring),337.90956,1484
2022,Fugitives (Leakage),109.55837,1484
2022,Stationary Fuel Combustion,11829.08767,1484
2022,Fugitives (Venting),384.44692,1484
2022,Fugitives (Flaring),15530.93272,1637
2022,Fugitives (Flaring),8366.1301,1297
2022,Fugitives (Leakage),157.7976,1297
2022,Stationary Fuel Combustion,16216.211,1297
2022,Fugitives (Venting),267.5515,1297
2022,Stationary Fuel Combustion,39466.33485,749
2022,On-site Transportation,44.5757,749
2022,Stationary Fuel Combustion,49810.3956,915
2022,On-site Transportation,446.7751,915
2022,Fugitives (Flaring),9292.414559,1358
2022,Fugitives (Leakage),5808.778128,1358
2022,Stationary Fuel Combustion,252217.0178,1358
2022,Fugitives (Flaring),1574.985001,1607
2022,Fugitives (Leakage),899.487684,1607
2022,Stationary Fuel Combustion,8462.853797,1607
2022,Fugitives (Venting),49.71754,1607
2022,Fugitives (Flaring),764.82,2023
2022,Fugitives (Leakage),38.65,2023
2022,Stationary Fuel Combustion,9450.2,2023
2022,Fugitives (Venting),74.25,2023
2022,Fugitives (Flaring),1133.510272,1018
2022,Fugitives (Leakage),339.740487,1018
2022,Stationary Fuel Combustion,12842.77541,1018
2022,Fugitives (Flaring),2201.152541,664
2022,Fugitives (Leakage),1068.230378,664
2022,Stationary Fuel Combustion,11190.62809,664
2022,Fugitives (Flaring),522.34425,1652
2022,Stationary Fuel Combustion,26703.61526,1652
2022,Fugitives (Venting),20.97136,1652
2022,Fugitives (Flaring),896.843505,725
2022,Fugitives (Leakage),612.285036,725
2022,Stationary Fuel Combustion,21596.34314,725
2022,Fugitives (Flaring),119.46846,938
2022,Fugitives (Leakage),196.619584,938
2022,Stationary Fuel Combustion,24397.16143,938
2022,Fugitives (Flaring),33.258595,676
2022,Fugitives (Leakage),2807.244366,676
2022,Stationary Fuel Combustion,31792.05157,676
2022,Fugitives (Leakage),24.12,2044
2022,Stationary Fuel Combustion,13443.4,2044
2022,Fugitives (Venting),443.21,2044
2022,Fugitives (Flaring),5417.346724,1464
2022,Fugitives (Leakage),1452.340942,1464
2022,Stationary Fuel Combustion,44157.70611,1464
2022,Fugitives (Flaring),9364.0634,512
2022,Fugitives (Leakage),521.6889,512
2022,Stationary Fuel Combustion,30798.92228,512
2022,Fugitives (Venting),8074.26455,512
2022,Fugitives (Flaring),676.07,1042
2022,Fugitives (Leakage),516.71,1042
2022,Stationary Fuel Combustion,26141.77,1042
2022,Fugitives (Venting),978.8,1042
2022,Fugitives (Flaring),512.23076,848
2022,Fugitives (Leakage),135.62397,848
2022,Stationary Fuel Combustion,11648.02866,848
2022,Fugitives (Venting),4528.32247,848
2022,Fugitives (Flaring),4250.714127,533
2022,Fugitives (Leakage),6377.421185,533
2022,Stationary Fuel Combustion,47732.0303,533
2022,Fugitives (Flaring),108.6,925
2022,Fugitives (Leakage),40.04,925
2022,Stationary Fuel Combustion,41379.38,925
2022,Fugitives (Venting),136.16,925
2022,Fugitives (Flaring),925.47901,773
2022,Fugitives (Leakage),128.80465,773
2022,Stationary Fuel Combustion,28252.19631,773
2022,Fugitives (Venting),79.896,773
2022,Fugitives (Flaring),2509.892942,971
2022,Fugitives (Leakage),2687.715266,971
2022,Stationary Fuel Combustion,54832.81376,971
2022,Fugitives (Flaring),14666.87,317
2022,Fugitives (Leakage),503.66,317
2022,Stationary Fuel Combustion,71653.42,317
2022,Fugitives (Venting),331.44,317
2022,Fugitives (Leakage),28.39,657
2022,Stationary Fuel Combustion,11604.89,657
2022,Fugitives (Venting),328.92,657
2022,Fugitives (Leakage),24.36,1403
2022,Stationary Fuel Combustion,10859.17,1403
2022,Fugitives (Venting),36.98,1403
2022,Fugitives (Flaring),7818.43,658
2022,Fugitives (Leakage),25.78,658
2022,Stationary Fuel Combustion,6588.24,658
2022,Fugitives (Venting),58.1,658
2022,Fugitives (Flaring),2893.594035,558
2022,Fugitives (Leakage),3440.695142,558
2022,Stationary Fuel Combustion,63319.29072,558
2022,Fugitives (Flaring),3300.11,170
2022,Fugitives (Leakage),91.26,170
2022,Stationary Fuel Combustion,116930.76,170
2022,Fugitives (Venting),310501.95,170
2022,CO2 from Biomass Combustion,0.0,328
2022,Fugitives (Flaring),150.64,328
2022,On-site Transportation,743.68,328
2022,Waste,96987.71,328
2022,Fugitives (Flaring),6438.02105,1521
2022,Fugitives (Leakage),2484.542075,1521
2022,Stationary Fuel Combustion,72328.34878,1521
2022,Fugitives (Venting),57.862474,1521
2022,Fugitives (Flaring),15159.9839,2027
2022,Stationary Fuel Combustion,1341.7639,2027
2022,Fugitives (Flaring),4377.889125,1014
2022,Fugitives (Leakage),696.139287,1014
2022,Stationary Fuel Combustion,93103.07448,1014
2022,Fugitives (Venting),61.104915,1014
2022,Fugitives (Flaring),4801.428635,1066
2022,Fugitives (Leakage),3687.198795,1066
2022,Stationary Fuel Combustion,91246.47377,1066
2022,Fugitives (Venting),1910.776032,1066
2022,Fugitives (Leakage),28.67,1603
2022,Stationary Fuel Combustion,9052.84,1603
2022,Fugitives (Venting),1693.44,1603
2022,Stationary Fuel Combustion,13849.33,1967
2022,Fugitives (Flaring),786.52,1423
2022,Fugitives (Leakage),28.4,1423
2022,Stationary Fuel Combustion,17805.16,1423
2022,Fugitives (Venting),14.57,1423
2022,Fugitives (Flaring),13566.05742,1382
2022,Fugitives (Leakage),2158.449685,1382
2022,Stationary Fuel Combustion,173142.7076,1382
2022,Fugitives (Venting),638.474685,1382
2022,Fugitives (Flaring),1297.55,670
2022,Fugitives (Leakage),32.05,670
2022,Stationary Fuel Combustion,34289.81,670
2022,Fugitives (Flaring),3723.38006,1491
2022,Fugitives (Leakage),336.89266,1491
2022,Stationary Fuel Combustion,7436.20639,1491
2022,Fugitives (Venting),405.30326,1491
2022,Fugitives (Flaring),2012.0056,732
2022,Stationary Fuel Combustion,4558.907,732
2022,Wastewater,40377.84292,732
2022,Fugitives (Flaring),31.59,1503
2022,Fugitives (Leakage),28.39,1503
2022,Stationary Fuel Combustion,12891.1,1503
2022,Fugitives (Venting),100.58,1503
2022,Stationary Fuel Combustion,10320.47008,483
2022,On-site Transportation,112068.7536,483
2022,Fugitives (Flaring),590.0041,1639
2022,Fugitives (Leakage),11.01558,1639
2022,Stationary Fuel Combustion,15628.53116,1639
2022,Fugitives (Venting),87.74821,1639
2022,Stationary Fuel Combustion,333.1897,2022
2022,On-site Transportation,2956.5416,2022
2022,Fugitives (Flaring),3989.28,511
2022,Fugitives (Leakage),27.45,511
2022,Stationary Fuel Combustion,42442.21,511
2022,Fugitives (Venting),1573.71,511
2022,Stationary Fuel Combustion,9378.32865,1974
2022,Fugitives (Venting),796.953,1974
2022,Fugitives (Leakage),52.94,1412
2022,Stationary Fuel Combustion,13139.25,1412
2022,Fugitives (Venting),36.98,1412
2022,CO2 from Biomass Combustion,0.0,204
2022,Stationary Fuel Combustion,82326.342,204
2022,Industrial Process,1028.0,204
2022,On-site Transportation,1761.635,204
2022,Waste,1175.552,204
2022,Fugitives (Flaring),460.38,1660
2022,Fugitives (Leakage),15.97,1660
2022,Stationary Fuel Combustion,40001.39,1660
2022,Fugitives (Leakage),767.34,1634
2022,Stationary Fuel Combustion,14488.75,1634
2022,Fugitives (Leakage),236.4446,1411
2022,Stationary Fuel Combustion,11620.8085,1411
2022,Fugitives (Venting),47.962,1411
2022,Stationary Fuel Combustion,13075.65741,1984
2022,Stationary Fuel Combustion,9400.16698,1600
2022,Fugitives (Venting),966.86718,1600
2022,Fugitives (Flaring),25.0833,1989
2022,Stationary Fuel Combustion,1661.37562,1989
2022,Fugitives (Venting),16091.98063,1989
2022,Fugitives (Flaring),232.21044,1647
2022,Stationary Fuel Combustion,16378.75398,1647
2022,Fugitives (Venting),6046.92704,1647
2022,Fugitives (Flaring),5713.45834,1661
2022,Stationary Fuel Combustion,36564.82842,1661
2022,Fugitives (Venting),197.97934,1661
2022,Stationary Fuel Combustion,1256.61453,2085
2022,Fugitives (Venting),11275.38078,2085
2022,Stationary Fuel Combustion,1786.66381,1658
2022,Fugitives (Venting),32428.28149,1658
2022,Stationary Fuel Combustion,778.69157,2079
2022,Fugitives (Venting),10301.58995,2079
2022,Stationary Fuel Combustion,867.44416,1632
2022,Fugitives (Venting),13512.65651,1632
2022,Fugitives (Leakage),28379.4,271
2022,Stationary Fuel Combustion,8003.35072,271
2022,On-site Transportation,45996.8756,271
2022,Stationary Fuel Combustion,239.347371,423
2022,On-site Transportation,2900.4622,423
2022,Waste,29607.59001,423
2022,Fugitives (Flaring),20682.3034,550
2022,Fugitives (Leakage),231.2772,550
2022,Stationary Fuel Combustion,179904.9508,550
2022,Fugitives (Venting),681.4557,550
2022,Fugitives (Flaring),6449.727,552
2022,Fugitives (Leakage),555.5873,552
2022,Stationary Fuel Combustion,116042.7571,552
2022,Fugitives (Venting),937.1421,552
2022,Fugitives (Flaring),9632.5272,338
2022,Fugitives (Leakage),1036.474,338
2022,Stationary Fuel Combustion,207701.0302,338
2022,Fugitives (Venting),4315.9054,338
2022,Fugitives (Flaring),15595.2225,2088
2022,Fugitives (Leakage),89.56366,2088
2022,Stationary Fuel Combustion,2315.9329,2088
2022,Fugitives (Venting),440.4538,2088
2022,Fugitives (Flaring),17927.5021,1644
2022,Fugitives (Leakage),43.359249,1644
2022,Stationary Fuel Combustion,2459.5199,1644
2022,Fugitives (Venting),1.7872,1644
2022,Fugitives (Flaring),18784.3931,1663
2022,Fugitives (Leakage),185.319338,1663
2022,Stationary Fuel Combustion,30050.1063,1663
2022,Fugitives (Venting),0.6359,1663
2022,Fugitives (Flaring),19447.7977,1454
2022,Fugitives (Leakage),422.6131,1454
2022,Stationary Fuel Combustion,27615.0371,1454
2022,Fugitives (Venting),218.7181,1454
2022,Fugitives (Flaring),2004.7246,1939
2022,Fugitives (Leakage),607.7293,1939
2022,Stationary Fuel Combustion,40713.6364,1939
2022,Fugitives (Venting),584.7958,1939
2022,CO2 from Biomass Combustion,0.0,256
2022,Stationary Fuel Combustion,209491.2828,256
2022,Industrial Process,906.5293,256
2022,On-site Transportation,2679.2441,256
2022,Fugitives (Flaring),1702.3072,1964
2022,Fugitives (Leakage),402.1422,1964
2022,Stationary Fuel Combustion,18999.7371,1964
2022,Fugitives (Venting),512.2964,1964
2022,Fugitives (Flaring),257.082,1930
2022,Fugitives (Leakage),588.6957,1930
2022,Stationary Fuel Combustion,12941.1765,1930
2022,Fugitives (Venting),243.7018,1930
2022,Fugitives (Flaring),581.0458,985
2022,Fugitives (Leakage),9.0871,985
2022,Stationary Fuel Combustion,9538.7431,985
2022,Fugitives (Venting),70.7147,985
2022,Stationary Fuel Combustion,15909.27,863
2022,Stationary Fuel Combustion,18207.69,864
2022,Fugitives (Flaring),52441.62085,928
2022,Fugitives (Leakage),1783.85977,928
2022,Stationary Fuel Combustion,14472.09345,928
2022,Fugitives (Venting),523.46412,928
2022,Fugitives (Flaring),3731.3667,1303
2022,Fugitives (Leakage),532.9743,1303
2022,Stationary Fuel Combustion,65415.367,1303
2022,Fugitives (Venting),1392.112,1303
2022,Stationary Fuel Combustion,13906.12037,1575
2022,On-site Transportation,1895.54,1575
2022,Stationary Fuel Combustion,32671.106,668
2022,On-site Transportation,28.7965,668
2022,Fugitives (Flaring),53783.74339,430
2022,Fugitives (Leakage),549.71035,430
2022,Stationary Fuel Combustion,69123.56119,430
2022,On-site Transportation,7.377,430
2022,Fugitives (Venting),1088.10721,430
2022,Fugitives (Flaring),264.8029,1929
2022,Fugitives (Leakage),819.7681,1929
2022,Stationary Fuel Combustion,40297.4518,1929
2022,Fugitives (Venting),321.7573,1929
2022,Stationary Fuel Combustion,8063.33,1597
2022,Fugitives (Flaring),2676.15612,341
2022,Fugitives (Leakage),105.1297,341
2022,Stationary Fuel Combustion,46169.35399,341
2022,Fugitives (Venting),19359.19064,341
2022,Stationary Fuel Combustion,1742.601,686
2022,Industrial Process,25492.269,686
2022,Fugitives (Flaring),5982.9325,1360
2022,Fugitives (Leakage),1070.924,1360
2022,Stationary Fuel Combustion,99125.7902,1360
2022,On-site Transportation,34.593976,1360
2022,Fugitives (Venting),1951.0495,1360
2022,Fugitives (Leakage),33.288,1902
2022,Stationary Fuel Combustion,13644.45,1902
2022,Fugitives (Venting),553.21,1902
2022,Stationary Fuel Combustion,20436.286,490
2022,On-site Transportation,351.25,490
2022,Wastewater,0.13356,490
2022,Fugitives (Flaring),11804.628,127
2022,Fugitives (Leakage),4730.286,127
2022,Stationary Fuel Combustion,250210.0509,127
2022,On-site Transportation,75.676002,127
2022,Fugitives (Venting),47502.9496,127
2022,Fugitives (Leakage),5.376,833
2022,Stationary Fuel Combustion,20872.55,833
2022,Fugitives (Flaring),2878.82,1086
2022,Fugitives (Leakage),58.5,1086
2022,Stationary Fuel Combustion,24490.81,1086
2022,Fugitives (Venting),362.09,1086
2022,Stationary Fuel Combustion,18018.4657,1072
2022,On-site Transportation,68.961,1072
2022,Fugitives (Flaring),71.81,913
2022,Stationary Fuel Combustion,12847.49,913
2022,Fugitives (Leakage),29.592,1083
2022,Stationary Fuel Combustion,15469.23,1083
2022,Fugitives (Venting),1106.04,1083
2022,Fugitives (Leakage),15.804,2026
2022,Stationary Fuel Combustion,14336.92,2026
2022,Fugitives (Flaring),3934.62,877
2022,Stationary Fuel Combustion,7151.21,877
2022,Fugitives (Venting),3081.09,877
2022,Fugitives (Leakage),9.408,2036
2022,Stationary Fuel Combustion,21076.62,2036
2022,Fugitives (Flaring),1374.33,907
2022,Fugitives (Leakage),150.288,907
2022,Stationary Fuel Combustion,13834.45,907
2022,Fugitives (Venting),1024.31,907
2022,Fugitives (Flaring),1909.58,834
2022,Fugitives (Leakage),99.852,834
2022,Stationary Fuel Combustion,35468.99,834
2022,Fugitives (Venting),619.46,834
2022,Fugitives (Flaring),9769.73,178
2022,Fugitives (Leakage),103.884,178
2022,Stationary Fuel Combustion,17586.58,178
2022,Fugitives (Venting),3457.16,178
2022,Fugitives (Leakage),58.5,1959
2022,Stationary Fuel Combustion,12658.41,1959
2022,Fugitives (Venting),1020.36,1959
2022,Fugitives (Flaring),12867.9785,126
2022,Fugitives (Leakage),3585.613,126
2022,Stationary Fuel Combustion,153994.5247,126
2022,Fugitives (Venting),2984.4297,126
2022,Fugitives (Leakage),15.804,2037
2022,Stationary Fuel Combustion,18851.38132,2037
2022,Fugitives (Venting),139.61512,2037
2022,Fugitives (Flaring),268.84,334
2022,Fugitives (Leakage),48.072,334
2022,Stationary Fuel Combustion,31595.04,334
2022,Fugitives (Venting),902.1,334
2022,Stationary Fuel Combustion,12604.39,1897
2022,Fugitives (Flaring),145.55,277
2022,Fugitives (Leakage),147.264,277
2022,Stationary Fuel Combustion,24278.9,277
2022,Fugitives (Venting),512.16,277
2022,Fugitives (Leakage),146.928,818
2022,Stationary Fuel Combustion,12030.32,818
2022,Fugitives (Venting),572.11,818
2022,Stationary Fuel Combustion,17416.63,2035
2022,Fugitives (Flaring),104.46,1080
2022,Fugitives (Leakage),33.288,1080
2022,Stationary Fuel Combustion,26047.1,1080
2022,Fugitives (Venting),2568.32,1080
2022,Fugitives (Flaring),21.45,1922
2022,Fugitives (Leakage),164.4,1922
2022,Stationary Fuel Combustion,11359.41,1922
2022,Fugitives (Venting),28.02,1922
2022,Fugitives (Flaring),3272.74,125
2022,Fugitives (Leakage),131.124,125
2022,Stationary Fuel Combustion,74096.39,125
2022,Fugitives (Venting),429.23,125
2022,Fugitives (Flaring),128.2,1037
2022,Fugitives (Leakage),40.008,1037
2022,Stationary Fuel Combustion,25803.93,1037
2022,Fugitives (Venting),268.28,1037
2022,Fugitives (Flaring),1201.04,110
2022,Fugitives (Leakage),66.228,110
2022,Stationary Fuel Combustion,32793.14,110
2022,Fugitives (Venting),3050.22,110
2022,Fugitives (Leakage),145.236,1919
2022,Stationary Fuel Combustion,10241.38,1919
2022,Fugitives (Venting),996.42,1919
2022,Fugitives (Flaring),464.29,1901
2022,Stationary Fuel Combustion,11614.26,1901
2022,Fugitives (Venting),1897.05,1901
2022,Fugitives (Flaring),1509.02,903
2022,Fugitives (Leakage),87.42,903
2022,Stationary Fuel Combustion,14031.57,903
2022,Fugitives (Venting),1502.06,903
2022,Fugitives (Flaring),10744.61,316
2022,Fugitives (Leakage),110.952,316
2022,Stationary Fuel Combustion,78616.73,316
2022,Fugitives (Venting),1040.71,316
2022,Fugitives (Flaring),4830.92,315
2022,Fugitives (Leakage),97.5,315
2022,Stationary Fuel Combustion,53423.17,315
2022,Fugitives (Venting),1699.9,315
2022,Fugitives (Flaring),185.62,836
2022,Fugitives (Leakage),65.892,836
2022,Stationary Fuel Combustion,14107.9,836
2022,Fugitives (Venting),1965.14,836
2022,Stationary Fuel Combustion,580309.9404,1436
2022,On-site Transportation,423.450694,1436
2022,CO2 from Biomass Combustion,0.0,417
2022,Waste,100025.01,417
2022,Fugitives (Flaring),1026.27,902
2022,Fugitives (Leakage),33.288,902
2022,Stationary Fuel Combustion,9424.71,902
2022,Fugitives (Venting),122.88,902
2022,CO2 from Biomass Combustion,0.0,769
2022,Waste,91610.4364,769
2022,Fugitives (Flaring),2250.68,862
2022,Fugitives (Leakage),39.0,862
2022,Stationary Fuel Combustion,18335.73,862
2022,Fugitives (Venting),362.49,862
2022,Fugitives (Leakage),73.968,1081
2022,Stationary Fuel Combustion,14050.08,1081
2022,Stationary Fuel Combustion,505265.093,1089
2022,Industrial Process,879607.5755,1089
2022,On-site Transportation,2890.9912,1089
2022,Fugitives (Flaring),2333.52,1896
2022,Fugitives (Leakage),15.804,1896
2022,Stationary Fuel Combustion,13035.06,1896
2022,Fugitives (Venting),489.83,1896
2022,Fugitives (Flaring),109.93,1920
2022,Fugitives (Leakage),37.656,1920
2022,Stationary Fuel Combustion,10147.78,1920
2022,Fugitives (Venting),268.69,1920
2022,Fugitives (Flaring),287.3,1082
2022,Fugitives (Leakage),44.376,1082
2022,Stationary Fuel Combustion,18772.64,1082
2022,Fugitives (Venting),429.23,1082
2022,Fugitives (Flaring),71.99,1311
2022,Fugitives (Leakage),55.476,1311
2022,Stationary Fuel Combustion,29192.46,1311
2022,Fugitives (Venting),622.34,1311
2022,Fugitives (Flaring),93.79,1079
2022,Fugitives (Leakage),40.008,1079
2022,Stationary Fuel Combustion,25784.76,1079
2022,Fugitives (Venting),319.27,1079
2022,Stationary Fuel Combustion,13564.6486,1316
2022,On-site Transportation,34.2415,1316
2022,Stationary Fuel Combustion,21543.006,755
2022,Industrial Process,2647.63,755
2022,On-site Transportation,119.4502,755
2022,Fugitives (Flaring),2144.7079,322
2022,Fugitives (Leakage),548.6941,322
2022,Stationary Fuel Combustion,41665.3698,322
2022,Fugitives (Venting),32294.745,322
2022,Stationary Fuel Combustion,16190.8866,975
2022,On-site Transportation,52.8883,975
2022,Fugitives (Leakage),15.804,1921
2022,Stationary Fuel Combustion,12056.6,1921
2022,Fugitives (Venting),169.22,1921
2022,Fugitives (Flaring),538.87,1918
2022,Fugitives (Leakage),680.54,1918
2022,Stationary Fuel Combustion,52766.92,1918
2022,Fugitives (Venting),268.69,1918
2022,Fugitives (Flaring),0.46,1407
2022,Fugitives (Leakage),78.672,1407
2022,Stationary Fuel Combustion,12264.07,1407
2022,Fugitives (Venting),153.54,1407
2022,Fugitives (Leakage),155.664,830
2022,Stationary Fuel Combustion,13536.6,830
2022,Fugitives (Venting),105.0,830
2022,Stationary Fuel Combustion,18926.51,2038
2022,Fugitives (Venting),940.54,2038
2022,Fugitives (Flaring),56.76502,1078
2022,Fugitives (Leakage),59.844,1078
2022,Stationary Fuel Combustion,35068.66821,1078
2022,Fugitives (Venting),549.73254,1078
2022,Fugitives (Flaring),11818.4851,1282
2022,Fugitives (Leakage),1028.9069,1282
2022,Stationary Fuel Combustion,38401.3661,1282
2022,Fugitives (Venting),815.5894,1282
2022,CO2 from Biomass Combustion,0.0,507
2022,Stationary Fuel Combustion,0.70028,507
2022,On-site Transportation,305.35,507
2022,Waste,40896.35601,507
2022,Stationary Fuel Combustion,9180.974,1021
2022,Industrial Process,12.27151,1021
2022,On-site Transportation,60.7338,1021
2022,Wastewater,134.0092,1021
2022,On-site Transportation,239.28,1442
2022,Waste,75376.0,1442
2022,Fugitives (Flaring),620.17365,719
2022,Fugitives (Leakage),762.08136,719
2022,Stationary Fuel Combustion,7240.30587,719
2022,On-site Transportation,137.21275,719
2022,Fugitives (Venting),4871.88837,719
2022,Fugitives (Flaring),24202.768,370
2022,Fugitives (Leakage),213.5384,370
2022,Stationary Fuel Combustion,40283.1754,370
2022,Fugitives (Venting),778.1036,370
2022,Fugitives (Flaring),971.9403,1283
2022,Fugitives (Leakage),2298.9961,1283
2022,Stationary Fuel Combustion,10869.0225,1283
2022,Fugitives (Venting),336.5777,1283
2022,Fugitives (Flaring),5240.157,502
2022,Fugitives (Leakage),747.111,502
2022,Stationary Fuel Combustion,53272.886,502
2022,Fugitives (Venting),811.257,502
2022,Stationary Fuel Combustion,12147.47,866
2022,Industrial Process,19.97,866
2022,On-site Transportation,9.24405,866
2022,Fugitives (Flaring),5738.5539,988
2022,Fugitives (Leakage),159.3173,988
2022,Stationary Fuel Combustion,28789.9394,988
2022,Fugitives (Venting),2192.4953,988
2022,Stationary Fuel Combustion,4888.92,1595
2022,CO2 from Biomass Combustion,0.0,1247
2022,Stationary Fuel Combustion,2581.51802,1247
2022,On-site Transportation,80258.704,1247
2022,Waste,80.556,1247
2022,Fugitives (Leakage),221.9251,878
2022,Stationary Fuel Combustion,8614.1795,878
2022,Fugitives (Venting),1798.0592,878
2022,Fugitives (Leakage),148.1079,2029
2022,Stationary Fuel Combustion,9590.9255,2029
2022,Fugitives (Venting),1190.018,2029
2022,Fugitives (Flaring),442.181,1406
2022,Fugitives (Leakage),308.96327,1406
2022,Stationary Fuel Combustion,22913.39974,1406
2022,Fugitives (Venting),845.71804,1406
2022,Fugitives (Flaring),2199.48055,1470
2022,Fugitives (Leakage),45.50864,1470
2022,Stationary Fuel Combustion,26378.97102,1470
2022,On-site Transportation,3.797,1470
2022,CO2 from Biomass Combustion,0.0,234
2022,Stationary Fuel Combustion,214699.3865,234
2022,On-site Transportation,2289.229,234
2022,Wastewater,816.2,234
2022,Stationary Fuel Combustion,26153.42266,1577
2022,On-site Transportation,3389.9178,1577
2022,Stationary Fuel Combustion,18328.13,1591
2022,Fugitives (Flaring),2553.01056,1293
2022,Fugitives (Leakage),508.66176,1293
2022,Stationary Fuel Combustion,27696.43359,1293
2022,On-site Transportation,47.925,1293
2022,Fugitives (Venting),5.92146,1293
2022,Fugitives (Flaring),268.54542,563
2022,Fugitives (Leakage),2487.2655,563
2022,Stationary Fuel Combustion,17387.75932,563
2022,On-site Transportation,0.73,563
2022,Fugitives (Venting),1101.19178,563
2022,Fugitives (Flaring),1418.09922,1594
2022,Stationary Fuel Combustion,1092.11075,1594
2022,Fugitives (Venting),73.98596,1594
2022,Stationary Fuel Combustion,16370.3116,1144
2022,CO2 from Biomass Combustion,0.0,1417
2022,Fugitives (Flaring),527.717,1417
2022,Stationary Fuel Combustion,1792.1746,1417
2022,Wastewater,23366.905,1417
2022,Fugitives (Leakage),6244.659,916
2022,Stationary Fuel Combustion,10863.0555,916
2022,Industrial Process,1757.225,916
2022,On-site Transportation,16.9198,916
2022,Stationary Fuel Combustion,6167.8987,2034
2022,Industrial Process,1113.3399,2034
2022,On-site Transportation,33.5876,2034
2022,CO2 from Biomass Combustion,0.0,566
2022,Stationary Fuel Combustion,80626.71894,566
2022,Stationary Fuel Combustion,36267.4039,1205
2022,Wastewater,119.9125,1205
2022,Stationary Fuel Combustion,10249.1784,1319
2022,Industrial Process,21.164,1319
2022,On-site Transportation,85.387,1319
2022,Fugitives (Venting),35536.76,1459
2022,Fugitives (Venting),139504.3692,1437
2022,CO2 from Biomass Combustion,0.0,27
2022,Fugitives (Flaring),462.196,27
2022,Stationary Fuel Combustion,0.42862,27
2022,On-site Transportation,11.5945,27
2022,Waste,53821.773,27
2022,CO2 from Biomass Combustion,0.0,128
2022,Fugitives (Flaring),3026.632,128
2022,Stationary Fuel Combustion,27.5388,128
2022,On-site Transportation,63.368,128
2022,Waste,521701.348,128
2022,Stationary Fuel Combustion,8705.73,1574
2022,On-site Transportation,939.391524,1574
2022,Fugitives (Flaring),114654.7024,112
2022,Fugitives (Leakage),3.474423,112
2022,Stationary Fuel Combustion,341028.2842,112
2022,CO2 from Biomass Combustion,0.0,1606
2022,Industrial Process,9769.00315,1606
2022,On-site Transportation,1176.879,1606
2022,Stationary Fuel Combustion,18554.10222,655
2022,On-site Transportation,0.970466,655
2022,Stationary Fuel Combustion,2779.471398,1943
2022,Stationary Fuel Combustion,195807.3067,93
2022,On-site Transportation,7.165275,93
2022,CO2 from Biomass Combustion,0.0,873
2022,Stationary Fuel Combustion,14479.174,873
2022,On-site Transportation,412.514,873
2022,Fugitives (Flaring),862.5612,922
2022,Fugitives (Leakage),67.3792,922
2022,Stationary Fuel Combustion,47737.4414,922
2022,Fugitives (Venting),4701.2644,922
2022,Fugitives (Flaring),199.6031,1488
2022,Fugitives (Leakage),13.9888,1488
2022,Stationary Fuel Combustion,21815.00995,1488
2022,Fugitives (Venting),309.6296,1488
2022,Fugitives (Flaring),127.447,1000
2022,Fugitives (Leakage),24.528,1000
2022,Stationary Fuel Combustion,19642.4918,1000
2022,Fugitives (Venting),2735.6168,1000
2022,Fugitives (Flaring),449.2957,948
2022,Fugitives (Leakage),59.0968,948
2022,Stationary Fuel Combustion,24529.7763,948
2022,Fugitives (Venting),1562.0164,948
2022,Fugitives (Flaring),205.550851,1292
2022,Fugitives (Leakage),35.4004,1292
2022,Stationary Fuel Combustion,11406.445,1292
2022,Fugitives (Venting),1894.3484,1292
2022,Fugitives (Flaring),247.3527,1395
2022,Fugitives (Leakage),0.4116,1395
2022,Stationary Fuel Combustion,18554.79285,1395
2022,Fugitives (Venting),2131.6904,1395
2022,Stationary Fuel Combustion,77.2754,735
2022,CO2 from Biomass Combustion,0.0,330
2022,Stationary Fuel Combustion,84.2125,330
2022,On-site Transportation,3034.6326,330
2022,Waste,227431.9931,330
2022,Stationary Fuel Combustion,12825.73,1177
2022,CO2 from Biomass Combustion,0.0,479
2022,On-site Transportation,127.898,479
2022,Stationary Fuel Combustion,2411.023,2017
2022,On-site Transportation,183.55,2017
2022,CO2 from Biomass Combustion,0.0,386
2022,Stationary Fuel Combustion,28354.904,386
2022,Fugitives (Flaring),10905.3,587
2022,Fugitives (Leakage),1530.2,587
2022,Stationary Fuel Combustion,85908.8,587
2022,Fugitives (Venting),1513.4,587
2022,Fugitives (Flaring),3970.3,1416
2022,Fugitives (Leakage),297.0,1416
2022,Stationary Fuel Combustion,69271.1,1416
2022,Fugitives (Venting),162.5,1416
2022,Fugitives (Flaring),1630.9,1375
2022,Fugitives (Leakage),106.5,1375
2022,Stationary Fuel Combustion,26531.2,1375
2022,Fugitives (Venting),171.0,1375
2022,Fugitives (Flaring),6459.8,1362
2022,Stationary Fuel Combustion,46097.4,1362
2022,Fugitives (Venting),812.4,1362
2022,Fugitives (Flaring),489.1,1318
2022,Fugitives (Leakage),30.8,1318
2022,Stationary Fuel Combustion,13761.9,1318
2022,Fugitives (Venting),924.7,1318
2022,Fugitives (Flaring),5365.7,1306
2022,Fugitives (Leakage),310.9,1306
2022,Stationary Fuel Combustion,37021.3,1306
2022,Fugitives (Venting),204.5,1306
2022,Fugitives (Flaring),6911.1,1307
2022,Fugitives (Leakage),254.9,1307
2022,Stationary Fuel Combustion,47224.0,1307
2022,Fugitives (Venting),232.5,1307
2022,Fugitives (Flaring),3174.6,1024
2022,Fugitives (Leakage),305.4,1024
2022,Stationary Fuel Combustion,33746.2,1024
2022,Fugitives (Venting),266.1,1024
2022,Fugitives (Flaring),2357.4,1027
2022,Fugitives (Leakage),680.7,1027
2022,Stationary Fuel Combustion,34280.5,1027
2022,Fugitives (Venting),240.9,1027
2022,Fugitives (Flaring),1626.0,983
2022,Fugitives (Leakage),42.0,983
2022,Stationary Fuel Combustion,39706.7,983
2022,Fugitives (Venting),1204.9,983
2022,Fugitives (Leakage),149.7287,2059
2022,Stationary Fuel Combustion,6745.0478,2059
2022,Fugitives (Venting),1556.6832,2059
2022,Fugitives (Flaring),3903.2,1073
2022,Fugitives (Leakage),319.3,1073
2022,Stationary Fuel Combustion,69501.3,1073
2022,Fugitives (Venting),434.2,1073
2022,CO2 from Biomass Combustion,0.0,478
2022,Stationary Fuel Combustion,4238.482,478
2022,On-site Transportation,374.638,478
2022,Fugitives (Flaring),3603.0,1026
2022,Fugitives (Leakage),22.4,1026
2022,Stationary Fuel Combustion,67574.1,1026
2022,Fugitives (Venting),142.9,1026
2022,Fugitives (Flaring),3373.9,713
2022,Fugitives (Leakage),25.2,713
2022,Stationary Fuel Combustion,27027.5,713
2022,Fugitives (Venting),1104.3,713
2022,Fugitives (Flaring),2516.9,586
2022,Fugitives (Leakage),1846.5,586
2022,Stationary Fuel Combustion,54806.7,586
2022,Fugitives (Venting),3785.5,586
2022,Fugitives (Flaring),5425.4,1025
2022,Fugitives (Leakage),510.0,1025
2022,Stationary Fuel Combustion,46725.3,1025
2022,Fugitives (Venting),529.7,1025
2022,Fugitives (Flaring),1070.2,982
2022,Fugitives (Leakage),240.9,982
2022,Stationary Fuel Combustion,37357.4,982
2022,Fugitives (Venting),2061.4,982
2022,Fugitives (Flaring),4446.1,987
2022,Fugitives (Leakage),910.7,987
2022,Stationary Fuel Combustion,48186.7,987
2022,Fugitives (Venting),571.7,987
2022,Fugitives (Flaring),21996.108,97
2022,Fugitives (Leakage),7.899,97
2022,Stationary Fuel Combustion,87721.2285,97
2022,On-site Transportation,1252.4731,97
2022,Fugitives (Venting),0.5817,97
2022,CO2 from Biomass Combustion,0.0,297
2022,Fugitives (Leakage),38747.03,297
2022,Stationary Fuel Combustion,6549.9,297
2022,On-site Transportation,3872.01,297
2022,Waste,11.18,297
2022,Fugitives (Flaring),3532.7,1074
2022,Fugitives (Leakage),745.3,1074
2022,Stationary Fuel Combustion,70869.8,1074
2022,Fugitives (Venting),207.3,1074
2022,Fugitives (Flaring),12934.1773,85
2022,Fugitives (Leakage),953.1544,85
2022,Stationary Fuel Combustion,60198.5022,85
2022,On-site Transportation,58.401,85
2022,Fugitives (Venting),345.6385,85
2022,Fugitives (Flaring),20443.6284,86
2022,Fugitives (Leakage),2233.9734,86
2022,Stationary Fuel Combustion,206740.4657,86
2022,On-site Transportation,267.9025,86
2022,Fugitives (Venting),2.2276,86
2022,Wastewater,5.3872,86
2022,Fugitives (Flaring),2720.0,984
2022,Fugitives (Leakage),78.4,984
2022,Stationary Fuel Combustion,33922.6,984
2022,Fugitives (Venting),658.2,984
2022,Stationary Fuel Combustion,1219528.678,441
2022,Industrial Process,387.75,441
2022,Fugitives (Flaring),2019.8,981
2022,Fugitives (Leakage),910.4,981
2022,Stationary Fuel Combustion,26633.6,981
2022,Fugitives (Venting),2585.5,981
2022,Fugitives (Flaring),988.7,1971
2022,Fugitives (Leakage),140.1,1971
2022,Stationary Fuel Combustion,9362.3,1971
2022,Fugitives (Venting),168.2,1971
2022,Fugitives (Flaring),10296.4194,368
2022,Fugitives (Leakage),4380.4012,368
2022,Stationary Fuel Combustion,1123383.521,368
2022,On-site Transportation,7745.8777,368
2022,Fugitives (Venting),2802.1644,368
2022,Wastewater,65.3436,368
2022,Fugitives (Flaring),1090.1,1589
2022,Fugitives (Leakage),465.3,1589
2022,Stationary Fuel Combustion,13158.6,1589
2022,Fugitives (Flaring),3848.7,2067
2022,Stationary Fuel Combustion,12953.9,2067
2022,Fugitives (Venting),36.4,2067
2022,Stationary Fuel Combustion,6439.86885,736
2022,Fugitives (Flaring),9478.2,1588
2022,Stationary Fuel Combustion,20599.8,1588
2022,CO2 from Biomass Combustion,0.0,1123
2022,Waste,24407.0525,1123
2022,Fugitives (Flaring),764.3269,1002
2022,Fugitives (Leakage),286.84,1002
2022,Stationary Fuel Combustion,380544.73,1002
2022,Fugitives (Venting),2.7789,1002
2022,Fugitives (Flaring),266.17278,895
2022,Fugitives (Leakage),436.86713,895
2022,Stationary Fuel Combustion,11699.6331,895
2022,Fugitives (Venting),4204.3721,895
2022,Fugitives (Leakage),11.47479,324
2022,Stationary Fuel Combustion,14667.14817,324
2022,Fugitives (Venting),567.04574,324
2022,Stationary Fuel Combustion,19269.30036,1285
2022,Stationary Fuel Combustion,11012.36748,898
2022,Fugitives (Venting),465.17296,898
2022,Stationary Fuel Combustion,17957.84372,897
2022,Fugitives (Venting),421.78632,897
2022,Stationary Fuel Combustion,10649.49,1170
2022,On-site Transportation,21.67,1170
2022,Stationary Fuel Combustion,25616.39262,652
2022,On-site Transportation,49.326114,652
2022,Fugitives (Leakage),161.91646,896
2022,Stationary Fuel Combustion,14503.13024,896
2022,Fugitives (Venting),249.60738,896
2022,Fugitives (Flaring),1148.63986,325
2022,Fugitives (Leakage),66.55325,325
2022,Stationary Fuel Combustion,43046.31924,325
2022,Fugitives (Venting),98.63479,325
2022,Stationary Fuel Combustion,1253.153483,1931
2022,Industrial Process,258.14364,1931
2022,On-site Transportation,8205.639673,1931
2022,Stationary Fuel Combustion,14005.61385,323
2022,Fugitives (Venting),346.89483,323
2022,Stationary Fuel Combustion,5996.99634,2080
2022,Fugitives (Venting),5430.47186,2080
2022,CO2 from Biomass Combustion,0.0,1105
2022,Stationary Fuel Combustion,36.3413,1105
2022,On-site Transportation,344.396,1105
2022,Waste,34804.0,1105
2022,CO2 from Biomass Combustion,0.0,383
2022,Fugitives (Leakage),14.83735,383
2022,Waste,3440.7939,383
2022,Fugitives (Flaring),10861.12896,958
2022,Stationary Fuel Combustion,1176.93221,958
2022,Fugitives (Venting),12.58293,958
2022,Fugitives (Flaring),1158.72337,959
2022,Fugitives (Leakage),179.80403,959
2022,Stationary Fuel Combustion,45813.27348,959
2022,Fugitives (Venting),1452.17743,959
2022,CO2 from Biomass Combustion,0.0,384
2022,Fugitives (Leakage),74.3696,384
2022,Waste,63691.04276,384
2022,Fugitives (Flaring),556.18321,650
2022,Fugitives (Leakage),76.17222,650
2022,Stationary Fuel Combustion,17282.62403,650
2022,Fugitives (Venting),2994.50438,650
2022,Fugitives (Flaring),2208.12874,555
2022,Fugitives (Leakage),214.70485,555
2022,Stationary Fuel Combustion,2051.9705,555
2022,Fugitives (Venting),13.4617,555
2022,Fugitives (Flaring),2379.8,470
2022,Fugitives (Leakage),330.55099,470
2022,Stationary Fuel Combustion,141226.6459,470
2022,Fugitives (Venting),2409.87623,470
2022,Fugitives (Flaring),180.25342,651
2022,Fugitives (Leakage),74.19337,651
2022,Stationary Fuel Combustion,14007.1104,651
2022,Fugitives (Venting),386.74329,651
2022,Fugitives (Flaring),809.8347,1906
2022,Fugitives (Leakage),146.4342,1906
2022,Stationary Fuel Combustion,27062.3879,1906
2022,Fugitives (Flaring),209.8375,838
2022,Fugitives (Leakage),374.3609,838
2022,Stationary Fuel Combustion,22124.2456,838
2022,CO2 from Biomass Combustion,0.0,748
2022,Stationary Fuel Combustion,11109.13749,748
2022,On-site Transportation,1045.157758,748
2022,Stationary Fuel Combustion,61157.8211,596
2022,On-site Transportation,794.4277,596
2022,Waste,88.092,596
2022,Wastewater,39.78445,596
2022,Fugitives (Flaring),331.7027,660
2022,Fugitives (Leakage),115.8072,660
2022,Stationary Fuel Combustion,42518.2664,660
2022,Fugitives (Flaring),286.5951,661
2022,Fugitives (Leakage),248.8785,661
2022,Stationary Fuel Combustion,22146.1567,661
2022,Fugitives (Flaring),1805.6017,659
2022,Fugitives (Leakage),457.6779,659
2022,Stationary Fuel Combustion,31954.5338,659
2022,Fugitives (Venting),1097.3337,659
2022,Fugitives (Flaring),263.6742,2083
2022,Fugitives (Leakage),8206.7774,2083
2022,Stationary Fuel Combustion,3148.7282,2083
2022,Fugitives (Venting),215.6722,2083
2022,Fugitives (Flaring),3901.1297,481
2022,Fugitives (Leakage),268.8482,481
2022,Stationary Fuel Combustion,63800.2785,481
2022,Fugitives (Venting),9.405,481
2022,Fugitives (Leakage),562.80314,1385
2022,Stationary Fuel Combustion,23014.40923,1385
2022,Fugitives (Flaring),1592.7625,1255
2022,Fugitives (Leakage),2453.1601,1255
2022,Stationary Fuel Combustion,14396.0275,1255
2022,Fugitives (Venting),5.7105,1255
2022,Fugitives (Flaring),7026.4281,1256
2022,Fugitives (Leakage),248.8241,1256
2022,Stationary Fuel Combustion,4664.4914,1256
2022,Fugitives (Venting),16.6748,1256
2022,Fugitives (Flaring),6313.1875,993
2022,Fugitives (Leakage),1708.422,993
2022,Stationary Fuel Combustion,16465.7508,993
2022,Fugitives (Venting),107.2333,993
2022,Fugitives (Flaring),1278.7128,480
2022,Fugitives (Leakage),155.5845,480
2022,Stationary Fuel Combustion,38337.4747,480
2022,Fugitives (Venting),0.1278,480
2022,Fugitives (Flaring),5681.3295,1050
2022,Fugitives (Leakage),1093.6282,1050
2022,Stationary Fuel Combustion,12863.448,1050
2022,Fugitives (Venting),308.9264,1050
2022,Fugitives (Flaring),799.46928,995
2022,Fugitives (Leakage),1083.56353,995
2022,Stationary Fuel Combustion,75244.02095,995
2022,Fugitives (Venting),90.56685,995
2022,Fugitives (Flaring),480.9185,674
2022,Fugitives (Leakage),139.412,674
2022,Stationary Fuel Combustion,36784.03021,674
2022,Fugitives (Venting),792.49792,674
2022,Fugitives (Flaring),7248.61712,538
2022,Fugitives (Leakage),9996.38072,538
2022,Stationary Fuel Combustion,24594.03916,538
2022,Fugitives (Venting),2517.54148,538
2022,Fugitives (Flaring),557.58023,673
2022,Stationary Fuel Combustion,12253.70699,673
2022,Fugitives (Venting),13.721,673
2022,Fugitives (Flaring),8286.08993,1044
2022,Fugitives (Leakage),1706.30375,1044
2022,Stationary Fuel Combustion,171472.2904,1044
2022,Fugitives (Venting),421.55752,1044
2022,Fugitives (Flaring),827.10593,654
2022,Fugitives (Leakage),79.0954,654
2022,Stationary Fuel Combustion,15281.84617,654
2022,Fugitives (Venting),177.28581,654
2022,Fugitives (Flaring),145.50371,1888
2022,Stationary Fuel Combustion,15600.57892,1888
2022,Fugitives (Flaring),183.64025,1947
2022,Stationary Fuel Combustion,13226.02743,1947
2022,Fugitives (Venting),3.918,1947
2022,Fugitives (Flaring),591.79114,1466
2022,Fugitives (Leakage),110.3244,1466
2022,Stationary Fuel Combustion,20775.25935,1466
2022,Fugitives (Venting),366.76463,1466
2022,Fugitives (Flaring),743.95185,1309
2022,Fugitives (Leakage),459.34402,1309
2022,Stationary Fuel Combustion,15905.66452,1309
2022,Fugitives (Venting),3283.44404,1309
2022,Fugitives (Flaring),1376.6727,947
2022,Fugitives (Leakage),61.89513,947
2022,Stationary Fuel Combustion,41517.66379,947
2022,Fugitives (Venting),542.3359,947
2022,Fugitives (Flaring),682.97258,690
2022,Fugitives (Leakage),78.65403,690
2022,Stationary Fuel Combustion,11258.40728,690
2022,Fugitives (Venting),169.66932,690
2022,Stationary Fuel Combustion,12867.21922,1585
2022,Fugitives (Flaring),28.96036,1414
2022,Fugitives (Leakage),141.34098,1414
2022,Stationary Fuel Combustion,25995.54208,1414
2022,Fugitives (Flaring),5359.02424,471
2022,Fugitives (Leakage),2002.64128,471
2022,Stationary Fuel Combustion,241282.9993,471
2022,Fugitives (Venting),440.76081,471
2022,Fugitives (Leakage),5.41997,1505
2022,Stationary Fuel Combustion,20840.71545,1505
2022,Stationary Fuel Combustion,14866.684,715
2022,Fugitives (Flaring),1129.8564,1244
2022,Fugitives (Leakage),135.1439,1244
2022,Stationary Fuel Combustion,16692.2417,1244
2022,Fugitives (Venting),10451.6459,1244
2022,Fugitives (Flaring),6698.56,487
2022,Fugitives (Leakage),719.6,487
2022,Stationary Fuel Combustion,388646.93,487
2022,Fugitives (Venting),2121.55,487
2022,Waste,173.62,487
2022,Wastewater,787.99,487
2022,Fugitives (Flaring),6619.9401,1023
2022,Fugitives (Leakage),20.4552,1023
2022,Stationary Fuel Combustion,19590.7251,1023
2022,Fugitives (Venting),583.4528,1023
2022,Fugitives (Flaring),8139.215,1063
2022,Fugitives (Leakage),33.9772,1063
2022,Stationary Fuel Combustion,11398.9093,1063
2022,Fugitives (Venting),4097.8076,1063
2022,Fugitives (Flaring),4116.6651,807
2022,Fugitives (Leakage),62.3069,807
2022,Stationary Fuel Combustion,8158.6586,807
2022,Fugitives (Venting),995.0716,807
2022,Fugitives (Flaring),6208.8024,949
2022,Fugitives (Leakage),137.3486,949
2022,Stationary Fuel Combustion,10515.9816,949
2022,Fugitives (Venting),2273.3836,949
2022,CO2 from Biomass Combustion,0.0,411
2022,Fugitives (Leakage),216.9275,411
2022,Stationary Fuel Combustion,26690.2541,411
2022,On-site Transportation,774.5036,411
2022,Wastewater,16.4728,411
2022,Fugitives (Flaring),18495.4064,590
2022,Fugitives (Leakage),196.1398,590
2022,Stationary Fuel Combustion,45989.3062,590
2022,Fugitives (Venting),8749.8464,590
2022,Fugitives (Flaring),7519.2464,871
2022,Fugitives (Leakage),383.5787,871
2022,Stationary Fuel Combustion,8770.0124,871
2022,Fugitives (Venting),5290.7087,871
2022,Fugitives (Flaring),8214.6584,1064
2022,Fugitives (Leakage),28.3857,1064
2022,Stationary Fuel Combustion,7505.4897,1064
2022,Fugitives (Venting),2366.9167,1064
2022,Fugitives (Flaring),27957.5008,868
2022,Fugitives (Leakage),349.8116,868
2022,Stationary Fuel Combustion,34128.6134,868
2022,Fugitives (Venting),3120.4669,868
2022,Fugitives (Flaring),8602.007,544
2022,Fugitives (Leakage),568.5973,544
2022,Stationary Fuel Combustion,29699.7664,544
2022,Fugitives (Venting),8612.0064,544
2022,Stationary Fuel Combustion,43586.792,1036
2022,On-site Transportation,23615.057,1036
2022,CO2 from Biomass Combustion,0.0,1450
2022,Stationary Fuel Combustion,2052.195,1450
2022,On-site Transportation,724.175,1450
2022,Waste,48012.46,1450
2022,Stationary Fuel Combustion,56329.85391,311
2022,Industrial Process,29885.6992,311
2022,On-site Transportation,1879.565698,311
2022,Fugitives (Flaring),77159.0424,266
2022,Fugitives (Leakage),7539.703,266
2022,Stationary Fuel Combustion,232172.954,266
2022,Stationary Fuel Combustion,9868.4242,1114
2022,Stationary Fuel Combustion,23855.519,856
2022,On-site Transportation,34.160495,856
2022,Stationary Fuel Combustion,6086.482,1302
2022,Industrial Process,3095.0,1302
2022,Stationary Fuel Combustion,36242.85,278
2022,Industrial Process,53342.236,278
2022,On-site Transportation,831.2301,278
2022,Stationary Fuel Combustion,17333.682,946
2022,Industrial Process,37.86,946
2022,On-site Transportation,490.821,946
2022,Stationary Fuel Combustion,387.443,2069
2022,Industrial Process,13.01,2069
2022,On-site Transportation,107.657,2069
2022,Stationary Fuel Combustion,78256.9057,314
2022,On-site Transportation,548.3805,314
2022,CO2 from Biomass Combustion,0.0,782
2022,Stationary Fuel Combustion,27582.66,782
2022,On-site Transportation,30.0,782
2022,CO2 from Biomass Combustion,0.0,506
2022,Stationary Fuel Combustion,129.5233,506
2022,On-site Transportation,1393.14,506
2022,Waste,77185.05,506
2022,Stationary Fuel Combustion,755.578455,510
2022,Industrial Process,0.813948,510
2022,On-site Transportation,4.583617,510
2022,Stationary Fuel Combustion,22364.2899,906
2022,On-site Transportation,178.178,906
2022,CO2 from Biomass Combustion,0.0,1357
2022,Fugitives (Flaring),9.52,1357
2022,Stationary Fuel Combustion,5.45,1357
2022,On-site Transportation,319.28,1357
2022,Waste,119056.0,1357
2022,CO2 from Biomass Combustion,0.0,1448
2022,Fugitives (Flaring),3.92,1448
2022,Stationary Fuel Combustion,4.05,1448
2022,On-site Transportation,319.28,1448
2022,Waste,38024.0,1448
2022,CO2 from Biomass Combustion,0.0,1443
2022,Stationary Fuel Combustion,0.56,1443
2022,On-site Transportation,695.21,1443
2022,Waste,72044.0,1443
2022,Stationary Fuel Combustion,17220.04321,1160
2022,Fugitives (Leakage),60.10801,1049
2022,Stationary Fuel Combustion,194.42002,1049
2022,Fugitives (Venting),6457.22672,1049
2022,Fugitives (Leakage),667.626657,1059
2022,Stationary Fuel Combustion,6020.48061,1059
2022,Fugitives (Venting),12953.85774,1059
2022,Fugitives (Leakage),1232.27381,1058
2022,Stationary Fuel Combustion,9925.2415,1058
2022,Fugitives (Venting),13531.29607,1058
2022,Fugitives (Leakage),272.51518,1060
2022,Stationary Fuel Combustion,1161.02892,1060
2022,Fugitives (Venting),4687.62222,1060
2022,Fugitives (Leakage),3703.56028,1294
2022,Stationary Fuel Combustion,8277.16819,1294
2022,Fugitives (Venting),1312.7156,1294
2022,Fugitives (Flaring),7367.76339,957
2022,Fugitives (Leakage),1036.28112,957
2022,Stationary Fuel Combustion,7412.15823,957
2022,Fugitives (Flaring),1671.59134,595
2022,Fugitives (Leakage),164.05337,595
2022,Stationary Fuel Combustion,251276.0069,595
2022,On-site Transportation,11.56992,595
2022,Fugitives (Venting),3829.25658,595
2022,Fugitives (Flaring),5310.986,876
2022,Fugitives (Leakage),602.2883,876
2022,Stationary Fuel Combustion,9587.6499,876
2022,Fugitives (Venting),10.4701,876
2022,Fugitives (Flaring),4129.0183,1667
2022,Fugitives (Leakage),137.1425,1667
2022,Stationary Fuel Combustion,98401.4978,1667
2022,On-site Transportation,4.2237,1667
2022,Fugitives (Venting),1054.6361,1667
2022,Fugitives (Flaring),3528.7762,1889
2022,Stationary Fuel Combustion,8810.1288,1889
2022,On-site Transportation,274.5884,1889
2022,Fugitives (Flaring),1358.9308,1439
2022,Fugitives (Leakage),166.1138,1439
2022,Stationary Fuel Combustion,240296.8094,1439
2022,On-site Transportation,2.0375,1439
2022,Fugitives (Venting),2527.8503,1439
2022,Fugitives (Flaring),9136.194,1955
2022,Stationary Fuel Combustion,3408.1885,1955
2022,Stationary Fuel Combustion,655396.65,114
2022,CO2 from Biomass Combustion,0.0,950
2022,Fugitives (Flaring),10245.07566,950
2022,Fugitives (Leakage),38683.60052,950
2022,Stationary Fuel Combustion,1713308.647,950
2022,Industrial Process,1907.227262,950
2022,On-site Transportation,570324.5897,950
2022,Fugitives (Venting),613.24054,950
2022,Wastewater,188.155612,950
2022,Fugitives (Leakage),100.680869,870
2022,Stationary Fuel Combustion,18883.04729,870
2022,On-site Transportation,338.804591,870
2022,CO2 from Biomass Combustion,0.0,167
2022,Fugitives (Leakage),79.9487,167
2022,Stationary Fuel Combustion,192385.0832,167
2022,Industrial Process,3413.9163,167
2022,On-site Transportation,4405.1724,167
2022,Wastewater,2400.2944,167
2022,Stationary Fuel Combustion,15618.2819,666
2022,On-site Transportation,2327.5783,666
2022,Waste,690.158,666
2022,Stationary Fuel Combustion,10136.891,792
2022,Industrial Process,3.615,792
2022,On-site Transportation,53.411,792
2022,Wastewater,58.156,792
2022,Stationary Fuel Combustion,25487.4559,665
2022,On-site Transportation,1379.4667,665
2022,Waste,205.1364,665
2022,Stationary Fuel Combustion,11995.8425,854
2022,On-site Transportation,1574.0254,854
2022,Waste,1490.076,854
2022,CO2 from Biomass Combustion,0.0,400
2022,Stationary Fuel Combustion,12479.957,400
2022,On-site Transportation,4267.7999,400
2022,Waste,9075.2508,400
2022,CO2 from Biomass Combustion,0.0,853
2022,Stationary Fuel Combustion,7016.6817,853
2022,On-site Transportation,2967.9986,853
2022,Waste,2110.472,853
2022,CO2 from Biomass Combustion,0.0,1601
2022,Stationary Fuel Combustion,5605.2643,1601
2022,On-site Transportation,1698.7832,1601
2022,Waste,3145.7692,1601
2022,Fugitives (Flaring),446.37154,45
2022,Fugitives (Leakage),2568.228,45
2022,Stationary Fuel Combustion,348714.597,45
2022,Industrial Process,95336.0,45
2022,On-site Transportation,2496.234,45
2022,Fugitives (Venting),26955.59,45
2022,Wastewater,4.256,45
2022,Fugitives (Leakage),1570.1625,1668
2022,Stationary Fuel Combustion,323721.5305,1668
2022,On-site Transportation,307.0353,1668
2022,Fugitives (Venting),7.5019,1668
2022,Fugitives (Flaring),54500.1367,1666
2022,Fugitives (Leakage),3650.1281,1666
2022,Stationary Fuel Combustion,14071.9146,1666
2022,On-site Transportation,4273.7629,1666
2022,Fugitives (Venting),0.00042,1666
2022,Stationary Fuel Combustion,242.317,2016
2022,On-site Transportation,4210.4343,2016
2022,CO2 from Biomass Combustion,0.0,941
2022,Stationary Fuel Combustion,5704.2812,941
2022,On-site Transportation,354.8008,941
2022,Waste,42177.618,941
2022,Wastewater,792.5143,941
2022,Fugitives (Leakage),8880.928,378
2022,Stationary Fuel Combustion,6221.915582,378
2022,On-site Transportation,35706.52284,378
2022,Stationary Fuel Combustion,67089.7488,399
2022,Stationary Fuel Combustion,2631.500755,248
2022,Industrial Process,81732.74,248
2022,Fugitives (Leakage),4987.276,635
2022,Stationary Fuel Combustion,90.215822,635
2022,On-site Transportation,11938.39,635
2022,Wastewater,23.915061,635
2022,Fugitives (Flaring),23549.3122,242
2022,Fugitives (Leakage),751.9596,242
2022,Stationary Fuel Combustion,1019452.931,242
2022,Industrial Process,613.68999,242
2022,On-site Transportation,1550.2189,242
2022,Fugitives (Venting),56613.006,242
2022,Waste,226.4213,242
2022,Wastewater,102.9028,242
2022,Fugitives (Flaring),21398.2245,282
2022,Fugitives (Leakage),1.954428,282
2022,Stationary Fuel Combustion,4854.715377,282
2022,On-site Transportation,1487.192236,282
2022,Wastewater,0.901,282
2022,Fugitives (Flaring),74.84352,96
2022,Fugitives (Leakage),1779.79,96
2022,Stationary Fuel Combustion,426522.5889,96
2022,Industrial Process,239124.0,96
2022,On-site Transportation,270.419,96
2022,Fugitives (Venting),2460.42,96
2022,On-site Transportation,334.66,1084
2022,Waste,50637.23,1084
2022,Stationary Fuel Combustion,26603.98496,1383
2022,Fugitives (Flaring),1625.43904,718
2022,Fugitives (Leakage),88.67105,718
2022,Stationary Fuel Combustion,27272.80637,718
2022,Fugitives (Venting),461.97867,718
2022,Fugitives (Flaring),542.8714,861
2022,Fugitives (Leakage),653.6139,861
2022,Stationary Fuel Combustion,16701.7131,861
2022,On-site Transportation,77.4681,861
2022,Wastewater,1.37088,861
2022,Stationary Fuel Combustion,7864.282,721
2022,Industrial Process,2005.7,721
2022,Fugitives (Flaring),12315.292,4
2022,Fugitives (Leakage),2500.16,4
2022,Stationary Fuel Combustion,677785.4212,4
2022,Industrial Process,405779.015,4
2022,On-site Transportation,4995.295,4
2022,Fugitives (Venting),122969.04,4
2022,Wastewater,60.76,4
2022,Fugitives (Flaring),223118.0811,162
2022,Fugitives (Leakage),317.1619,162
2022,Stationary Fuel Combustion,3026165.932,162
2022,Industrial Process,150.18,162
2022,On-site Transportation,1428.4435,162
2022,Fugitives (Venting),66057.0614,162
2022,CO2 from Biomass Combustion,0.0,468
2022,Fugitives (Leakage),493.612,468
2022,Stationary Fuel Combustion,2137.940799,468
2022,Industrial Process,191267.8967,468
2022,On-site Transportation,713.573401,468
2022,Wastewater,7.9296,468
2022,Fugitives (Leakage),51.016,832
2022,Stationary Fuel Combustion,11874.688,832
2022,Fugitives (Venting),70.957,832
2022,Stationary Fuel Combustion,9255.999229,245
2022,Stationary Fuel Combustion,451061.7057,95
2022,Industrial Process,28.2,95
2022,On-site Transportation,1.604536,95
2022,CO2 from Biomass Combustion,0.0,1552
2022,Stationary Fuel Combustion,83.6999,1552
2022,On-site Transportation,1404.725,1552
2022,Waste,89617.3,1552
2022,Stationary Fuel Combustion,9178.241,2052
2022,Stationary Fuel Combustion,26847.61144,1298
2022,On-site Transportation,63.28268,1298
2022,Stationary Fuel Combustion,14621.893,1184
2022,Stationary Fuel Combustion,650.755,1516
2022,On-site Transportation,515.2326,1516
2022,Fugitives (Venting),142458.68,1516
2022,Stationary Fuel Combustion,4806.187,1433
2022,On-site Transportation,7965.086,1433
2022,Fugitives (Leakage),321663.0256,91
2022,Stationary Fuel Combustion,92465.7409,91
2022,On-site Transportation,391832.2515,91
2022,Stationary Fuel Combustion,8679.87,1968
2022,On-site Transportation,42.83522,1968
2022,Stationary Fuel Combustion,13664.03,1225
2022,On-site Transportation,26.79517,1225
2022,Fugitives (Leakage),2847.173777,6
2022,Stationary Fuel Combustion,539026.2636,6
2022,Fugitives (Venting),17816.30387,6
2022,Stationary Fuel Combustion,15084.0873,2054
2022,On-site Transportation,1.75,2054
2022,CO2 from Biomass Combustion,0.0,70
2022,Stationary Fuel Combustion,81749.591,70
2022,Industrial Process,13.0,70
2022,On-site Transportation,1062.826,70
2022,Stationary Fuel Combustion,19986.1,489
2022,On-site Transportation,82.03,489
2022,Fugitives (Leakage),1337.408562,198
2022,Stationary Fuel Combustion,419659.3941,198
2022,Fugitives (Venting),6452.260104,198
2022,Stationary Fuel Combustion,29320.02,1332
2022,On-site Transportation,323.9,1332
2022,Fugitives (Leakage),253.05886,1242
2022,Stationary Fuel Combustion,23779.23628,1242
2022,Fugitives (Venting),2498.925184,1242
2022,CO2 from Biomass Combustion,0.0,238
2022,On-site Transportation,1155.722,238
2022,Waste,93968.0,238
2022,CO2 from Biomass Combustion,0.0,726
2022,Stationary Fuel Combustion,205.524629,726
2022,On-site Transportation,2.757815,726
2022,Waste,8462.157052,726
2022,Stationary Fuel Combustion,16161.0947,1051
2022,CO2 from Biomass Combustion,0.0,1054
2022,Stationary Fuel Combustion,3.724989,1054
2022,On-site Transportation,206.685742,1054
2022,Waste,22816.82262,1054
2022,CO2 from Biomass Combustion,0.0,601
2022,Fugitives (Flaring),12.43,601
2022,Stationary Fuel Combustion,36125.63,601
2022,On-site Transportation,161.4412,601
2022,Stationary Fuel Combustion,830539.071,62
2022,Stationary Fuel Combustion,18130.33,1223
2022,On-site Transportation,45.56547,1223
2022,Stationary Fuel Combustion,2381011.054,18
2022,Stationary Fuel Combustion,31504.9,16
2022,CO2 from Biomass Combustion,0.0,1438
2022,Stationary Fuel Combustion,76.037,1438
2022,On-site Transportation,787.147,1438
2022,Waste,87240.496,1438
2022,Stationary Fuel Combustion,15333.184,639
2022,Industrial Process,273.426,639
2022,On-site Transportation,11609.166,639
2022,Stationary Fuel Combustion,27591.97504,656
2022,On-site Transportation,268.784614,656
2022,Fugitives (Flaring),128.05769,681
2022,Fugitives (Leakage),356.71484,681
2022,Stationary Fuel Combustion,13087.08881,681
2022,Fugitives (Venting),540.99482,681
2022,Fugitives (Flaring),61.01189,679
2022,Stationary Fuel Combustion,13986.5289,679
2022,Fugitives (Venting),75.0411,679
2022,Fugitives (Flaring),2864.19753,886
2022,Fugitives (Leakage),347.59955,886
2022,Stationary Fuel Combustion,15811.41814,886
2022,Fugitives (Venting),116.9248,886
2022,Fugitives (Flaring),99.81303,1618
2022,Fugitives (Leakage),156.27348,1618
2022,Stationary Fuel Combustion,11463.954,1618
2022,Fugitives (Venting),602.57839,1618
2022,Fugitives (Flaring),278.23843,678
2022,Stationary Fuel Combustion,12245.47245,678
2022,Fugitives (Leakage),247.54529,2076
2022,Fugitives (Venting),10355.67817,2076
2022,Fugitives (Flaring),250.08147,1310
2022,Fugitives (Leakage),583.4777,1310
2022,Stationary Fuel Combustion,10445.55706,1310
2022,Fugitives (Venting),663.40929,1310
2022,Fugitives (Flaring),894.61414,1907
2022,Fugitives (Leakage),650.41604,1907
2022,Stationary Fuel Combustion,10282.23839,1907
2022,Fugitives (Venting),461.35141,1907
2022,Fugitives (Flaring),18.10155,1986
2022,Fugitives (Leakage),12526.14195,1986
2022,Stationary Fuel Combustion,1243.91791,1986
2022,Fugitives (Venting),117.93405,1986
2022,Stationary Fuel Combustion,20692.2,1179
2022,On-site Transportation,227.51,1179
2022,Stationary Fuel Combustion,379.40063,2015
2022,On-site Transportation,5609.81738,2015
2022,Stationary Fuel Combustion,2677227.726,129
2022,On-site Transportation,137.76322,129
2022,Fugitives (Venting),34.2916,129
2022,Stationary Fuel Combustion,880925.8897,220
2022,On-site Transportation,73.202793,220
2022,Fugitives (Venting),17.1864,220
2022,Fugitives (Flaring),2388.7658,13
2022,Fugitives (Leakage),29971.8366,13
2022,Stationary Fuel Combustion,68014.9449,13
2022,Industrial Process,26.1596,13
2022,Fugitives (Venting),10412.3412,13
2022,Fugitives (Flaring),15.5768,69
2022,Fugitives (Leakage),98170.477,69
2022,Stationary Fuel Combustion,58129.3527,69
2022,Fugitives (Venting),9945.7304,69
2022,Fugitives (Leakage),405.89732,1453
2022,Stationary Fuel Combustion,141170.027,1453
2022,Fugitives (Venting),8010.34149,1453
2022,Fugitives (Leakage),2722.46117,82
2022,Stationary Fuel Combustion,387413.1237,82
2022,Fugitives (Venting),10469.00378,82
2022,CO2 from Biomass Combustion,0.0,604
2022,On-site Transportation,207.964,604
2022,Waste,37917.6,604
2022,Fugitives (Flaring),2325.2118,1377
2022,Fugitives (Leakage),242.239,1377
2022,Stationary Fuel Combustion,20692.2808,1377
2022,Fugitives (Venting),5028.5115,1377
2022,Fugitives (Leakage),2184.18886,1476
2022,Stationary Fuel Combustion,34745.75943,1476
2022,Fugitives (Venting),8952.61525,1476
2022,Fugitives (Flaring),82.8724,1290
2022,Fugitives (Leakage),1806.2,1290
2022,Stationary Fuel Combustion,24302.9047,1290
2022,Fugitives (Venting),10366.8483,1290
2022,Fugitives (Flaring),767.8408,1376
2022,Fugitives (Leakage),300.6541,1376
2022,Stationary Fuel Combustion,8694.0806,1376
2022,Fugitives (Venting),3668.6756,1376
2022,Fugitives (Leakage),783.33688,531
2022,Stationary Fuel Combustion,27125.38969,531
2022,Fugitives (Venting),6594.81664,531
2022,Stationary Fuel Combustion,21625.79,1460
2022,CO2 from Biomass Combustion,0.0,362
2022,Fugitives (Flaring),71.69093,362
2022,Stationary Fuel Combustion,24362.97137,362
2022,On-site Transportation,397.5301,362
2022,Wastewater,454.5015,362
2022,Fugitives (Flaring),9319.669847,452
2022,Fugitives (Leakage),24.270108,452
2022,Stationary Fuel Combustion,33815.95614,452
2022,Fugitives (Venting),539.28684,452
2022,Fugitives (Leakage),6303.3766,189
2022,Stationary Fuel Combustion,167142.1965,189
2022,Fugitives (Venting),6483.5835,189
2022,Fugitives (Flaring),9426.383416,500
2022,Fugitives (Leakage),138.197292,500
2022,Stationary Fuel Combustion,83627.7108,500
2022,Fugitives (Venting),2383.263386,500
2022,Fugitives (Flaring),1503.130189,501
2022,Fugitives (Leakage),212.634561,501
2022,Stationary Fuel Combustion,63072.97042,501
2022,Fugitives (Venting),2692.134031,501
2022,Stationary Fuel Combustion,34229.368,447
2022,CO2 from Biomass Combustion,0.0,794
2022,Stationary Fuel Combustion,26241.3907,794
2022,On-site Transportation,140.1174,794
2022,Stationary Fuel Combustion,9327.397,763
2022,Fugitives (Flaring),78.539126,1132
2022,Fugitives (Leakage),6.594471,1132
2022,Stationary Fuel Combustion,15595.86771,1132
2022,Fugitives (Venting),1528.956431,1132
2022,Fugitives (Leakage),9432.2837,186
2022,Stationary Fuel Combustion,247917.0664,186
2022,Fugitives (Venting),72581.7411,186
2022,Stationary Fuel Combustion,5627.18,764
2022,Fugitives (Flaring),27435.82288,145
2022,Fugitives (Leakage),924.731497,145
2022,Stationary Fuel Combustion,30540.20333,145
2022,Fugitives (Venting),65513.10583,145
2022,Wastewater,1.840425,145
2022,Fugitives (Flaring),4252.610108,2018
2022,Fugitives (Leakage),108.027315,2018
2022,Stationary Fuel Combustion,45154.39083,2018
2022,Fugitives (Venting),1025.837085,2018
2022,Fugitives (Flaring),5691.744482,391
2022,Fugitives (Leakage),81.612278,391
2022,Stationary Fuel Combustion,51795.54289,391
2022,Fugitives (Venting),1036.183067,391
2022,Fugitives (Flaring),11970.06212,390
2022,Fugitives (Leakage),141.047278,390
2022,Stationary Fuel Combustion,54185.1314,390
2022,Fugitives (Venting),3142.065886,390
2022,Fugitives (Flaring),1558.202489,389
2022,Fugitives (Leakage),284.542975,389
2022,Stationary Fuel Combustion,68508.32853,389
2022,Fugitives (Venting),10141.51357,389
2022,Fugitives (Flaring),4569.726123,99
2022,Fugitives (Leakage),16919.20974,99
2022,Stationary Fuel Combustion,90461.37973,99
2022,Fugitives (Venting),2508.729281,99
2022,Fugitives (Flaring),1040.924566,1134
2022,Fugitives (Leakage),70.332724,1134
2022,Stationary Fuel Combustion,16009.58263,1134
2022,Fugitives (Venting),4155.165126,1134
2022,Fugitives (Leakage),15493.7036,30
2022,Stationary Fuel Combustion,1137314.157,30
2022,Fugitives (Venting),41080.7894,30
2022,Fugitives (Flaring),6458.688505,92
2022,Fugitives (Leakage),637.667435,92
2022,Stationary Fuel Combustion,167912.0686,92
2022,Fugitives (Venting),211815.8191,92
2022,Wastewater,0.090895,92
2022,Fugitives (Flaring),8172.962992,530
2022,Fugitives (Leakage),109.614914,530
2022,Stationary Fuel Combustion,100148.4391,530
2022,Fugitives (Venting),357.530827,530
2022,Fugitives (Leakage),94.71021,1135
2022,Stationary Fuel Combustion,8026.518197,1135
2022,Fugitives (Venting),552.730255,1135
2022,Fugitives (Leakage),291.896242,1422
2022,Stationary Fuel Combustion,10376.30041,1422
2022,Fugitives (Venting),539.579479,1422
2022,Fugitives (Leakage),63.220103,1514
2022,Stationary Fuel Combustion,616.703836,1514
2022,Fugitives (Venting),270.618957,1514
2022,Stationary Fuel Combustion,532902.6222,144
2022,Fugitives (Leakage),61797.77,130
2022,Stationary Fuel Combustion,886761.054,130
2022,Fugitives (Venting),102587.523,130
2022,Fugitives (Flaring),832.8495,565
2022,Fugitives (Leakage),2762.989,565
2022,Stationary Fuel Combustion,270702.5347,565
2022,Industrial Process,0.846,565
2022,On-site Transportation,445.9797,565
2022,Fugitives (Venting),0.8655,565
2022,Fugitives (Flaring),405.66755,453
2022,Fugitives (Leakage),172.5959,453
2022,Stationary Fuel Combustion,466378.7289,453
2022,On-site Transportation,2632.0225,453
2022,Fugitives (Venting),236.9997,453
2022,Stationary Fuel Combustion,60853.2235,503
2022,On-site Transportation,2978.1537,503
2022,Wastewater,8.7612,503
2022,CO2 from Biomass Combustion,0.0,348
2022,Stationary Fuel Combustion,26510.906,348
2022,Industrial Process,273.8338,348
2022,On-site Transportation,15363.29201,348
2022,Waste,1.135527,348
2022,Fugitives (Flaring),12869.9896,1286
2022,Stationary Fuel Combustion,8.9607,1286
2022,CO2 from Biomass Combustion,0.0,7
2022,Stationary Fuel Combustion,157150.3206,7
2022,Industrial Process,3.5923,7
2022,On-site Transportation,4087.3342,7
2022,Waste,3697.4,7
2022,Wastewater,129.85,7
2022,Stationary Fuel Combustion,9929.18,1169
2022,On-site Transportation,4.22,1169
2022,CO2 from Biomass Combustion,0.0,458
2022,Fugitives (Leakage),5.271952,458
2022,Stationary Fuel Combustion,10147.07908,458
2022,On-site Transportation,189.027164,458
2022,Stationary Fuel Combustion,25.11,231
2022,Industrial Process,15276.2,231
2022,On-site Transportation,222.6884,231
2022,Stationary Fuel Combustion,10782.389,1191
2022,Industrial Process,211.9,1191
2022,On-site Transportation,16849.872,1191
2022,Stationary Fuel Combustion,22.1788,1664
2022,On-site Transportation,379.655,1664
2022,Waste,48774.61,1664
2022,Stationary Fuel Combustion,20.2396,1654
2022,On-site Transportation,174.773,1654
2022,Waste,31190.05,1654
2022,Stationary Fuel Combustion,20.7284,1365
2022,On-site Transportation,448.04,1365
2022,Waste,64745.65,1365
2022,Wastewater,375.2,1365
2022,Fugitives (Flaring),27067.13415,546
2022,Fugitives (Leakage),353.63418,546
2022,Stationary Fuel Combustion,117443.2347,546
2022,Fugitives (Venting),1611.21617,546
2022,Fugitives (Flaring),1582.80084,1284
2022,Fugitives (Leakage),302.48317,1284
2022,Stationary Fuel Combustion,261203.1215,1284
2022,On-site Transportation,14.35845,1284
2022,Fugitives (Venting),2255.43557,1284
2022,Fugitives (Flaring),2753.88149,573
2022,Fugitives (Leakage),152.05461,573
2022,Stationary Fuel Combustion,246557.8835,573
2022,On-site Transportation,26.89373,573
2022,Fugitives (Venting),1888.10617,573
2022,Fugitives (Flaring),6901.4053,499
2022,Fugitives (Leakage),800.47877,499
2022,Stationary Fuel Combustion,305628.3703,499
2022,On-site Transportation,21.75333,499
2022,Fugitives (Venting),6283.75365,499
2022,Fugitives (Flaring),14917.39849,524
2022,Fugitives (Leakage),209.25137,524
2022,Stationary Fuel Combustion,95977.40733,524
2022,On-site Transportation,0.24411,524
2022,Fugitives (Venting),413.59889,524
2022,Fugitives (Flaring),750.97587,1016
2022,Fugitives (Leakage),71.90621,1016
2022,Stationary Fuel Combustion,130712.1986,1016
2022,On-site Transportation,11.38227,1016
2022,Fugitives (Venting),1600.46978,1016
2022,Fugitives (Flaring),2190.96099,594
2022,Fugitives (Leakage),112.11573,594
2022,Stationary Fuel Combustion,286107.449,594
2022,On-site Transportation,7.86207,594
2022,Fugitives (Venting),3619.47295,594
2022,Fugitives (Flaring),1282.23175,1359
2022,Fugitives (Leakage),165.64703,1359
2022,Stationary Fuel Combustion,273787.5507,1359
2022,Fugitives (Venting),2338.83011,1359
2022,Fugitives (Flaring),46236.07412,249
2022,Fugitives (Leakage),269.10964,249
2022,Stationary Fuel Combustion,393480.5937,249
2022,On-site Transportation,0.22106,249
2022,Fugitives (Venting),6361.50614,249
2022,Stationary Fuel Combustion,28592.8559,1235
2022,On-site Transportation,125.1591,1235
2022,Stationary Fuel Combustion,94641.0386,469
2022,On-site Transportation,2938.7701,469
2022,CO2 from Biomass Combustion,0.0,1565
2022,Stationary Fuel Combustion,0.265112,1565
2022,On-site Transportation,335.7684,1565
2022,Waste,57358.44186,1565
2022,Stationary Fuel Combustion,47066.783,631
2022,On-site Transportation,1367.8491,631
2022,Stationary Fuel Combustion,110469.9939,442
2022,On-site Transportation,2206.2463,442
2022,Stationary Fuel Combustion,39214.9711,548
2022,On-site Transportation,1624.6894,548
2022,Stationary Fuel Combustion,713599.6605,152
2022,On-site Transportation,3810.4736,152
2022,CO2 from Biomass Combustion,0.0,119
2022,Stationary Fuel Combustion,145715.8597,119
2022,Industrial Process,88104.3822,119
2022,On-site Transportation,9440.062295,119
2022,CO2 from Biomass Combustion,0.0,219
2022,Fugitives (Flaring),107448.3234,219
2022,Fugitives (Leakage),350888.9138,219
2022,Stationary Fuel Combustion,5713014.247,219
2022,Industrial Process,591866.9689,219
2022,On-site Transportation,950768.6088,219
2022,Fugitives (Venting),4769.039583,219
2022,Wastewater,346.381051,219
2022,CO2 from Biomass Combustion,0.0,141
2022,Fugitives (Flaring),4740.964787,141
2022,Fugitives (Leakage),150.334939,141
2022,Stationary Fuel Combustion,412276.8324,141
2022,On-site Transportation,477.70836,141
2022,Fugitives (Venting),2273.845349,141
2022,Waste,2.991721,141
2022,CO2 from Biomass Combustion,0.0,395
2022,Fugitives (Flaring),45825.95796,395
2022,Fugitives (Leakage),950.851023,395
2022,Stationary Fuel Combustion,5346335.696,395
2022,Industrial Process,21.385,395
2022,On-site Transportation,3857.917661,395
2022,Fugitives (Venting),3308.327398,395
2022,Waste,5.234727,395
2022,CO2 from Biomass Combustion,0.0,142
2022,Stationary Fuel Combustion,78302.66528,142
2022,Industrial Process,855.51,142
2022,On-site Transportation,2323.9748,142
2022,Waste,2627.8,142
2022,Wastewater,149.725,142
2022,Stationary Fuel Combustion,13484.709,1154
2022,On-site Transportation,3899.3987,1154
2022,CO2 from Biomass Combustion,0.0,1512
2022,Stationary Fuel Combustion,7649.1932,1512
2022,On-site Transportation,1034.5794,1512
2022,Stationary Fuel Combustion,13710.48,706
2022,Industrial Process,29581.8,1363
2022,Stationary Fuel Combustion,507.1022,47
2022,Industrial Process,35265.935,47
2022,On-site Transportation,244.4695,47
2022,Fugitives (Flaring),215.6274,892
2022,Fugitives (Leakage),90.7262,892
2022,Stationary Fuel Combustion,13730.527,892
2022,Fugitives (Venting),1206.8328,892
2022,Fugitives (Leakage),27.4865,779
2022,Stationary Fuel Combustion,13812.7832,779
2022,Fugitives (Venting),2084.5211,779
2022,Fugitives (Leakage),10.575,891
2022,Stationary Fuel Combustion,11622.9291,891
2022,Fugitives (Venting),471.7761,891
2022,Fugitives (Flaring),13.438,1899
2022,Stationary Fuel Combustion,10497.7023,1899
2022,Fugitives (Venting),334.2414,1899
2022,Stationary Fuel Combustion,19039.22,1550
2022,Stationary Fuel Combustion,17022.46,1229
2022,Stationary Fuel Combustion,18521.16,1379
2022,Fugitives (Flaring),279.9796,889
2022,Fugitives (Leakage),58.8977,889
2022,Stationary Fuel Combustion,14068.3383,889
2022,Fugitives (Venting),1264.8047,889
2022,Fugitives (Leakage),7.0873,780
2022,Stationary Fuel Combustion,9386.0686,780
2022,Fugitives (Venting),1400.0132,780
2022,Fugitives (Flaring),44.5029,999
2022,Fugitives (Leakage),2.0674,999
2022,Stationary Fuel Combustion,12091.958,999
2022,Fugitives (Venting),897.6548,999
2022,Stationary Fuel Combustion,7649.58,1500
2022,On-site Transportation,1312.274,1500
2022,CO2 from Biomass Combustion,0.0,1478
2022,Stationary Fuel Combustion,14815.079,1478
2022,On-site Transportation,630.191,1478
2022,Stationary Fuel Combustion,41519.242,547
2022,Industrial Process,1486.0,547
2022,On-site Transportation,146.331,547
2022,Stationary Fuel Combustion,62412.1131,269
2022,Fugitives (Flaring),4109.2781,176
2022,Fugitives (Leakage),78.9012,176
2022,Stationary Fuel Combustion,129745.0499,176
2022,Industrial Process,15081.8348,176
2022,On-site Transportation,371.533,176
2022,Fugitives (Venting),162.5229,176
2022,Wastewater,129.3263,176
2022,CO2 from Biomass Combustion,0.0,1570
2022,Stationary Fuel Combustion,552.1817,1570
2022,Waste,243.92,1570
2022,Stationary Fuel Combustion,7702.14,1176
2022,On-site Transportation,9.27,1176
2022,Fugitives (Flaring),343.58657,1366
2022,Fugitives (Leakage),470.76661,1366
2022,Stationary Fuel Combustion,43895.48341,1366
2022,Fugitives (Venting),1.57065,1366
2022,Fugitives (Flaring),6631.69255,1446
2022,Fugitives (Leakage),326.63994,1446
2022,Stationary Fuel Combustion,65825.06597,1446
2022,Fugitives (Venting),1238.32042,1446
2022,Fugitives (Flaring),537.74601,2089
2022,Fugitives (Leakage),267.37744,2089
2022,Stationary Fuel Combustion,18426.69163,2089
2022,Stationary Fuel Combustion,13114.18721,1985
2022,Fugitives (Flaring),5270.74681,306
2022,Fugitives (Leakage),1472.97117,306
2022,Stationary Fuel Combustion,3038432.27,306
2022,On-site Transportation,6264.12,306
2022,Fugitives (Venting),2201.80245,306
2022,Stationary Fuel Combustion,10162.58,1166
2022,On-site Transportation,21.83,1166
2022,Fugitives (Leakage),6.5004,1325
2022,Stationary Fuel Combustion,24708.0488,1325
2022,Fugitives (Flaring),0.017,153
2022,Stationary Fuel Combustion,1414062.454,153
2022,Stationary Fuel Combustion,97637.8663,255
2022,Fugitives (Venting),5.1917,255
2022,Stationary Fuel Combustion,333304.8787,184
2022,Fugitives (Venting),0.2382,184
2022,Stationary Fuel Combustion,11.8876,462
2022,Waste,49071.12,462
2022,Stationary Fuel Combustion,41408.4857,261
2022,Fugitives (Venting),34.2095,261
2022,Stationary Fuel Combustion,875697.3405,15
2022,On-site Transportation,82.5491,15
2022,Fugitives (Venting),15.1771,15
2022,Stationary Fuel Combustion,27.360867,382
2022,On-site Transportation,1151.647,382
2022,Waste,161658.28,382
2022,CO2 from Biomass Combustion,0.0,408
2022,Stationary Fuel Combustion,417.6392,408
2022,On-site Transportation,1196.0174,408
2022,Waste,150384.36,408
2022,CO2 from Biomass Combustion,0.0,258
2022,Stationary Fuel Combustion,434.4141,258
2022,On-site Transportation,2203.0455,258
2022,Waste,160849.92,258
2022,Fugitives (Flaring),223.41947,2046
2022,Fugitives (Leakage),9446.528,2046
2022,Stationary Fuel Combustion,774.54964,2046
2022,Fugitives (Venting),188.47578,2046
2022,Fugitives (Flaring),3858.48685,934
2022,Fugitives (Leakage),1639.31096,934
2022,Stationary Fuel Combustion,44325.66875,934
2022,Fugitives (Venting),550.00608,934
2022,Fugitives (Flaring),725.2126,939
2022,Fugitives (Leakage),230.33724,939
2022,Stationary Fuel Combustion,39199.10346,939
2022,Fugitives (Venting),907.47545,939
2022,Stationary Fuel Combustion,60955.66884,1245
2022,On-site Transportation,546.220658,1245
2022,Wastewater,19.195275,1245
2022,CO2 from Biomass Combustion,0.0,1190
2022,Stationary Fuel Combustion,14416.76,1190
2022,Stationary Fuel Combustion,13760.732,705
2022,On-site Transportation,377.793,705
2022,Stationary Fuel Combustion,18436.463,781
2022,On-site Transportation,368.246,781
2022,Stationary Fuel Combustion,24931.1101,1650
2022,CO2 from Biomass Combustion,0.0,147
2022,Fugitives (Flaring),437895.1977,147
2022,Fugitives (Leakage),514886.2074,147
2022,Stationary Fuel Combustion,9527294.436,147
2022,Industrial Process,1770518.688,147
2022,On-site Transportation,1000031.322,147
2022,Fugitives (Venting),65569.8464,147
2022,Wastewater,1653.1004,147
2022,On-site Transportation,167.9929,1068
2022,Waste,26399.24,1068
2022,Stationary Fuel Combustion,41033.91,1188
2022,CO2 from Biomass Combustion,0.0,742
2022,On-site Transportation,446.95,742
2022,Waste,47625.33,742
2022,CO2 from Biomass Combustion,0.0,1598
2022,On-site Transportation,127.85764,1598
2022,Waste,9886.8005,1598
2022,Stationary Fuel Combustion,11330.15977,1979
2022,Fugitives (Flaring),787.39504,974
2022,Fugitives (Leakage),128.63311,974
2022,Stationary Fuel Combustion,67807.88198,974
2022,Fugitives (Venting),21.03198,974
2022,Fugitives (Flaring),2680.40592,1972
2022,Stationary Fuel Combustion,7126.75511,1972
2022,Fugitives (Venting),440.91956,1972
2022,Fugitives (Flaring),44270.96012,1329
2022,Fugitives (Leakage),73.59291,1329
2022,Stationary Fuel Combustion,25311.20657,1329
2022,Fugitives (Venting),26.461,1329
2022,CO2 from Biomass Combustion,0.0,73
2022,Stationary Fuel Combustion,184789.1211,73
2022,Industrial Process,11.7936,73
2022,On-site Transportation,1397.021,73
2022,Waste,44708.608,73
2022,Fugitives (Flaring),168.91291,1946
2022,Fugitives (Leakage),3.92801,1946
2022,Stationary Fuel Combustion,11714.96285,1946
2022,Fugitives (Venting),1635.91605,1946
2022,Waste,41872.71,1075
2022,Fugitives (Flaring),7701.80506,1356
2022,Fugitives (Leakage),1017.57501,1356
2022,Stationary Fuel Combustion,113399.5392,1356
2022,On-site Transportation,178.309,1356
2022,Fugitives (Venting),3920.82428,1356
2022,Fugitives (Flaring),1574.27284,1463
2022,Stationary Fuel Combustion,53010.21258,1463
2022,Fugitives (Venting),19.23139,1463
2022,Fugitives (Leakage),26390.158,446
2022,Stationary Fuel Combustion,1692.6186,446
2022,On-site Transportation,20946.26061,446
2022,Wastewater,118.3716,446
2022,Fugitives (Flaring),3793.49782,5
2022,Fugitives (Leakage),339.933,5
2022,Stationary Fuel Combustion,294656.3766,5
2022,On-site Transportation,364.801,5
2022,Fugitives (Flaring),345.80098,1007
2022,Fugitives (Leakage),26.38583,1007
2022,Stationary Fuel Combustion,36921.52107,1007
2022,On-site Transportation,15.016,1007
2022,Fugitives (Venting),592.54647,1007
2022,Fugitives (Leakage),93.78547,1551
2022,Stationary Fuel Combustion,11440.95644,1551
2022,Fugitives (Venting),119.14097,1551
2022,Fugitives (Flaring),2293.89634,980
2022,Fugitives (Leakage),2938.40344,980
2022,Stationary Fuel Combustion,18563.9804,980
2022,On-site Transportation,148.123,980
2022,Fugitives (Venting),1410.06289,980
2022,Fugitives (Flaring),1637.20735,869
2022,Stationary Fuel Combustion,20824.36357,869
2022,On-site Transportation,110.314,869
2022,Fugitives (Venting),1655.34906,869
2022,Fugitives (Flaring),11983.50993,393
2022,Fugitives (Leakage),784.96984,393
2022,Stationary Fuel Combustion,83429.65258,393
2022,On-site Transportation,86.692,393
2022,Fugitives (Venting),1896.84613,393
2022,Fugitives (Flaring),5660.85432,359
2022,Fugitives (Leakage),782.07717,359
2022,Stationary Fuel Combustion,22167.71688,359
2022,On-site Transportation,57.871,359
2022,Fugitives (Venting),729.96242,359
2022,Fugitives (Flaring),11732.87011,216
2022,Fugitives (Leakage),377.3432,216
2022,Stationary Fuel Combustion,143917.8593,216
2022,On-site Transportation,35.831,216
2022,Fugitives (Venting),3066.82979,216
2022,Fugitives (Flaring),8727.79728,25
2022,Fugitives (Leakage),254.03034,25
2022,Stationary Fuel Combustion,47977.10148,25
2022,On-site Transportation,32.33,25
2022,Fugitives (Venting),748.60753,25
2022,Fugitives (Flaring),3057.26263,1384
2022,Fugitives (Leakage),132.26647,1384
2022,Stationary Fuel Combustion,45842.71321,1384
2022,Fugitives (Flaring),77607.943,190
2022,Fugitives (Leakage),1479.98813,190
2022,Stationary Fuel Combustion,266037.6337,190
2022,On-site Transportation,47.364,190
2022,Fugitives (Venting),768.93163,190
2022,CO2 from Biomass Combustion,0.0,1199
2022,Fugitives (Flaring),954.8165,1199
2022,On-site Transportation,96.097,1199
2022,Waste,19494.36,1199
2022,Stationary Fuel Combustion,12650.082,1390
2022,On-site Transportation,336.571,1390
2022,Stationary Fuel Combustion,14583.5735,817
2022,On-site Transportation,101.8855,817
2022,Stationary Fuel Combustion,39400.1444,1227
2022,On-site Transportation,90.781,1227
2022,Stationary Fuel Combustion,18531.5187,756
2022,Industrial Process,10743.44,756
2022,On-site Transportation,20.6174,756
2022,CO2 from Biomass Combustion,0.0,472
2022,Stationary Fuel Combustion,91447.654,472
2022,On-site Transportation,567.317,472
2022,Stationary Fuel Combustion,19331.371,1203
2022,On-site Transportation,16.151,1203
2022,Stationary Fuel Combustion,9073.8338,2053
2022,Stationary Fuel Combustion,11280.4019,704
2022,Fugitives (Flaring),102868.015,188
2022,Fugitives (Leakage),1879.36,188
2022,Stationary Fuel Combustion,1775468.2,188
2022,On-site Transportation,1203.07405,188
2022,Fugitives (Venting),1062362.27,188
2022,Wastewater,20583.855,188
2022,Stationary Fuel Combustion,9417.1571,1881
2022,On-site Transportation,465.46522,1881
2022,Stationary Fuel Combustion,23175.3,1180
2022,Stationary Fuel Combustion,60924.36,514
2022,On-site Transportation,661.55,514
2022,Stationary Fuel Combustion,59981.21368,410
2022,On-site Transportation,924.1569,410
2022,Stationary Fuel Combustion,70166.458,513
2022,Fugitives (Venting),0.2721,513
2022,Fugitives (Leakage),37728.7436,1088
2022,Stationary Fuel Combustion,1544.6097,1088
2022,Fugitives (Venting),1046.1205,1088
2022,CO2 from Biomass Combustion,0.0,2043
2022,Fugitives (Leakage),113.1199,2043
2022,Stationary Fuel Combustion,6360.1357,2043
2022,On-site Transportation,2846.218,2043
2022,Stationary Fuel Combustion,19465.82619,23
2022,Industrial Process,125.96,23
2022,Fugitives (Flaring),684.21898,963
2022,Stationary Fuel Combustion,39830.81153,963
2022,Fugitives (Venting),8.72572,963
2022,Fugitives (Flaring),1381.10892,680
2022,Stationary Fuel Combustion,29578.03707,680
2022,Fugitives (Venting),3.4904,680
2022,Fugitives (Flaring),241.51837,2062
2022,Stationary Fuel Combustion,25211.68034,2062
2022,Fugitives (Venting),349.99339,2062
2022,Fugitives (Flaring),923.66951,2074
2022,Fugitives (Leakage),9.17988,2074
2022,Stationary Fuel Combustion,8671.5954,2074
2022,Fugitives (Venting),590.43881,2074
2022,CO2 from Biomass Combustion,0.0,643
2022,Stationary Fuel Combustion,30138.234,643
2022,On-site Transportation,23.894457,643
2022,Stationary Fuel Combustion,31891.53,803
2022,On-site Transportation,53.28,803
2022,Stationary Fuel Combustion,23699.22284,1281
2022,Industrial Process,195.17116,1281
2022,CO2 from Biomass Combustion,0.0,420
2022,Stationary Fuel Combustion,54836.4252,420
2022,On-site Transportation,596.1873,420
2022,Waste,11.0063,420
2022,Wastewater,32.883,420
2022,CO2 from Biomass Combustion,0.0,291
2022,Fugitives (Flaring),3658.66691,291
2022,Fugitives (Leakage),1965.9051,291
2022,Stationary Fuel Combustion,1852779.247,291
2022,On-site Transportation,1714.3851,291
2022,Fugitives (Venting),323.54,291
2022,Waste,5.3251,291
2022,Stationary Fuel Combustion,15198.10465,1545
2022,On-site Transportation,478.971659,1545
2022,Stationary Fuel Combustion,946.692,2020
2022,On-site Transportation,10563.101,2020
2022,CO2 from Biomass Combustion,0.0,34
2022,Stationary Fuel Combustion,5421.5627,34
2022,Wastewater,9.2624,34
2022,Fugitives (Leakage),223211.996,103
2022,Stationary Fuel Combustion,112952.9254,103
2022,On-site Transportation,159510.5691,103
2022,Stationary Fuel Combustion,511.6564,2013
2022,On-site Transportation,1458.37333,2013
2022,Fugitives (Leakage),207872.5026,83
2022,Stationary Fuel Combustion,66919.3123,83
2022,Industrial Process,25.85,83
2022,On-site Transportation,215782.5526,83
2022,Fugitives (Leakage),135242.646,289
2022,Stationary Fuel Combustion,30520.9998,289
2022,On-site Transportation,102336.1312,289
2022,Stationary Fuel Combustion,18050.9617,287
2022,On-site Transportation,149574.7829,287
2022,Stationary Fuel Combustion,12801.2933,1330
2022,On-site Transportation,280.6708,1330
2022,CO2 from Biomass Combustion,0.0,1957
2022,Stationary Fuel Combustion,6168.6206,1957
2022,On-site Transportation,2068.4187,1957
2022,CO2 from Biomass Combustion,0.0,288
2022,Fugitives (Flaring),1321.860905,288
2022,Stationary Fuel Combustion,89887.8984,288
2022,Industrial Process,1412.7333,288
2022,On-site Transportation,2197.05047,288
2022,Wastewater,3880.6008,288
2022,Stationary Fuel Combustion,11564.37,1220
2022,Stationary Fuel Combustion,10882.23,1519
2022,Fugitives (Flaring),9159.233921,2066
2022,Stationary Fuel Combustion,704.8005,2066
2022,Fugitives (Flaring),152.860172,1486
2022,Stationary Fuel Combustion,10203.2557,1486
2022,Fugitives (Venting),1801.652689,1486
2022,CO2 from Biomass Combustion,0.0,858
2022,Stationary Fuel Combustion,17883.667,858
2022,Wastewater,19117.71,858
2022,Fugitives (Flaring),1823.19794,467
2022,Fugitives (Leakage),147.77123,467
2022,Stationary Fuel Combustion,16235.79426,467
2022,Fugitives (Venting),5325.65436,467
2022,Stationary Fuel Combustion,31064.61524,828
2022,Fugitives (Flaring),3763.05854,123
2022,Fugitives (Leakage),3607.20604,123
2022,Stationary Fuel Combustion,43380.78536,123
2022,Fugitives (Venting),3966.31527,123
2022,Fugitives (Flaring),966.85436,875
2022,Fugitives (Leakage),333.35455,875
2022,Stationary Fuel Combustion,22216.98528,875
2022,Fugitives (Venting),1048.89925,875
2022,Stationary Fuel Combustion,56677.3817,413
2022,Industrial Process,55.0,413
2022,On-site Transportation,96.6928,413
2022,CO2 from Biomass Combustion,0.0,1633
2022,Stationary Fuel Combustion,3818.0804,1633
2022,On-site Transportation,550.446,1633
2022,Waste,10658.7815,1633
2022,Stationary Fuel Combustion,27048.03,1174
2022,On-site Transportation,12.65,1174
2022,Fugitives (Flaring),2692.74,1430
2022,Fugitives (Leakage),7.0,1430
2022,Stationary Fuel Combustion,20303.195,1430
2022,Fugitives (Leakage),69.2415,797
2022,Stationary Fuel Combustion,11886.1146,797
2022,Industrial Process,2173.533,797
2022,On-site Transportation,90.0603,797
2022,Stationary Fuel Combustion,18512.16,1168
2022,On-site Transportation,10.84,1168
2022,Stationary Fuel Combustion,33704.99,1187
2022,Fugitives (Leakage),257.3371,58
2022,Stationary Fuel Combustion,338790.5513,58
2022,Fugitives (Venting),7.2594,58
2022,On-site Transportation,266.0,1208
2022,Waste,16212.48,1208
2022,Stationary Fuel Combustion,12800.0,1178
2022,On-site Transportation,69.9199,1178
2022,Wastewater,2.3285,1178
2022,Fugitives (Flaring),209.85452,1421
2022,Fugitives (Leakage),562.63437,1421
2022,Stationary Fuel Combustion,10008.53736,1421
2022,Fugitives (Venting),85.72148,1421
2022,CO2 from Biomass Combustion,0.0,582
2022,Stationary Fuel Combustion,2400.299,582
2022,On-site Transportation,1023.7578,582
2022,Waste,83709.825,582
2022,Stationary Fuel Combustion,387.483863,1355
2022,Waste,57436.78886,1355
2022,Stationary Fuel Combustion,10629.77,1048
2022,Industrial Process,379.745,1048
2022,Stationary Fuel Combustion,17267.22,1045
2022,Industrial Process,111.3,1045
2022,Stationary Fuel Combustion,26862.53,1373
2022,Stationary Fuel Combustion,60761.11,814
2022,Industrial Process,115.805,814
2022,Fugitives (Flaring),10.874,210
2022,Stationary Fuel Combustion,415531.215,210
2022,Industrial Process,300250.657,210
2022,Stationary Fuel Combustion,21319.0437,1469
2022,On-site Transportation,2510.9689,1469
2022,CO2 from Biomass Combustion,0.0,365
2022,Fugitives (Flaring),22.061365,365
2022,Stationary Fuel Combustion,197.18041,365
2022,Industrial Process,491.81965,365
2022,On-site Transportation,0.168355,365
2022,CO2 from Biomass Combustion,0.0,1275
2022,Stationary Fuel Combustion,2.572069,1275
2022,On-site Transportation,46.168149,1275
2022,CO2 from Biomass Combustion,0.0,1274
2022,Stationary Fuel Combustion,1.073988,1274
2022,On-site Transportation,20.609691,1274
2022,CO2 from Biomass Combustion,0.0,1273
2022,Stationary Fuel Combustion,0.113734,1273
2022,On-site Transportation,12.396366,1273
2022,CO2 from Biomass Combustion,0.0,1272
2022,Stationary Fuel Combustion,24.47486,1272
2022,On-site Transportation,15.701738,1272
2022,CO2 from Biomass Combustion,0.0,1271
2022,Stationary Fuel Combustion,0.035748,1271
2022,On-site Transportation,4.132024,1271
2022,CO2 from Biomass Combustion,0.0,1270
2022,Stationary Fuel Combustion,0.107208,1270
2022,On-site Transportation,11.569713,1270
2022,CO2 from Biomass Combustion,0.0,1269
2022,Stationary Fuel Combustion,13.769024,1269
2022,On-site Transportation,47.529387,1269
2022,CO2 from Biomass Combustion,0.0,1268
2022,Stationary Fuel Combustion,1.194214,1268
2022,On-site Transportation,14.838656,1268
2022,CO2 from Biomass Combustion,0.0,1267
2022,Stationary Fuel Combustion,10.729939,1267
2022,On-site Transportation,86.796049,1267
2022,CO2 from Biomass Combustion,0.0,1266
2022,Stationary Fuel Combustion,19.904188,1266
2022,On-site Transportation,28.404091,1266
2022,CO2 from Biomass Combustion,0.0,1265
2022,Stationary Fuel Combustion,0.126693,1265
2022,On-site Transportation,14.048934,1265
2022,Stationary Fuel Combustion,61815.69967,438
2022,Industrial Process,39296.276,438
2022,On-site Transportation,1780.51575,438
2022,CO2 from Biomass Combustion,0.0,1264
2022,Stationary Fuel Combustion,0.097156,1264
2022,On-site Transportation,10.743298,1264
2022,Fugitives (Flaring),37346.11598,79
2022,Fugitives (Leakage),461.70585,79
2022,Stationary Fuel Combustion,138207.8009,79
2022,On-site Transportation,6.612,79
2022,Fugitives (Venting),7507.80913,79
2022,Fugitives (Flaring),481.83518,397
2022,Fugitives (Leakage),1610.47192,397
2022,Stationary Fuel Combustion,54838.45157,397
2022,Fugitives (Venting),1871.75533,397
2022,Fugitives (Flaring),3529.29176,398
2022,Fugitives (Leakage),1006.21836,398
2022,Stationary Fuel Combustion,56063.44808,398
2022,Fugitives (Venting),2742.29851,398
2022,Stationary Fuel Combustion,69532.79316,101
2022,Industrial Process,51651.3393,101
2022,On-site Transportation,2852.5268,101
2022,Fugitives (Flaring),62475.81018,159
2022,Fugitives (Leakage),275.268,159
2022,Stationary Fuel Combustion,684781.4634,159
2022,Industrial Process,625.834733,159
2022,On-site Transportation,1189.19758,159
2022,Fugitives (Venting),25.772572,159
2022,Wastewater,1685.08088,159
2022,Fugitives (Leakage),59.8697,1367
2022,Stationary Fuel Combustion,24626.9259,1367
2022,Fugitives (Venting),2018.7162,1367
2022,Fugitives (Flaring),47.6901,171
2022,Fugitives (Leakage),6764.0,171
2022,Stationary Fuel Combustion,1025974.378,171
2022,On-site Transportation,33.9904,171
2022,Fugitives (Venting),72497.224,171
2022,Stationary Fuel Combustion,13733.474,824
2022,On-site Transportation,72.116315,824
2022,Fugitives (Flaring),317.59773,1246
2022,Fugitives (Leakage),790.13674,1246
2022,Stationary Fuel Combustion,30307.64165,1246
2022,Fugitives (Venting),7080.39488,1246
2022,Fugitives (Flaring),7061.61877,1248
2022,Fugitives (Leakage),12.66511,1248
2022,Stationary Fuel Combustion,3086.02885,1248
2022,Fugitives (Flaring),1103.77413,955
2022,Fugitives (Leakage),50.86984,955
2022,Stationary Fuel Combustion,22563.36977,955
2022,Fugitives (Venting),146.71424,955
2022,Fugitives (Flaring),20054.50173,1402
2022,Fugitives (Leakage),210.73765,1402
2022,Stationary Fuel Combustion,100.71494,1402
2022,Fugitives (Venting),176.562,1402
2022,Fugitives (Flaring),18133.38474,1549
2022,Fugitives (Leakage),183.17509,1549
2022,Stationary Fuel Combustion,8.71017,1549
2022,Fugitives (Flaring),14474.14128,2064
2022,Fugitives (Leakage),376.1124,2064
2022,Stationary Fuel Combustion,344.06952,2064
2022,Fugitives (Venting),38.97453,2064
2022,Fugitives (Flaring),13200.69613,1954
2022,Fugitives (Leakage),324.57952,1954
2022,Stationary Fuel Combustion,1470.97364,1954
2022,Fugitives (Flaring),13096.02194,2065
2022,Fugitives (Leakage),357.71002,2065
2022,Stationary Fuel Combustion,80.47216,2065
2022,Fugitives (Venting),4.19422,2065
2022,Fugitives (Flaring),2860.03539,1944
2022,Fugitives (Leakage),10.99782,1944
2022,Stationary Fuel Combustion,8656.58389,1944
2022,Fugitives (Venting),55.83885,1944
2022,Fugitives (Flaring),10633.92232,2048
2022,Fugitives (Leakage),341.00139,2048
2022,Stationary Fuel Combustion,191.07879,2048
2022,Fugitives (Venting),27.7986,2048
2022,Fugitives (Flaring),7889.23946,2033
2022,Fugitives (Leakage),1450.56985,2033
2022,Stationary Fuel Combustion,1871.83876,2033
2022,Fugitives (Flaring),248.83526,1988
2022,Fugitives (Leakage),2.38532,1988
2022,Stationary Fuel Combustion,5102.16367,1988
2022,Fugitives (Venting),9909.75069,1988
2022,Fugitives (Flaring),30527.49715,280
2022,Fugitives (Leakage),265.59321,280
2022,Stationary Fuel Combustion,57095.85378,280
2022,Fugitives (Venting),0.028,280
2022,Fugitives (Flaring),20166.10137,265
2022,Fugitives (Leakage),945.56582,265
2022,Stationary Fuel Combustion,24670.48607,265
2022,Fugitives (Venting),1672.0,265
2022,Fugitives (Flaring),69.77955,852
2022,Fugitives (Leakage),25.3383,852
2022,Stationary Fuel Combustion,15738.25763,852
2022,Fugitives (Venting),805.74802,852
2022,Fugitives (Flaring),301.68855,1335
2022,Fugitives (Leakage),1819.631,1335
2022,Stationary Fuel Combustion,30621.73382,1335
2022,Fugitives (Venting),5593.03167,1335
2022,Fugitives (Flaring),780.40556,59
2022,Fugitives (Leakage),2992.80923,59
2022,Stationary Fuel Combustion,490274.0051,59
2022,On-site Transportation,22.814,59
2022,Fugitives (Venting),39637.68326,59
2022,Fugitives (Flaring),7144.6472,1440
2022,Stationary Fuel Combustion,70276.10304,1440
2022,Fugitives (Flaring),73.15354,1336
2022,Fugitives (Leakage),1523.50544,1336
2022,Stationary Fuel Combustion,13690.60473,1336
2022,Fugitives (Venting),1989.4817,1336
2022,Fugitives (Leakage),308.92425,827
2022,Stationary Fuel Combustion,11264.17813,827
2022,Fugitives (Venting),689.69102,827
2022,Fugitives (Flaring),1084.28001,767
2022,Fugitives (Leakage),19.50089,767
2022,Stationary Fuel Combustion,18212.55474,767
2022,Fugitives (Venting),2492.95534,767
2022,Fugitives (Flaring),1841.48085,2050
2022,Fugitives (Leakage),4201.24391,2050
2022,Stationary Fuel Combustion,8128.72193,2050
2022,Fugitives (Venting),2184.16811,2050
2022,Fugitives (Leakage),75.62175,1337
2022,Stationary Fuel Combustion,15672.1526,1337
2022,Fugitives (Venting),445.42216,1337
2022,Fugitives (Flaring),320.65601,1548
2022,Fugitives (Leakage),35.56228,1548
2022,Stationary Fuel Combustion,8249.69955,1548
2022,Fugitives (Venting),3520.35097,1548
2022,Fugitives (Flaring),107.50779,1338
2022,Fugitives (Leakage),21.8421,1338
2022,Stationary Fuel Combustion,21447.11708,1338
2022,Fugitives (Venting),1516.56946,1338
2022,Fugitives (Flaring),5797.13638,976
2022,Fugitives (Leakage),127.8331,976
2022,Stationary Fuel Combustion,19990.5298,976
2022,Fugitives (Venting),10.05092,976
2022,Stationary Fuel Combustion,14802.5839,454
2022,Industrial Process,25.639745,454
2022,On-site Transportation,96.123977,454
2022,Stationary Fuel Combustion,15804.1316,1182
2022,Industrial Process,529.991085,1182
2022,On-site Transportation,24459.29252,1182
2022,Stationary Fuel Combustion,4345.561,628
2022,On-site Transportation,25729.935,628
2022,Fugitives (Flaring),7775.7346,599
2022,Fugitives (Leakage),3695.056,599
2022,Stationary Fuel Combustion,140177.6102,599
2022,Fugitives (Venting),1594.8934,599
2022,Stationary Fuel Combustion,1067.878,1347
2022,Stationary Fuel Combustion,1594.4069,583
2022,Stationary Fuel Combustion,57624.035,379
2022,Industrial Process,7.8779,379
2022,On-site Transportation,464.9291,379
2022,Wastewater,10.054,379
2022,Stationary Fuel Combustion,10696.035,860
2022,On-site Transportation,1972.84,860
2022,Stationary Fuel Combustion,53417.222,1541
2022,On-site Transportation,173.654,1541
2022,Stationary Fuel Combustion,49271.113,375
2022,Industrial Process,18193.6,375
2022,On-site Transportation,306.451,375
2022,CO2 from Biomass Combustion,0.0,1280
2022,Stationary Fuel Combustion,1.505592,1280
2022,On-site Transportation,16.679479,1280
2022,CO2 from Biomass Combustion,0.0,1593
2022,On-site Transportation,26.691616,1593
2022,CO2 from Biomass Combustion,0.0,1279
2022,On-site Transportation,28.330098,1279
2022,Stationary Fuel Combustion,0.252491,1428
2022,On-site Transportation,37.584494,1428
2022,Fugitives (Leakage),51435.35287,199
2022,Stationary Fuel Combustion,19055.84293,199
2022,Fugitives (Venting),4859.76589,199
2022,Fugitives (Flaring),7300.05799,225
2022,Fugitives (Leakage),15567.68953,225
2022,Stationary Fuel Combustion,90193.9803,225
2022,Fugitives (Venting),99171.74141,225
2022,Stationary Fuel Combustion,6264.1831,753
2022,Industrial Process,9656.122,753
2022,On-site Transportation,11.1926,753
2022,Stationary Fuel Combustion,104451.8177,133
2022,Industrial Process,82683.36001,133
2022,On-site Transportation,513.4032,133
2022,CO2 from Biomass Combustion,0.0,29
2022,Fugitives (Flaring),19628.167,29
2022,Fugitives (Leakage),366.0412,29
2022,Stationary Fuel Combustion,303714.4184,29
2022,On-site Transportation,285.9782,29
2022,Fugitives (Venting),159645.6912,29
2022,Wastewater,2138.0064,29
2022,CO2 from Biomass Combustion,0.0,942
2022,Fugitives (Flaring),13.58685,942
2022,Waste,45220.0,942
2022,CO2 from Biomass Combustion,0.0,1278
2022,On-site Transportation,2.251097,1278
2022,On-site Transportation,12.730366,1342
2022,CO2 from Biomass Combustion,0.0,1277
2022,On-site Transportation,8.238117,1277
2022,CO2 from Biomass Combustion,0.0,1276
2022,On-site Transportation,8.88254,1276
2022,On-site Transportation,10.638132,1592
2022,Fugitives (Flaring),15016.71,1392
2022,Fugitives (Leakage),944.2402,1392
2022,Stationary Fuel Combustion,159995.0131,1392
2022,Fugitives (Venting),319.9343,1392
2022,Fugitives (Flaring),1420.719456,991
2022,Fugitives (Leakage),2.442798,991
2022,Stationary Fuel Combustion,42472.01756,991
2022,Fugitives (Venting),69.949774,991
2022,Fugitives (Flaring),156.327438,1508
2022,Fugitives (Leakage),77.492951,1508
2022,Stationary Fuel Combustion,11816.36468,1508
2022,Fugitives (Venting),454.814471,1508
2022,Fugitives (Flaring),507.335354,890
2022,Fugitives (Leakage),271.977188,890
2022,Stationary Fuel Combustion,13551.53022,890
2022,Fugitives (Venting),307.382791,890
2022,Fugitives (Flaring),35213.06475,339
2022,Fugitives (Leakage),1089.314672,339
2022,Stationary Fuel Combustion,28728.07864,339
2022,Fugitives (Venting),27335.97781,339
2022,Fugitives (Leakage),16.75554,1071
2022,Stationary Fuel Combustion,4.70653,1071
2022,Industrial Process,35.96945,1071
2022,On-site Transportation,128.42889,1071
2022,Fugitives (Venting),26.57745,1071
2022,Stationary Fuel Combustion,10885.4827,1189
2022,CO2 from Biomass Combustion,0.0,14
2022,Stationary Fuel Combustion,20438.98,14
2022,Stationary Fuel Combustion,52129.7516,310
2022,On-site Transportation,2612.1521,310
2022,Wastewater,9.856,310
2022,Fugitives (Flaring),638.606,952
2022,Fugitives (Leakage),29.0774,952
2022,Stationary Fuel Combustion,12546.1113,952
2022,Fugitives (Venting),50.6152,952
2022,Fugitives (Flaring),3199.0599,1020
2022,Fugitives (Leakage),1134.5609,1020
2022,Stationary Fuel Combustion,26568.4436,1020
2022,Fugitives (Flaring),662.128,936
2022,Fugitives (Leakage),538.6072,936
2022,Stationary Fuel Combustion,16490.9216,936
2022,Fugitives (Venting),104.3438,936
2022,Fugitives (Flaring),750.7098,968
2022,Fugitives (Leakage),1939.7981,968
2022,Stationary Fuel Combustion,26157.5426,968
2022,Fugitives (Venting),101.4494,968
2022,Fugitives (Flaring),1246.0478,966
2022,Fugitives (Leakage),135.8144,966
2022,Stationary Fuel Combustion,18244.1741,966
2022,Fugitives (Venting),31.5738,966
2022,Fugitives (Flaring),1317.0147,954
2022,Fugitives (Leakage),109.5738,954
2022,Stationary Fuel Combustion,9331.4526,954
2022,Fugitives (Venting),18.2834,954
2022,Fugitives (Flaring),751.1393,937
2022,Fugitives (Leakage),508.0928,937
2022,Stationary Fuel Combustion,30345.5955,937
2022,Fugitives (Venting),102.4725,937
2022,Fugitives (Flaring),834.2971,970
2022,Fugitives (Leakage),291.8463,970
2022,Stationary Fuel Combustion,13660.9662,970
2022,Fugitives (Flaring),557.2513,1542
2022,Fugitives (Leakage),1276.9757,1542
2022,Stationary Fuel Combustion,22202.3011,1542
2022,Fugitives (Venting),147.3057,1542
2022,Fugitives (Flaring),4954.9466,994
2022,Fugitives (Leakage),2635.8599,994
2022,Stationary Fuel Combustion,179232.8605,994
2022,Fugitives (Venting),360.2187,994
2022,Stationary Fuel Combustion,13926.02,787
2022,Fugitives (Flaring),6455.5915,1543
2022,Fugitives (Leakage),1230.0112,1543
2022,Stationary Fuel Combustion,54894.0559,1543
2022,Fugitives (Venting),491.2118,1543
2022,Fugitives (Flaring),4604.4336,1444
2022,Fugitives (Leakage),507.3923,1444
2022,Stationary Fuel Combustion,60520.3077,1444
2022,Fugitives (Venting),725.6538,1444
2022,Fugitives (Flaring),1236.5973,927
2022,Fugitives (Leakage),273.68,927
2022,Stationary Fuel Combustion,16879.8842,927
2022,Fugitives (Venting),0.3839,927
2022,Fugitives (Flaring),453.142,953
2022,Fugitives (Leakage),613.0217,953
2022,Stationary Fuel Combustion,11999.2407,953
2022,Fugitives (Flaring),1377.2386,1259
2022,Fugitives (Leakage),264.6476,1259
2022,Stationary Fuel Combustion,10075.4075,1259
2022,Fugitives (Flaring),755.96973,2032
2022,Stationary Fuel Combustion,18360.77292,2032
2022,Stationary Fuel Combustion,95302.29448,577
2022,Stationary Fuel Combustion,31729.60439,1313
2022,Stationary Fuel Combustion,58897.43394,1314
2022,Stationary Fuel Combustion,51253.609,908
2022,Stationary Fuel Combustion,10681.11303,612
2022,Stationary Fuel Combustion,10419.11651,1164
2022,CO2 from Biomass Combustion,0.0,815
2022,Waste,30753.38,815
2022,CO2 from Biomass Combustion,0.0,283
2022,Waste,191086.5284,283
2022,CO2 from Biomass Combustion,0.0,251
2022,Stationary Fuel Combustion,10.32775,251
2022,Waste,16158.8,251
2022,Waste,36242.1332,1456
2022,Stationary Fuel Combustion,23292.33,1125
2022,On-site Transportation,124.313,1125
2022,CO2 from Biomass Combustion,0.0,588
2022,Stationary Fuel Combustion,172.12206,588
2022,On-site Transportation,499.916272,588
2022,Waste,34672.0392,588
2022,Stationary Fuel Combustion,28914.52,717
2022,On-site Transportation,108.6622,717
2022,Stationary Fuel Combustion,16963.736,1232
2022,Stationary Fuel Combustion,7450.85,1386
2022,On-site Transportation,2563.0,1386
2022,CO2 from Biomass Combustion,0.0,1518
2022,Waste,17965.36,1518
2022,Stationary Fuel Combustion,15227.585,770
2022,On-site Transportation,327.456,770
2022,Stationary Fuel Combustion,33159.178,851
2022,On-site Transportation,171.893,851
2022,Stationary Fuel Combustion,11177.15097,712
2022,On-site Transportation,125.96782,712
2022,Stationary Fuel Combustion,26524.442,2014
2022,Industrial Process,498.237,2014
2022,On-site Transportation,2707.929,2014
2022,Waste,18793.32,418
2022,Stationary Fuel Combustion,12651.586,786
2022,On-site Transportation,157.099,786
2022,Waste,110.137,786
2022,Wastewater,60.685,786
2022,Stationary Fuel Combustion,14680.82,1138
2022,On-site Transportation,164.71,1138
2022,Stationary Fuel Combustion,17455.64,1393
2022,On-site Transportation,1.12,1393
2022,Stationary Fuel Combustion,19325.6139,687
2022,Stationary Fuel Combustion,17422.59423,894
2022,Fugitives (Venting),274.56231,894
2022,Stationary Fuel Combustion,11158.20431,2030
2022,Fugitives (Venting),53.72594,2030
2022,Stationary Fuel Combustion,10133.36359,1932
2022,Fugitives (Venting),555.72719,1932
2022,Fugitives (Leakage),63.83973,1198
2022,Stationary Fuel Combustion,13130.03301,1198
2022,Fugitives (Venting),1747.76783,1198
2022,Fugitives (Flaring),67.49256,893
2022,Fugitives (Leakage),482.63269,893
2022,Stationary Fuel Combustion,16637.17199,893
2022,Fugitives (Venting),274.57327,893
2022,Fugitives (Flaring),83.13711,701
2022,Fugitives (Leakage),356.35423,701
2022,Stationary Fuel Combustion,38063.89599,701
2022,Fugitives (Venting),201.01054,701
2022,Fugitives (Leakage),171.82265,2057
2022,Stationary Fuel Combustion,9786.65562,2057
2022,Fugitives (Venting),1392.39899,2057
2022,Fugitives (Leakage),165.36802,1507
2022,Stationary Fuel Combustion,10970.3559,1507
2022,Fugitives (Venting),17.10235,1507
2022,Fugitives (Flaring),52.51815,1900
2022,Fugitives (Leakage),511.90071,1900
2022,Stationary Fuel Combustion,10858.47376,1900
2022,Fugitives (Venting),17.64687,1900
2022,Fugitives (Flaring),44.02706,1499
2022,Stationary Fuel Combustion,14967.59887,1499
2022,Fugitives (Venting),397.71837,1499
2022,Fugitives (Flaring),2.5848,1981
2022,Stationary Fuel Combustion,11863.22406,1981
2022,Fugitives (Venting),196.21875,1981
2022,Fugitives (Flaring),4.91391,2073
2022,Stationary Fuel Combustion,10151.15759,2073
2022,CO2 from Biomass Combustion,0.0,598
2022,Stationary Fuel Combustion,7300.19,598
2022,On-site Transportation,721.617,598
2022,Stationary Fuel Combustion,9885.52042,2072
2022,Fugitives (Venting),189.4337,2072
2022,Fugitives (Flaring),29.27603,2082
2022,Stationary Fuel Combustion,10764.90835,2082
2022,Fugitives (Venting),875.95992,2082
2022,Stationary Fuel Combustion,12525.82795,2086
2022,Fugitives (Venting),1423.44155,2086
2022,Stationary Fuel Combustion,10665.58895,1977
2022,Fugitives (Venting),208.23396,1977
2022,Fugitives (Flaring),2.32646,1978
2022,Stationary Fuel Combustion,11150.9778,1978
2022,Fugitives (Venting),20.3223,1978
2022,Stationary Fuel Combustion,10326.32811,2075
2022,Fugitives (Venting),146.09965,2075
2022,Stationary Fuel Combustion,1758.276,1885
2022,On-site Transportation,33.288,1885
2022,Fugitives (Flaring),2274.7815,1990
2022,Fugitives (Leakage),646.44427,1990
2022,Stationary Fuel Combustion,17402.38054,1990
2022,Fugitives (Venting),530.75967,1990
2022,CO2 from Biomass Combustion,0.0,667
2022,Stationary Fuel Combustion,16023.7362,667
2022,Fugitives (Leakage),283.010537,1936
2022,Stationary Fuel Combustion,17462.84779,1936
2022,Stationary Fuel Combustion,3864.042,1640
2022,On-site Transportation,12490.538,1640
2022,Fugitives (Leakage),367.823033,1427
2022,Stationary Fuel Combustion,31035.70964,1427
2022,Fugitives (Leakage),252.975928,1938
2022,Stationary Fuel Combustion,14166.98034,1938
2022,Fugitives (Leakage),230.400708,1937
2022,Stationary Fuel Combustion,13226.9316,1937
2022,CO2 from Biomass Combustion,0.0,529
2022,Stationary Fuel Combustion,1.14102,529
2022,On-site Transportation,16.134064,529
2022,Waste,60169.48,529
2022,Fugitives (Flaring),1449.402982,539
2022,Fugitives (Leakage),10.749922,539
2022,Stationary Fuel Combustion,16831.579,539
2022,Fugitives (Venting),17.7306,539
2022,Fugitives (Flaring),1346.4018,1111
2022,Fugitives (Leakage),34.4583,1111
2022,Stationary Fuel Combustion,32799.9426,1111
2022,Fugitives (Venting),7199.9214,1111
2022,Fugitives (Flaring),745.135114,540
2022,Fugitives (Leakage),113.332121,540
2022,Stationary Fuel Combustion,31522.68202,540
2022,Fugitives (Venting),84.22731,540
2022,Fugitives (Flaring),418.8414,541
2022,Fugitives (Leakage),27.911,541
2022,Stationary Fuel Combustion,16556.2431,541
2022,Fugitives (Venting),3899.9137,541
2022,On-site Transportation,152.635,1520
2022,Waste,16657.48,1520
2022,Stationary Fuel Combustion,867.89305,1209
2022,Industrial Process,4333.255,1209
2022,Stationary Fuel Combustion,1499.08012,1515
2022,Industrial Process,172.77,1515
2022,CO2 from Biomass Combustion,0.0,1238
2022,Stationary Fuel Combustion,19.1857,1238
2022,On-site Transportation,125.6215,1238
2022,Waste,24856.9499,1238
2022,Stationary Fuel Combustion,7991.30035,509
2022,Industrial Process,4187.9683,509
2022,On-site Transportation,80698.4041,509
2022,Stationary Fuel Combustion,11430.984,600
2022,On-site Transportation,9844.821,600
2022,Stationary Fuel Combustion,21468.422,250
2022,On-site Transportation,93.172,250
2022,Stationary Fuel Combustion,30754.1691,1346
2022,On-site Transportation,2197.9541,1346
2022,Stationary Fuel Combustion,37808.22,823
2022,On-site Transportation,77.9167,823
2022,Stationary Fuel Combustion,7562.211,1260
2022,On-site Transportation,6.784,1260
2022,Stationary Fuel Combustion,11029.943,1413
2022,On-site Transportation,89.35,1413
2022,Stationary Fuel Combustion,49693.5,1217
2022,On-site Transportation,260.97334,1217
2022,On-site Transportation,0.0003,1556
2022,Stationary Fuel Combustion,0.265404,611
2022,On-site Transportation,0.0014,611
2022,Stationary Fuel Combustion,0.156692,1056
2022,On-site Transportation,0.004628,1056
2022,CO2 from Biomass Combustion,0.0,790
2022,Stationary Fuel Combustion,10051.41507,790
2022,On-site Transportation,2016.99857,790
2022,Stationary Fuel Combustion,12755.64214,750
2022,Industrial Process,11.52,750
2022,On-site Transportation,60.805002,750
2022,Stationary Fuel Combustion,12392.0203,1559
2022,Stationary Fuel Combustion,17.3502,1128
2022,On-site Transportation,119.0319,1128
2022,Waste,17997.0679,1128
2022,Stationary Fuel Combustion,16990.226,733
2022,Industrial Process,572.0,733
2022,On-site Transportation,47.2363,733
2022,Fugitives (Flaring),0.2312,784
2022,Fugitives (Leakage),168.0,784
2022,Stationary Fuel Combustion,14719.02,784
2022,Industrial Process,0.7694,784
2022,On-site Transportation,9.79171,784
2022,Fugitives (Venting),5976.0,784
2022,Stationary Fuel Combustion,24464.69,1483
2022,Stationary Fuel Combustion,20627.6,1173
2022,On-site Transportation,91.13,1173
2022,Stationary Fuel Combustion,16914.87,1172
2022,Stationary Fuel Combustion,27330.15,1171
2022,On-site Transportation,36.11,1171
2022,Stationary Fuel Combustion,20663.101,71
2022,On-site Transportation,431.948,71
2022,Waste,7340.48,71
2022,Stationary Fuel Combustion,33643.62449,1231
2022,On-site Transportation,183.083873,1231
2022,Fugitives (Flaring),53.8417,846
2022,Fugitives (Leakage),146.803,846
2022,Stationary Fuel Combustion,21528.4885,846
2022,Fugitives (Venting),439.0536,846
2022,Stationary Fuel Combustion,11061.55201,1304
2022,Industrial Process,493.993,1304
2022,On-site Transportation,22.529863,1304
2022,Stationary Fuel Combustion,12595.77,1387
2022,On-site Transportation,39.24826,1387
2022,Fugitives (Flaring),2011.79855,977
2022,Fugitives (Leakage),67.27184,977
2022,Stationary Fuel Combustion,55721.55064,977
2022,Fugitives (Venting),140.19276,977
2022,Fugitives (Flaring),8601.08626,1001
2022,Fugitives (Leakage),237.77625,1001
2022,Stationary Fuel Combustion,62548.71972,1001
2022,Fugitives (Venting),230.33225,1001
2022,Fugitives (Flaring),1634.52267,1461
2022,Fugitives (Leakage),23.65596,1461
2022,Stationary Fuel Combustion,50523.05846,1461
2022,Fugitives (Venting),22.68677,1461
2022,Fugitives (Flaring),7676.96748,543
2022,Stationary Fuel Combustion,39925.21407,543
2022,Fugitives (Venting),1175.06837,543
2022,Fugitives (Flaring),472.6265,117
2022,Fugitives (Leakage),54.796,117
2022,Stationary Fuel Combustion,63689.6517,117
2022,Industrial Process,40813.144,117
2022,Wastewater,537.9954,117
2022,Stationary Fuel Combustion,584397.0166,44
2022,Industrial Process,111974.051,44
2022,On-site Transportation,129661.39,44
2022,CO2 from Biomass Combustion,0.0,653
2022,Stationary Fuel Combustion,32566.9038,653
2022,On-site Transportation,43.635951,653
2022,Stationary Fuel Combustion,12841.892,1396
2022,On-site Transportation,48.85585,1396
2022,Stationary Fuel Combustion,30744.338,825
2022,On-site Transportation,160.92951,825
2022,Wastewater,695.89,825
2022,Stationary Fuel Combustion,9705.2592,1215
2022,On-site Transportation,5.53352,1215
2022,Stationary Fuel Combustion,33708.3552,1013
2022,Industrial Process,3.09895,1013
2022,On-site Transportation,78.3671,1013
2022,Fugitives (Venting),13.6078,1013
2022,CO2 from Biomass Combustion,0.0,320
2022,Stationary Fuel Combustion,6.21817,320
2022,On-site Transportation,1201.12963,320
2022,Waste,68922.9295,320
2022,CO2 from Biomass Combustion,0.0,714
2022,Stationary Fuel Combustion,21306.808,714
2022,On-site Transportation,1963.401,714
2022,Fugitives (Venting),7.425,714
2022,Waste,3572.492,714
2022,Stationary Fuel Combustion,27740.64,1219
2022,On-site Transportation,42.50282,1219
2022,Stationary Fuel Combustion,31924.99,1216
2022,On-site Transportation,96.45435,1216
2022,Stationary Fuel Combustion,15588.73,1553
2022,On-site Transportation,25.48712,1553
2022,Stationary Fuel Combustion,24081.0,1218
2022,On-site Transportation,78.66076,1218
2022,Stationary Fuel Combustion,16673.063,1408
2022,On-site Transportation,136.3562,1408
2022,Stationary Fuel Combustion,14293.962,1214
2022,On-site Transportation,95.52343,1214
2022,CO2 from Biomass Combustion,0.0,235
2022,Stationary Fuel Combustion,22219.437,235
2022,On-site Transportation,893.075,235
2022,Wastewater,826.27,235
2022,Fugitives (Leakage),223.4988,100
2022,Stationary Fuel Combustion,8738401.505,100
2022,On-site Transportation,307.6019,100
2022,Fugitives (Venting),108.9424,100
2022,Wastewater,56.9716,100
2022,Stationary Fuel Combustion,20324.361,1140
2022,CO2 from Biomass Combustion,0.0,1159
2022,Fugitives (Flaring),5.1575,1159
2022,Waste,54572.0,1159
2022,Stationary Fuel Combustion,1956.85559,155
2022,Stationary Fuel Combustion,3799.89285,228
2022,Stationary Fuel Combustion,15191.47,1067
2022,On-site Transportation,116.5225,1067
2022,Stationary Fuel Combustion,32286.39,1222
2022,On-site Transportation,195.54304,1222
2022,CO2 from Biomass Combustion,0.0,1221
2022,Stationary Fuel Combustion,11792.25,1221
2022,On-site Transportation,177.99615,1221
2022,Industrial Process,331.481241,616
2022,On-site Transportation,371.423726,616
2022,Industrial Process,1794.053469,614
2022,On-site Transportation,1315.176165,614
2022,Fugitives (Flaring),11385.8421,1945
2022,Fugitives (Leakage),172.6359,1945
2022,Stationary Fuel Combustion,2653.8165,1945
2022,Fugitives (Venting),437.7777,1945
2022,Industrial Process,3413.436247,613
2022,On-site Transportation,815.89775,613
2022,Fugitives (Flaring),11485.1793,1482
2022,Fugitives (Leakage),96.6777,1482
2022,Stationary Fuel Combustion,569.7366,1482
2022,Fugitives (Venting),701.8789,1482
2022,Stationary Fuel Combustion,11611.671,1167
2022,On-site Transportation,11.2334,1167
2022,Industrial Process,173.953557,618
2022,On-site Transportation,168.788583,618
2022,Industrial Process,1569.777622,617
2022,On-site Transportation,763.578864,617
2022,Stationary Fuel Combustion,292.42415,619
2022,On-site Transportation,695.252319,619
2022,Stationary Fuel Combustion,244.007168,620
2022,On-site Transportation,4783.319817,620
2022,Industrial Process,577.779724,785
2022,On-site Transportation,481.799526,785
2022,Industrial Process,790.352583,1887
2022,On-site Transportation,764.106538,1887
2022,CO2 from Biomass Combustion,0.0,1398
2022,Stationary Fuel Combustion,11707.626,1398
2022,On-site Transportation,106.9009,1398
2022,Stationary Fuel Combustion,3698.04,433
2022,CO2 from Biomass Combustion,0.0,440
2022,Stationary Fuel Combustion,26855.472,440
2022,Industrial Process,16216.88,440
2022,On-site Transportation,828.486,440
2022,Stationary Fuel Combustion,18148.361,1339
2022,Stationary Fuel Combustion,44085.4042,609
2022,On-site Transportation,516.9079,609
2022,Stationary Fuel Combustion,13879.5198,1100
2022,Fugitives (Venting),436.7919,1100
2022,Fugitives (Flaring),258.9296,1966
2022,Fugitives (Leakage),121.1486,1966
2022,Stationary Fuel Combustion,10450.5738,1966
2022,Fugitives (Venting),326.9248,1966
2022,Fugitives (Flaring),1224.0062,1102
2022,Fugitives (Leakage),52.2396,1102
2022,Stationary Fuel Combustion,26718.6417,1102
2022,Fugitives (Venting),623.0625,1102
2022,Fugitives (Leakage),31.1636,1249
2022,Stationary Fuel Combustion,38005.557,1249
2022,Fugitives (Venting),1949.6642,1249
2022,Fugitives (Flaring),84.2563,1098
2022,Fugitives (Leakage),21.3427,1098
2022,Stationary Fuel Combustion,19470.5761,1098
2022,Fugitives (Venting),1609.1709,1098
2022,Fugitives (Leakage),75.1289,1097
2022,Stationary Fuel Combustion,13155.5116,1097
2022,Fugitives (Venting),483.7847,1097
2022,Fugitives (Flaring),4.833,1895
2022,Fugitives (Leakage),5.6496,1895
2022,Stationary Fuel Combustion,22550.6096,1895
2022,Fugitives (Venting),157.5202,1895
2022,Stationary Fuel Combustion,5934.0398,1903
2022,Fugitives (Venting),4640.1791,1903
2022,Stationary Fuel Combustion,10975.3992,1611
2022,Fugitives (Venting),326.6916,1611
2022,Stationary Fuel Combustion,11950.9525,1099
2022,Fugitives (Venting),9415.5724,1099
2022,Fugitives (Leakage),7.7843,1101
2022,Stationary Fuel Combustion,13810.1441,1101
2022,Fugitives (Venting),4366.8363,1101
2022,Fugitives (Flaring),139.708,921
2022,Stationary Fuel Combustion,24482.6209,921
2022,Fugitives (Venting),159.4236,921
2022,Stationary Fuel Combustion,7710.2564,1904
2022,Fugitives (Venting),2292.7585,1904
2022,Fugitives (Flaring),559.1042,1103
2022,Stationary Fuel Combustion,37562.2099,1103
2022,Fugitives (Venting),1601.6381,1103
2022,Stationary Fuel Combustion,706467.0966,1354
2022,Stationary Fuel Combustion,527017.0484,66
2022,Fugitives (Leakage),0.453592,520
2022,Stationary Fuel Combustion,766.643816,520
2022,Fugitives (Leakage),1.364,528
2022,Stationary Fuel Combustion,28846.87287,528
2022,Fugitives (Leakage),1.088621,508
2022,Stationary Fuel Combustion,121310.3854,508
2022,Stationary Fuel Combustion,179266.4667,451
2022,Stationary Fuel Combustion,1235995.386,179
2022,Fugitives (Leakage),1282.126905,205
2022,Stationary Fuel Combustion,1770171.617,205
2022,Fugitives (Leakage),2856.870653,174
2022,Stationary Fuel Combustion,3694148.511,174
2022,Fugitives (Leakage),3191.033916,19
2022,Stationary Fuel Combustion,3708824.467,19
2022,Stationary Fuel Combustion,393.15,1586
2022,On-site Transportation,7.03,1586
2022,Stationary Fuel Combustion,7860.44012,683
2022,On-site Transportation,5.02852,683
2022,Stationary Fuel Combustion,292.04,1587
2022,On-site Transportation,34.29,1587
2022,CO2 from Biomass Combustion,0.0,385
2022,Stationary Fuel Combustion,28.23649,385
2022,On-site Transportation,529.309,385
2022,Waste,60622.65,385
2022,Fugitives (Flaring),81.376707,1573
2022,Stationary Fuel Combustion,19779.71267,741
2022,Industrial Process,2856.6856,741
2022,On-site Transportation,289.111049,741
2022,CO2 from Biomass Combustion,0.0,808
2022,Stationary Fuel Combustion,14706.497,808
2022,Industrial Process,14714.497,808
2022,CO2 from Biomass Combustion,0.0,1287
2022,Stationary Fuel Combustion,164.64064,1287
2022,On-site Transportation,352.366,1287
2022,Waste,15172.62389,1287
2022,Waste,27241.2,1467
2022,CO2 from Biomass Combustion,0.0,263
2022,Stationary Fuel Combustion,62239.36,263
2022,On-site Transportation,33.274685,263
2022,Stationary Fuel Combustion,11247.669,111
2022,On-site Transportation,106.12092,111
2022,Stationary Fuel Combustion,14745.448,1911
2022,CO2 from Biomass Combustion,0.0,615
2022,Stationary Fuel Combustion,19983.3229,615
2022,On-site Transportation,421.8877,615
2022,Fugitives (Flaring),6064.3735,424
2022,Fugitives (Leakage),104.104,424
2022,Stationary Fuel Combustion,5278.8263,424
2022,Fugitives (Leakage),304.5,37
2022,Stationary Fuel Combustion,118548.19,37
2022,Industrial Process,59230.102,37
2022,On-site Transportation,42.6261,37
2022,Fugitives (Venting),64.68,37
2022,Fugitives (Leakage),89449.46489,247
2022,Stationary Fuel Combustion,4331.707099,247
2022,Industrial Process,1.43,247
2022,On-site Transportation,135.96257,247
2022,Stationary Fuel Combustion,13566.253,796
2022,On-site Transportation,290.3775,796
2022,Fugitives (Flaring),36524.01,181
2022,Fugitives (Leakage),235.788,181
2022,Stationary Fuel Combustion,867570.585,181
2022,Fugitives (Venting),229630.89,181
2022,Wastewater,408.52,181
2022,CO2 from Biomass Combustion,0.0,1194
2022,On-site Transportation,483.8658,1194
2022,Waste,10876.1996,1194
2022,Stationary Fuel Combustion,9528.2431,1554
2022,On-site Transportation,48.7359,1554
2022,Stationary Fuel Combustion,456.0192,1884
2022,CO2 from Biomass Combustion,0.0,28
2022,Stationary Fuel Combustion,78805.7438,28
2022,Industrial Process,105390.3695,28
2022,On-site Transportation,1178.2495,28
2022,CO2 from Biomass Combustion,0.0,1239
2022,Stationary Fuel Combustion,8.22087,1239
2022,On-site Transportation,563.2884,1239
2022,Waste,58033.6408,1239
2022,Fugitives (Flaring),3494.9007,1350
2022,Fugitives (Leakage),46531.5055,1350
2022,Stationary Fuel Combustion,336060.0387,1350
2022,Fugitives (Venting),102844.451,1350
2022,Fugitives (Leakage),393171.2667,1351
2022,Stationary Fuel Combustion,24198.3034,1351
2022,Fugitives (Venting),11688.8243,1351
2022,Stationary Fuel Combustion,9212.114,762
2022,On-site Transportation,21.7703,762
2022,Stationary Fuel Combustion,3441.833953,1374
2022,Industrial Process,26588.48339,1374
2022,On-site Transportation,7.471499,1374
2022,Stationary Fuel Combustion,11624.3931,1613
2022,Industrial Process,12875.359,1200
2022,Stationary Fuel Combustion,16852.0678,812
2022,On-site Transportation,32.466362,812
2022,Stationary Fuel Combustion,33882.88,811
2022,On-site Transportation,150.183,811
2022,Stationary Fuel Combustion,17872.22747,1341
2022,CO2 from Biomass Combustion,0.0,593
2022,Stationary Fuel Combustion,40176.91317,593
2022,On-site Transportation,10.597395,593
2022,Fugitives (Flaring),6755.275,121
2022,Fugitives (Leakage),0.1456,121
2022,Stationary Fuel Combustion,106811.9758,121
2022,On-site Transportation,124.8993,121
2022,Fugitives (Flaring),13706.48405,1368
2022,Fugitives (Leakage),0.64552,1368
2022,Stationary Fuel Combustion,7930.89496,1368
2022,Fugitives (Flaring),321.42328,1061
2022,Stationary Fuel Combustion,17952.88506,1061
2022,Fugitives (Venting),1634.33897,1061
2022,Fugitives (Flaring),728.69609,1530
2022,Fugitives (Leakage),26.63836,1530
2022,Stationary Fuel Combustion,41103.07331,1530
2022,Fugitives (Venting),511.32753,1530
2022,Fugitives (Flaring),202.21351,1916
2022,Fugitives (Leakage),35.7644,1916
2022,Stationary Fuel Combustion,11816.3662,1916
2022,Fugitives (Venting),1493.16391,1916
2022,Fugitives (Flaring),90.24676,1926
2022,Fugitives (Leakage),29.358,1926
2022,Stationary Fuel Combustion,14093.92474,1926
2022,Fugitives (Venting),1795.15195,1926
2022,Stationary Fuel Combustion,11020.842,805
2022,Industrial Process,1.96,805
2022,On-site Transportation,123.855,805
2022,Wastewater,144.874,805
2022,On-site Transportation,409.195,1389
2022,Waste,12573.701,1389
2022,Stationary Fuel Combustion,942903.7508,226
2022,On-site Transportation,274.622878,226
2022,Stationary Fuel Combustion,2108278.375,139
2022,Industrial Process,2364.1,139
2022,On-site Transportation,854.084011,139
2022,Stationary Fuel Combustion,612727.1134,173
2022,Industrial Process,157.45,173
2022,On-site Transportation,36.329422,173
2022,Stationary Fuel Combustion,978708.3502,172
2022,On-site Transportation,634.041191,172
2022,Stationary Fuel Combustion,33734.153,1156
2022,Stationary Fuel Combustion,20162.9288,1560
2022,Stationary Fuel Combustion,1972.8085,416
2022,On-site Transportation,32.7108,416
2022,Fugitives (Flaring),162.505,76
2022,Stationary Fuel Combustion,23754.12,76
2022,Industrial Process,1172.7562,76
2022,On-site Transportation,160.237,76
2022,Fugitives (Venting),25.31,76
2022,Waste,11486.0,1230
2022,Stationary Fuel Combustion,1003.251,2024
2022,Fugitives (Flaring),9827.110255,821
2022,Stationary Fuel Combustion,5833.88088,821
2022,Wastewater,5043.3,821
2022,CO2 from Biomass Combustion,0.0,1312
2022,Stationary Fuel Combustion,20192.1,1312
2022,On-site Transportation,588.556,1312
2022,Stationary Fuel Combustion,51370.3403,361
2022,Industrial Process,0.436,361
2022,On-site Transportation,221.728,361
2022,Wastewater,40.472,361
2022,Industrial Process,10800.753,772
2022,Stationary Fuel Combustion,2462.179,505
2022,On-site Transportation,76.093,505
2022,Stationary Fuel Combustion,14068.4521,1563
2022,Stationary Fuel Combustion,35844.231,778
2022,On-site Transportation,237.4341,778
2022,CO2 from Biomass Combustion,0.0,1110
2022,On-site Transportation,418.21,1110
2022,Waste,65665.3,1110
2022,Stationary Fuel Combustion,10600.711,1615
2022,On-site Transportation,1167.401,1615
2022,Stationary Fuel Combustion,10189.5982,1506
2022,Stationary Fuel Combustion,32725.5437,1175
2022,Stationary Fuel Combustion,16683.0161,641
2022,Industrial Process,5.7378,641
2022,On-site Transportation,8324.1104,641
2022,Waste,132.93,641
2022,Wastewater,61.7235,641
2022,Stationary Fuel Combustion,22530.1431,634
2022,Industrial Process,115.1837,634
2022,On-site Transportation,2591.2613,634
2022,Waste,1387.0546,634
2022,Wastewater,46.9944,634
2022,Stationary Fuel Combustion,18314.3839,640
2022,Industrial Process,0.5978,640
2022,On-site Transportation,2032.5941,640
2022,Waste,125.58,640
2022,Wastewater,33.4146,640
2022,CO2 from Biomass Combustion,0.0,624
2022,Stationary Fuel Combustion,10594.601,624
2022,Stationary Fuel Combustion,21544.316,1224
2022,Stationary Fuel Combustion,19472.55341,477
2022,Industrial Process,3267.663371,477
2022,On-site Transportation,172130.7652,477
2022,Fugitives (Leakage),22188.23,518
2022,Stationary Fuel Combustion,2156.04,518
2022,Fugitives (Venting),7639.45,518
2022,Stationary Fuel Combustion,31167.85,758
2022,Industrial Process,155.195,758
2022,Stationary Fuel Combustion,30370.152,669
2022,On-site Transportation,854.027,669
2022,Stationary Fuel Combustion,13777.32,1410
2022,Fugitives (Venting),2914.0,1410
2022,Fugitives (Flaring),2336.4701,1399
2022,Fugitives (Leakage),61.6,1399
2022,Stationary Fuel Combustion,13894.77,1399
2022,Fugitives (Venting),4903.0,1399
2022,Fugitives (Flaring),5.4269,1388
2022,Stationary Fuel Combustion,15641.21,1388
2022,Fugitives (Venting),2690.0,1388
2022,Stationary Fuel Combustion,49983.234,1969
2022,On-site Transportation,2638.742,1969
2022,CO2 from Biomass Combustion,0.0,1003
2022,Stationary Fuel Combustion,16840.2,1003
2022,On-site Transportation,602.7,1003
2022,Stationary Fuel Combustion,49582.1672,562
2022,Industrial Process,64.564201,562
2022,On-site Transportation,209.69293,562
2022,Stationary Fuel Combustion,820334.2753,527
2022,Stationary Fuel Combustion,55460.7382,491
2022,Stationary Fuel Combustion,19864.3087,743
2022,On-site Transportation,21.14156,743
2022,On-site Transportation,21482.137,1141
